deviant_position,channel_matlab,time_ms,rep1_mean_smoothed,rep1_sem_smoothed,rep15_mean_smoothed,rep15_sem_smoothed,raw_rep1_minus_rep15,raw_paired_t,cluster_p_corrected,cluster_significant
1,27,0,0.0001217776952183891,0.16979037235691033,-0.08692191060594397,0.15190366985886716,0.1200863952573803,0.5300301410784352,1.0,False
1,27,1,-0.007605373153619322,0.17097417092532755,-0.07759007948236635,0.15068079118300898,0.11354774993630351,0.47496765337732566,1.0,False
1,27,2,-0.021721545107949193,0.17353034848687876,-0.06096897882874093,0.14986610273985712,0.06876899438287197,0.2788810349945396,1.0,False
1,27,3,-0.03904225355515589,0.1772408707431712,-0.041254940496490665,0.15111560649614653,-0.003418834189713025,-0.01365629031841582,1.0,False
1,27,4,-0.054393189086337265,0.181550258854756,-0.024006832556375386,0.15478910835325418,-0.07425202854389826,-0.29499381461467694,1.0,False
1,27,5,-0.06176096418564749,0.18610407229514744,-0.014248908895640656,0.16004225234637579,-0.1151458407901395,-0.45793061001196594,1.0,False
1,27,6,-0.05668691933815149,0.19080973585827832,-0.014678688716575908,0.16563110469517534,-0.10913626878558141,-0.43282616869835183,1.0,False
1,27,7,-0.038607665414342816,0.1955018422572804,-0.025193907897879064,0.17045103768184391,-0.056961686066648504,-0.2229511519588949,1.0,False
1,27,8,-0.01147282050298034,0.19976973296615416,-0.04366993892074413,0.17368344414841574,0.02158715807937135,0.0832300753291578,1.0,False
1,27,9,0.018234854816557063,0.20305345824518564,-0.0667804358283923,0.17486456985703255,0.10087008924705888,0.3858598726588907,1.0,False
1,27,10,0.04574076846106429,0.2048059007376033,-0.08951236701652475,0.17400682150468766,0.1652151297115731,0.6327009500027196,1.0,False
1,27,11,0.07326163166889589,0.20463122568852113,-0.10294863115964413,0.17171333738434408,0.21021585423574776,0.809497969440537,1.0,False
1,27,12,0.11437113285956416,0.20244935081988535,-0.09160043339320079,0.16920946909032594,0.23478747733147567,0.9047224087135874,1.0,False
1,27,13,0.19439316429842207,0.19898288034002456,-0.03328921462232055,0.1682890544542236,0.23803204159960314,0.9132765185033046,1.0,False
1,27,14,0.34311847176403915,0.19712328003652144,0.09509605476703689,0.17137367504907539,0.22688103464983522,0.8742664285564035,1.0,False
1,27,15,0.5783522942652207,0.20305550288713875,0.3050380641092315,0.181402171031688,0.2269118678986308,0.8887285755892452,1.0,False
1,27,16,0.8852641231078768,0.22197099571970805,0.5811012971427871,0.1997510188793381,0.27251379526298897,1.0565434734919894,1.0,False
1,27,17,1.203903508102812,0.24861619125862233,0.87190073828391,0.22217422070342696,0.3660469541123853,1.2941664071902648,1.0,False
1,27,18,1.4378902006647267,0.2669701183241722,1.096644890364396,0.23815852686697928,0.44933753014064537,1.383656119067862,1.0,False
1,27,19,1.486235566531773,0.26207245332027057,1.169401090502012,0.23690985588825966,0.44501824708099313,1.2639555993217548,1.0,False
1,27,20,1.283309688655394,0.23362231743470696,1.0313502247927213,0.2166058482124202,0.33759050735687796,0.9918461847440588,1.0,False
1,27,21,0.8236560802688778,0.2066867497457488,0.6734057290077438,0.19235397438149474,0.1863711799642811,0.6139051688873105,1.0,False
1,27,22,0.15793374749791536,0.22194949244040596,0.13575149246288715,0.19287800132730853,0.043929526145448476,0.1509093056174629,1.0,False
1,27,23,-0.6335902605519335,0.2809691963857396,-0.5141524877454092,0.2286742604514579,-0.10285280447168235,-0.3250859075208672,1.0,False
1,27,24,-1.4703558988862702,0.35110505142291865,-1.2093561367394634,0.2804746391114055,-0.2800723856775184,-0.8283864750131986,1.0,False
1,27,25,-2.287415535756175,0.41190799353286595,-1.8996864918881853,0.3302530428301758,-0.4590698963953176,-1.3336802227853104,1.0,False
1,27,26,-3.035558370103329,0.45757479409928037,-2.550736231171236,0.37040214887396455,-0.5894934325366511,-1.6552733711774192,1.0,False
1,27,27,-3.6745997696470862,0.4878569211658769,-3.1335175894590095,0.3983017069600252,-0.6542015391596586,-1.7327183360568041,1.0,False
1,27,28,-4.17038225225459,0.502682681753301,-3.617267250947057,0.41239581813374315,-0.6546275911776115,-1.6590799527571896,1.0,False
1,27,29,-4.499430697946198,0.5016832556600549,-3.9716118152393136,0.41163102242082966,-0.5911067291858803,-1.4479557224449229,1.0,False
1,27,30,-4.6567672367392365,0.486326425348612,-4.1748244593670645,0.396867352364555,-0.4809008909095026,-1.129910441769469,1.0,False
1,27,31,-4.6588441389880435,0.4611720063811946,-4.220765179859454,0.3719280416678813,-0.3662818936820363,-0.8338612345211323,1.0,False
1,27,32,-4.537443661165235,0.4325914939021186,-4.120251440449415,0.342647422005357,-0.29838403777914924,-0.6728520798194667,1.0,False
1,27,33,-4.327815751450687,0.40588824778427873,-3.8980833322704513,0.3143529084180493,-0.31810907727079646,-0.7222430149880812,1.0,False
1,27,34,-4.058596207899174,0.3832103033659164,-3.589000489964054,0.289917050827459,-0.43120594595354783,-1.0065485715787637,1.0,False
1,27,35,-3.7490167449208185,0.3639280070619928,-3.233733365232015,0.27000411625441556,-0.5843322473237123,-1.4350193612560926,1.0,False
1,27,36,-3.413010944772224,0.34668087179634105,-2.8738527944659134,0.2545974015834366,-0.6856612134507041,-1.7884483370536748,1.0,False
1,27,37,-3.0650420743192592,0.33102064447106677,-2.544605889948264,0.24386863783424761,-0.6719621137748859,-1.8477829551921297,1.0,False
1,27,38,-2.722330460105875,0.31756627742601684,-2.2676718122067974,0.23797473265218985,-0.5487220241358254,-1.556118576620731,1.0,False
1,27,39,-2.4022158875010593,0.30704245128430974,-2.047587559749309,0.23638105324161846,-0.3682742342451601,-1.0475155537235146,1.0,False
1,27,40,-2.1178080036559774,0.2994306227206056,-1.8744123937186608,0.23747016036853963,-0.19035501191161955,-0.535798351747177,1.0,False
1,27,41,-1.876026233099005,0.29411195144747604,-1.7317649290151387,0.23923405607589593,-0.05738920715898459,-0.16088683179194427,1.0,False
1,27,42,-1.6792872379859145,0.2905355610764655,-1.606182517400046,0.2406448151135135,0.015291471341583047,0.043088925274646556,1.0,False
1,27,43,-1.528609754441727,0.28849298942648427,-1.4930734922171935,0.242223033776631,0.0349908169508023,0.09903037224814434,1.0,False
1,27,44,-1.4250396287543614,0.2879493485627053,-1.3968338314295512,0.245250014404078,0.017567647371941452,0.049607705211697585,1.0,False
1,27,45,-1.3684284602038876,0.2889028937949778,-1.3262737619501128,0.25048630266954236,-0.02345284995000397,-0.06573870736807899,1.0,False
1,27,46,-1.3553276937184082,0.2913689188964789,-1.2887341407396167,0.2574681398149011,-0.07490059890828385,-0.20789248283795023,1.0,False
1,27,47,-1.3785154675705713,0.29527827202427737,-1.2859083004558791,0.2647516878530604,-0.11878712882321982,-0.3266676637465106,1.0,False
1,27,48,-1.4290305288928518,0.3002408318454463,-1.3124998173357905,0.27072454050278405,-0.13779641698372133,-0.37598571441408674,1.0,False
1,27,49,-1.4992618507340754,0.3053549106067294,-1.357378359876894,0.2742999042057683,-0.12965280663879047,-0.3494073726642252,1.0,False
1,27,50,-1.5846329376189452,0.3094087615422337,-1.406507122301982,0.2751230117482553,-0.11839973942186052,-0.3133490930322894,1.0,False
1,27,51,-1.6823812125984776,0.3116026852021132,-1.4467806189167094,0.27341498702580164,-0.14589219903492137,-0.38086439815693235,1.0,False
1,27,52,-1.7880653147339494,0.31207653027574883,-1.4694063081600806,0.26968475251159313,-0.2428392835510076,-0.6281953772432001,1.0,False
1,27,53,-1.8923182349320342,0.3113787544059676,-1.4712546908783954,0.26442039959828106,-0.4026918886709164,-1.0239334822876645,1.0,False
1,27,54,-1.980723773388258,0.3094784939751445,-1.4536175227076191,0.2579405445918069,-0.5795352634434766,-1.4480403806666018,1.0,False
1,27,55,-2.037987857641089,0.3057816310863786,-1.4196207328215367,0.2505963300253429,-0.714659441658544,-1.7980378718385202,1.0,False
1,27,56,-2.0546085228503728,0.30010239121146276,-1.3724944396977892,0.24311767500866327,-0.7737752526603567,-2.017233652509493,0.7284,False
1,27,57,-2.03206713921636,0.29330009819597425,-1.3159451885568005,0.23659575067852542,-0.7664908842409678,-2.087749714721334,0.7284,False
1,27,58,-1.9830157720587585,0.2871074920860725,-1.2557474508928665,0.23201194386341706,-0.7342108826353194,-2.0667253368414076,0.7284,False
1,27,59,-1.9259324738642476,0.28332444927653333,-1.2002778387474935,0.2298337833103153,-0.7145821498951253,-2.044110044551454,0.7284,False
1,27,60,-1.8771129337068515,0.2824846733224323,-1.1583970282777256,0.2300185270298796,-0.7154484373855142,-2.04467358029747,0.7284,False
1,27,61,-1.8442599653320662,0.2829745167894388,-1.135375208605375,0.2321996256633703,-0.7213089466804152,-2.046545680721407,0.7284,False
1,27,62,-1.8246172386502428,0.2819309188339737,-1.1294982987394881,0.23585164598687106,-0.714897746120886,-2.0427272505948326,0.7284,False
1,27,63,-1.807856160017356,0.27736481157347365,-1.1318412576144963,0.24036070612026006,-0.6918422458973743,-2.0364998552777007,0.7284,False
1,27,64,-1.7816487345954577,0.26965590320313515,-1.1295242724682428,0.2448371229787489,-0.6594119781413211,-2.013901967890338,0.7284,False
1,27,65,-1.7370556055681632,0.26140066789143646,-1.1104232726376382,0.2479603662409757,-0.6233585500506843,-1.9391920280040318,1.0,False
1,27,66,-1.6714271143540758,0.25575222516204593,-1.066728499007858,0.24851673724247383,-0.5852230318503475,-1.7993384087938638,1.0,False
1,27,67,-1.5879071136422465,0.2543357183501959,-0.9961727142850993,0.24634369084979352,-0.5536790223711872,-1.6516879927724866,1.0,False
1,27,68,-1.4922946281668608,0.25653473724709985,-0.9015607893823719,0.2424168344928134,-0.5475937534215596,-1.579278717608464,1.0,False
1,27,69,-1.3893243691103654,0.2607482207629621,-0.7897291410403456,0.2377222470729331,-0.5797733110237104,-1.6115339584016621,1.0,False
1,27,70,-1.2806292407282498,0.2658629352657917,-0.6702891789691766,0.23233207848391904,-0.6350104258652258,-1.6922884331992816,1.0,False
1,27,71,-1.165395140569511,0.27125939568286406,-0.5538865568677718,0.22587088713332562,-0.67314152161089,-1.7214593816881112,1.0,False
1,27,72,-1.042736118243883,0.27599808689566135,-0.45006642007733944,0.21844015882766235,-0.6630218497875344,-1.6492385463548094,1.0,False
1,27,73,-0.9137162051864416,0.2789624287541075,-0.36549585519249533,0.2106739375976737,-0.6062069196468653,-1.5079109751672661,1.0,False
1,27,74,-0.7817259821051373,0.28002488088082206,-0.30325288847081777,0.2033751804470392,-0.5211097818385731,-1.339209648659395,1.0,False
1,27,75,-0.6516892041518328,0.2802650414753762,-0.26316820004415675,0.19767306453999095,-0.41733860816349555,-1.1279185870938309,1.0,False
1,27,76,-0.529359106152439,0.2802485597082099,-0.24258447942717062,0.19510316389825005,-0.29655697305368156,-0.8302589425625135,1.0,False
1,27,77,-0.4210084598440511,0.27846701285351394,-0.2368676481829987,0.19665844266058263,-0.16529864613328782,-0.46571081515180984,1.0,False
1,27,78,-0.33247521772949956,0.2724813505289329,-0.23950783417229457,0.20173678336390954,-0.03796755583958104,-0.10755135612834327,1.0,False
1,27,79,-0.2666518159874723,0.26180209685493155,-0.24238463483927625,0.20851481271590427,0.06121644974345131,0.17877020967685192,1.0,False
1,27,80,-0.22032703646167545,0.2494349634473615,-0.2371372286736944,0.2152088651997478,0.10149470647533182,0.3098136179794787,1.0,False
1,27,81,-0.18305260099550655,0.24051916769996962,-0.21787791533345738,0.22073085326695635,0.07182688269238852,0.2235390275998549,1.0,False
1,27,82,-0.14032179483737078,0.2389083847419504,-0.18396563683801062,0.22457015467526104,0.007571349985543955,0.02297155228827855,1.0,False
1,27,83,-0.08048791837067755,0.2446670575680924,-0.1407306420445143,0.22663719438415827,-0.025653560675158064,-0.07454418449765524,1.0,False
1,27,84,-0.0016263111323268076,0.2548588992668348,-0.09711684168620138,0.22732094761406896,0.017097990627557364,0.048149885230624724,1.0,False
1,27,85,0.0861700630124502,0.26586029392387434,-0.061465085238873444,0.22737301970917764,0.12737074339396232,0.35250202084239,1.0,False
1,27,86,0.164879422917733,0.27451425668704943,-0.038100754944335756,0.22745984341304878,0.254693985768292,0.6975377349071097,1.0,False
1,27,87,0.21683494595150452,0.2784059872714498,-0.026789466868454556,0.22778681630771708,0.34154934937307874,0.9329261584337802,1.0,False
1,27,88,0.2327629759870836,0.2764768787044571,-0.025036230044905537,0.2281136057697152,0.3533972348184651,0.9746358696449935,1.0,False
1,27,89,0.2158441465334272,0.26983354043062086,-0.031221573524871208,0.2280510434045679,0.29119652398009205,0.8188941601106048,1.0,False
1,27,90,0.18049553108516025,0.26163597652429826,-0.04605464610248167,0.22744729848471296,0.1908478335614543,0.5465370038171733,1.0,False
1,27,91,0.14689050051472527,0.2554458069043276,-0.07111918502815676,0.22660036651800908,0.11345754783429521,0.32769033194965697,1.0,False
1,27,92,0.13362903135775295,0.25314203540734037,-0.10558081308179107,0.22592244872836897,0.11656630319450545,0.3384029138317579,1.0,False
1,27,93,0.1514082053344513,0.2544865475322103,-0.14384514716253757,0.22528160035631783,0.21543310066959168,0.6338944581800042,1.0,False
1,27,94,0.19995356740274067,0.2583947024896062,-0.17668037754017282,0.22399897195473073,0.37139273682937246,1.116160810812498,1.0,False
1,27,95,0.268967553282047,0.2638329928159454,-0.19588324964348217,0.22176687022034072,0.5213222764384502,1.5864143783768976,1.0,False
1,27,96,0.34219823772971825,0.2695934712431845,-0.1995822700390359,0.21936625991984268,0.6193172512013859,1.8672119355335073,1.0,False
1,27,97,0.40279943958186926,0.27409573714745555,-0.19418094607670044,0.2182687166228811,0.6570279387628661,1.9442850426003806,1.0,False
1,27,98,0.43809942689493653,0.2759477309568745,-0.1909839690394502,0.21957526151540724,0.6574839589500042,1.9312113160260398,1.0,False
1,27,99,0.4424159030666778,0.27473089620419056,-0.19938155759267426,0.22327808094968332,0.653344346487026,1.9252886819708255,1.0,False
1,27,100,0.41748803124059464,0.271217983598374,-0.22109130411179864,0.22825399999804455,0.6606792406806439,1.939234507864697,1.0,False
1,27,101,0.37117295721768134,0.2669004884944592,-0.2492702189959613,0.23277858971753174,0.6653430859187967,1.9114431951830106,1.0,False
1,27,102,0.31555208122659806,0.2633293134646492,-0.2728646552539643,0.23513568049121877,0.636518207646457,1.7697533224637307,1.0,False
1,27,103,0.26503133491522496,0.2616807151703238,-0.28300515214389144,0.2340751587061009,0.5599427192426266,1.5084105461330721,1.0,False
1,27,104,0.23401438356949733,0.2625335584852254,-0.27718487825978827,0.22927567269959903,0.4613733493842919,1.223277726149243,1.0,False
1,27,105,0.23352430126978396,0.2657841013910431,-0.2590116359256974,0.22186136448848734,0.3952143129885172,1.0566062389100828,1.0,False
1,27,106,0.2672513892227537,0.2706647255646674,-0.23467840463443107,0.21432112567817563,0.40536520867031406,1.1017910044495907,1.0,False
1,27,107,0.3289837296562682,0.27586854671558847,-0.20919619383352417,0.20923178209510568,0.49142074862611457,1.336154343804234,1.0,False
1,27,108,0.4036145013874296,0.28009472466833163,-0.18465507376856427,0.2077321516990274,0.6101831452335459,1.6499256813839598,1.0,False
1,27,109,0.4721656495507614,0.28307700559062776,-0.16067517646356572,0.20951509083444658,0.7088399253467456,1.9468945210422408,1.0,False
1,27,110,0.5186163732174857,0.28615860913085545,-0.1359488491530878,0.21396758130810634,0.751847229009263,2.1332011629401615,0.994,False
1,27,111,0.5349794828421898,0.2912983614680426,-0.10990231626744586,0.2204400478027017,0.7267835327582293,2.09050588459373,0.994,False
1,27,112,0.5223264871767545,0.29889514969707304,-0.08391118974959255,0.22760583632722417,0.6475602848417371,1.8173522104891124,1.0,False
1,27,113,0.48835201048747134,0.3067530074308465,-0.061489148688778555,0.23361842039188524,0.5478809100810936,1.4788372569508137,1.0,False
1,27,114,0.444078687660901,0.3119021856733844,-0.04704296835909442,0.23722977002264237,0.45706048975589403,1.2061762325041336,1.0,False
1,27,115,0.40169984612879767,0.31361611682250917,-0.043673704620808856,0.2382658944662652,0.38724017396427435,1.0204534465891932,1.0,False
1,27,116,0.37318123992584956,0.3142469703790785,-0.05138257743876819,0.236816835706698,0.3453263864127745,0.9102027363779186,1.0,False
1,27,117,0.3678291528769205,0.31668894288210747,-0.06689575431868643,0.23255328468158626,0.3474549027588189,0.9036251371073407,1.0,False
1,27,118,0.38836602047195845,0.3212512371909173,-0.08525424387722268,0.22547527557804148,0.4115097614561138,1.0541999022770019,1.0,False
1,27,119,0.4278737823275788,0.3256142206314262,-0.1022671039546972,0.21704510338561084,0.5283500399116171,1.353509983608434,1.0,False
1,27,120,0.47106720651648776,0.3272960052462384,-0.11647769131229398,0.2097672473695162,0.6488000565697405,1.6911990776054748,1.0,False
1,27,121,0.5009574088251375,0.32541440884129064,-0.12945338525477423,0.20543666231436253,0.7158568889280261,1.9310875306997226,1.0,False
1,27,122,0.5077527444037655,0.320767922554954,-0.14403115854220586,0.20430885804905252,0.7116495722707484,2.022306239060355,0.9972,False
1,27,123,0.49449514135901684,0.3152194887533447,-0.16156562776704206,0.20601155524129613,0.6643639226688854,2.0023675066447537,0.9972,False
1,27,124,0.4756020573541943,0.310858139852648,-0.1802981379368074,0.21050514243321153,0.6165732512467901,1.9224418667397238,1.0,False
1,27,125,0.46895786182184396,0.3087758464401969,-0.19639665115010177,0.21791773038718293,0.6007787669303208,1.8388762770499407,1.0,False
1,27,126,0.48620300925931176,0.30813865618768244,-0.20706772946588897,0.2277426777487868,0.6330010281159092,1.832913421001702,1.0,False
1,27,127,0.5267738512289566,0.3069004110230283,-0.21327675625140388,0.23822791478156685,0.7080236554944871,1.950910211748062,1.0,False
1,27,128,0.5787139134377528,0.3039254001938751,-0.21979692323973168,0.24666562790529728,0.8023540857731021,2.1756246193399176,0.6206,False
1,27,129,0.6251586624145072,0.300485693854,-0.23233486848024995,0.2507306810811321,0.8898436045432301,2.4463917529380264,0.6206,False
1,27,130,0.6523317728438338,0.29968014233779966,-0.2535957935080844,0.24986933152365431,0.953812969324062,2.676826844240276,0.6206,False
1,27,131,0.654579830836266,0.3040925138546708,-0.2808359706079205,0.2454790137150807,0.9883043164519626,2.784110743602553,0.6206,False
1,27,132,0.6342498084365346,0.3133801647085728,-0.3064471720637773,0.23970882311813368,0.9944971485992481,2.7421833533985414,0.6206,False
1,27,133,0.5974592140985109,0.32398930813475063,-0.3212432323119287,0.23405162507545585,0.9757380111901048,2.6203298246998847,0.6206,False
1,27,134,0.549092772248976,0.3316141997640895,-0.31858678879176977,0.2291261402174186,0.9316398941526732,2.510167717948682,0.6206,False
1,27,135,0.4904703220395837,0.3343093464042129,-0.2971697958130225,0.22558502845648998,0.8547733273376312,2.4155706274246485,0.6206,False
1,27,136,0.4210959818693946,0.333626200348351,-0.26118769586072216,0.22467441764690368,0.7357207617765181,2.2217014194544182,0.6206,False
1,27,137,0.34295924165559627,0.3330111874300348,-0.21815953876395283,0.22761162649677175,0.5760008873067405,1.7913491049024861,1.0,False
1,27,138,0.2638901703072228,0.3349331103192166,-0.1758605982264247,0.2345291601125735,0.39867250483737465,1.190193906606391,1.0,False
1,27,139,0.1969105871611209,0.3391190985865556,-0.140069930921106,0.24407293673130892,0.2430541483419616,0.6645756974425223,1.0,False
1,27,140,0.15526754230570644,0.3430716621008792,-0.11396440293260539,0.25393378479186707,0.14702800768364943,0.3687857963802932,1.0,False
1,27,141,0.14602558205696717,0.34409049055269236,-0.09868633769938275,0.2619523077483188,0.13240789448325285,0.31674600072053144,1.0,False
1,27,142,0.16632199862907077,0.34132198940276204,-0.09398040114028137,0.2671131116500716,0.19373450260978825,0.4641472295410717,1.0,False
1,27,143,0.20462316649894446,0.33666786841025176,-0.09830411515610395,0.26970205611478815,0.29498696943344405,0.7290911390820558,1.0,False
1,27,144,0.2459251883010559,0.3339033582420006,-0.10873170989286424,0.27061059832674117,0.39020729522324343,0.9930468414249946,1.0,False
1,27,145,0.2775292306124048,0.33635278954605324,-0.1212861873616497,0.27062166176430336,0.4536107797724773,1.1650265008524558,1.0,False
1,27,146,0.2924284525735276,0.3448183266780668,-0.13196875572853692,0.2702318160283542,0.4833931328273257,1.2275000858438736,1.0,False
1,27,147,0.289622358404498,0.357422545199769,-0.13825644793840647,0.26973681440280356,0.48065576129866633,1.1915477847821785,1.0,False
1,27,148,0.27260335394759694,0.3710028082808629,-0.14039883450372065,0.26940983259264406,0.44228739791450006,1.0757959309171046,1.0,False
1,27,149,0.24752032204240607,0.38250637909427027,-0.1415202549184989,0.2698753582858539,0.3789760654585862,0.9249669428445204,1.0,False
1,27,150,0.22163256231845913,0.3896909572478808,-0.14591092212035267,0.2722553652500793,0.3227061840106696,0.8049169349237569,1.0,False
1,27,151,0.2019333452667029,0.39139349942088103,-0.15627315751225007,0.2776000299278181,0.30417712512116524,0.7714942713404416,1.0,False
1,27,152,0.1938573596296228,0.3877615062957681,-0.17193968989477484,0.285979109226925,0.32705038089535693,0.8281586523344195,1.0,False
1,27,153,0.20035756127754933,0.3804227231557023,-0.18959488725929632,0.2959444200151585,0.370585690479941,0.9252614923168587,1.0,False
1,27,154,0.2216809643638463,0.3721304557972667,-0.20592813596206494,0.30467160317462333,0.4156398365612356,1.022024552628457,1.0,False
1,27,155,0.2557636538468257,0.3657415151854917,-0.2199612234885621,0.30891329328609873,0.4594355182626181,1.1253462931588294,1.0,False
1,27,156,0.29869071085961185,0.3632017154577263,-0.2331956178164191,0.3065854936943596,0.5098248408637235,1.2633401233862642,1.0,False
1,27,157,0.34465505486327414,0.36510669143069385,-0.24772545761193057,0.29807470247174606,0.5784796129320031,1.4481902096405002,1.0,False
1,27,158,0.38560174825540394,0.3705914436974301,-0.26406721557402074,0.2862192348084104,0.6693786159604768,1.6587728085235225,1.0,False
1,27,159,0.4117922247012802,0.37751961480421875,-0.2803079185448531,0.27488335000651704,0.7604572060404637,1.8498683094171005,1.0,False
1,27,160,0.4145757702161434,0.3834476021052074,-0.2927653581685471,0.26724653647277297,0.8093385103756076,1.9661382086491512,1.0,False
1,27,161,0.3909632494523565,0.3870513005646184,-0.2972775185381985,0.2649376154942798,0.786352624941092,1.9516615883592345,1.0,False
1,27,162,0.3473690123007893,0.3889299338505922,-0.29039832401808685,0.2678625610535342,0.6944344388606305,1.7776422233625826,1.0,False
1,27,163,0.29939657817482523,0.3911156024853618,-0.2705229983351304,0.27426999956081227,0.562649555720677,1.4673453824851386,1.0,False
1,27,164,0.266647574078396,0.3955054274408115,-0.23909710224495584,0.2815800739269676,0.43388386611241264,1.1157759040745212,1.0,False
1,27,165,0.26472843721400585,0.40228602144215425,-0.20142128023023903,0.28791262407135043,0.35307402104003205,0.8620883100123665,1.0,False
1,27,166,0.2985930323986523,0.40964485868031497,-0.16615392641287727,0.2928437675379696,0.3504943307512428,0.7964290914341566,1.0,False
1,27,167,0.36084046686224447,0.41498876505112164,-0.1431581469656814,0.29670017496974976,0.4256614796102236,0.9095830080496968,1.0,False
1,27,168,0.4359104936074346,0.4166096264118134,-0.14035295550415233,0.2995708210707519,0.5461702601304904,1.1338204221816433,1.0,False
1,27,169,0.5077269030411575,0.4146282156169005,-0.16080335061607665,0.30129014909252194,0.6704084896907371,1.4064610605773278,1.0,False
1,27,170,0.5662534955789659,0.4107398086729385,-0.20118684509256834,0.3019911360402318,0.7796503967741486,1.7071200932209571,1.0,False
1,27,171,0.6092950075508884,0.4070521829429743,-0.25232358738170524,0.3020917083335196,0.8827294601719983,2.0346677753002362,0.1014,False
1,27,172,0.6393901246309094,0.40486234558010326,-0.3018189274312059,0.3017014273851463,0.9859608781254285,2.345859222581802,0.1014,False
1,27,173,0.6590939044564657,0.40417212599289287,-0.33806183121770766,0.3003655788535844,1.072033658589444,2.563039602390435,0.1014,False
1,27,174,0.6684793688343732,0.40404303971540106,-0.3541507721692721,0.29743511393690786,1.1131884466084225,2.6423220168906343,0.1014,False
1,27,175,0.6661934577732175,0.40324418867808476,-0.35022258690671726,0.2925954685974786,1.0930696643949067,2.589921106348564,0.1014,False
1,27,176,0.6524224508592688,0.4006445598706127,-0.33322704807476894,0.28624986659465773,1.0175877311420207,2.4358460574881895,0.1014,False
1,27,177,0.6310403280320418,0.39535507962694677,-0.31411948480999496,0.27962216091788,0.917404100963384,2.2416990626497344,0.1014,False
1,27,178,0.6093107990096744,0.3870901808816464,-0.30339351582872787,0.27441110164836024,0.8373649744403657,2.1181865518178795,0.1014,False
1,27,179,0.5954546117824626,0.3767922964933224,-0.30659787432469165,0.2720974587042627,0.8141328560954715,2.1632669188882008,0.1014,False
1,27,180,0.595646196558617,0.36662846526337584,-0.32172181577954734,0.27322359617566666,0.8565015176746341,2.3650419435676127,0.1014,False
1,27,181,0.6118784323053199,0.35870919938725937,-0.3398300487241299,0.27694889216665214,0.9410092530287616,2.5895678244153864,0.1014,False
1,27,182,0.6412084534527857,0.3536102804351702,-0.3490103969758038,0.2812852965936613,1.029488051702065,2.741504183491583,0.1014,False
1,27,183,0.6763700171576458,0.35045923099443377,-0.3399976900078704,0.28414914338919656,1.090757951782066,2.839540415773019,0.1014,False
1,27,184,0.7079190509061557,0.3483852204562774,-0.3107303941873509,0.28448844993666733,1.1033178743840082,2.89043421559964,0.1014,False
1,27,185,0.7279267981485303,0.34745356501300684,-0.2674640772010536,0.2824940129620612,1.0551283013070085,2.8242465313304765,0.1014,False
1,27,186,0.7340051518655025,0.3481972104933524,-0.2218489785246334,0.2788784611997007,0.9586088836439938,2.579798114134784,0.1014,False
1,27,187,0.7312297273466591,0.35056539443185114,-0.1855393105876856,0.2741848188005292,0.8568340555828406,2.24987063765482,0.1014,False
1,27,188,0.730119801066875,0.35348890034892727,-0.16521977673049815,0.2687360902636414,0.8008454164841894,2.029165169522959,0.1014,False
1,27,189,0.7413166079650143,0.35545548695568274,-0.1606972348268644,0.2628367605409349,0.8174778555356593,2.0200536269545526,0.1014,False
1,27,190,0.7699274953922155,0.3555149661447643,-0.16693444438348737,0.2568787990461042,0.8937211451567724,2.193554170278705,0.1014,False
1,27,191,0.8126330702536139,0.3537627479526526,-0.17848683652248865,0.2516338596685854,0.9897320247797364,2.4586503539950826,0.1014,False
1,27,192,0.858590961984241,0.3507489440449917,-0.19330825243599645,0.24856217956393845,1.0732058112248724,2.73727384903145,0.1014,False
1,27,193,0.8928562320357277,0.3462278597033726,-0.21348045954706413,0.24911126495175373,1.139463271398442,2.994902973128086,0.1014,False
1,27,194,0.9003984260791953,0.3385317038897927,-0.2426294783762368,0.252899865069939,1.1944404491512126,3.2103824222084563,0.1014,False
1,27,195,0.8698253681879444,0.32550429168985806,-0.28185030869095595,0.25687246581432366,1.230346385125038,3.3546038788740216,0.1014,False
1,27,196,0.7968388202526967,0.3064933709670741,-0.3265855481920775,0.2571946208606676,1.226323050588546,3.3971151693925306,0.1014,False
1,27,197,0.6868744113466662,0.28401234722810953,-0.36626363670190804,0.2525990383644708,1.1613388470164625,3.2724730394073136,0.1014,False
1,27,198,0.5550747595550188,0.2637945820011698,-0.38733031374681687,0.24631196466172323,1.0253248751978223,2.902538759952098,0.1014,False
1,27,199,0.4217325048114917,0.2522366571338863,-0.3789608533888359,0.24421554971728843,0.832761700870515,2.335584258294921,0.1014,False
1,27,200,0.3035387040457484,0.2516717639482758,-0.3395645303515255,0.24936296166669072,0.6244592741379978,1.7506661236472443,1.0,False
1,27,201,0.20408697964358968,0.25778682492002325,-0.28173255738996406,0.2583425119246659,0.4417842136901515,1.2800249436658797,1.0,False
1,27,202,0.10875462922495616,0.262793686482706,-0.23347919187756852,0.2643705358738617,0.2948420072909587,0.9159415071950536,1.0,False
1,27,203,-0.012185176965304396,0.2608322719380468,-0.23391191203153966,0.26295286933396195,0.16680963573234173,0.5635266251956405,1.0,False
1,27,204,-0.19223243890615752,0.2511936684060523,-0.3223900543603993,0.2546813351151446,0.054580270929367125,0.19382533743933858,1.0,False
1,27,205,-0.45365829320445533,0.2385868726240586,-0.5233516710667957,0.24442916934599718,-0.013223872809406475,-0.04614122826548865,1.0,False
1,27,206,-0.7959223259499074,0.2307549105024499,-0.8335020127204672,0.2379356230579959,-0.015582866576926832,-0.05181300523450471,1.0,False
1,27,207,-1.1931850394228005,0.23389753043472095,-1.2193185686119612,0.2378367359120625,0.01985922270140488,0.06413121721368037,1.0,False
1,27,208,-1.6017018058981993,0.2483498323207935,-1.6273693253604047,0.24250164876373764,0.04275497776948125,0.1377998154343992,1.0,False
1,27,209,-1.9727533122074619,0.2685707382629587,-2.001365117848401,0.24828583667003362,0.03595360438018307,0.11755536960201142,1.0,False
1,27,210,-2.2648858390902533,0.28711695080936667,-2.2961564965337207,0.2519784516316092,0.022250364906445424,0.07328570413205084,1.0,False
1,27,211,-2.451227906713244,0.29853738340666286,-2.4832259540430637,0.25170791355172784,0.0267928702059273,0.08760588004585984,1.0,False
1,27,212,-2.5211432993564076,0.3010000421354665,-2.549495900441801,0.24708289773085726,0.04668825774874348,0.1539562750519461,1.0,False
1,27,213,-2.4778826409537773,0.295541770663814,-2.494549819469721,0.23909435173483143,0.05582805897815567,0.1880439422923041,1.0,False
1,27,214,-2.3345075286126247,0.28433473822439703,-2.329257617311965,0.2295521939821828,0.03263487692117361,0.109310187489914,1.0,False
1,27,215,-2.1099291624293666,0.2698973660019543,-2.0751245863177403,0.220110073645748,-0.023973826776984467,-0.0773740371772528,1.0,False
1,27,216,-1.826185160837236,0.2551091332231176,-1.762172917125207,0.2116548520271387,-0.09503170962580536,-0.2934240572743347,1.0,False
1,27,217,-1.5072347628592646,0.2422527143568599,-1.4243087431282255,0.20480949698967896,-0.14621156715845468,-0.44046609521834734,1.0,False
1,27,218,-1.1785172654521199,0.2317223965917849,-1.0931762610297449,0.20070925157521896,-0.1459706294199935,-0.4460665049747266,1.0,False
1,27,219,-0.8656941140540002,0.22303823054209163,-0.7927077658050036,0.20026337058159008,-0.09314138091398735,-0.2992145942132775,1.0,False
1,27,220,-0.5913227248358219,0.21715230341636751,-0.5363138863989961,0.20261563971061158,-0.023767111572955246,-0.08102839385749579,1.0,False
1,27,221,-0.3700525365549365,0.21607874294345714,-0.3273309283236098,0.20554664059848626,0.015133521592717651,0.053337765045334884,1.0,False
1,27,222,-0.2050089873680426,0.21990856367026565,-0.16188962452605024,0.20751099235232953,0.001938795464128155,0.006777824774615913,1.0,False
1,27,223,-0.08825315740261423,0.2259207453340634,-0.03265107472628994,0.2085670606245514,-0.046941299015233064,-0.15994279274142006,1.0,False
1,27,224,-0.005894568149149837,0.2312753675324954,0.06789746106268814,0.20961872915047702,-0.09561420529691018,-0.32251639100785506,1.0,False
1,27,225,0.054722621109310664,0.23545557267669637,0.1452033748929963,0.21145570059016736,-0.11796452033703426,-0.4037480252854057,1.0,False
1,27,226,0.0997985478275162,0.2399293520300809,0.2016759721987423,0.21450897810985473,-0.11569271237096572,-0.40460717620218223,1.0,False
1,27,227,0.12852771181411804,0.24616777267210393,0.23719591238680338,0.218919622912099,-0.10753902147511071,-0.37938158877820427,1.0,False
1,27,228,0.13694047405239462,0.2544193271026028,0.2511130125899166,0.22439761292895305,-0.10399855229777302,-0.365867949762416,1.0,False
1,27,229,0.1233487716634044,0.2640646350984712,0.24485761119553137,0.23010523550615974,-0.10695047027133407,-0.3749102419636635,1.0,False
1,27,230,0.09199652344960838,0.2742942067106833,0.22343864064093805,0.23501079047861292,-0.12191247459832688,-0.4250685228844536,1.0,False
1,27,231,0.052864114189287735,0.2842308112780949,0.19453665597617967,0.23850834948554644,-0.1487961971938096,-0.512427355192204,1.0,False
1,27,232,0.01795773462600132,0.29305351368192983,0.1656541220320852,0.24070895205776136,-0.17329212514021167,-0.5874723701398317,1.0,False
1,27,233,-0.0035605066617362623,0.3004958964546586,0.14127330739823643,0.24225744121726472,-0.17923937793563252,-0.5959834206979332,1.0,False
1,27,234,-0.00858362503380407,0.30715514168510955,0.12183125435810481,0.2439804398030393,-0.1605712951054893,-0.5168906050650819,1.0,False
1,27,235,-0.00010793314272762681,0.3141529213124319,0.10492137137055448,0.24655476473071017,-0.12290675076134211,-0.37880739452222234,1.0,False
1,27,236,0.015322498148667825,0.3223549261343765,0.08780295668855649,0.25022721939235504,-0.0768122389678822,-0.22787955103097185,1.0,False
1,27,237,0.030875269957859712,0.33158840065756007,0.06977660305410094,0.2547258513781961,-0.02827011678827025,-0.08230125424542722,1.0,False
1,27,238,0.04165790269915173,0.3403065813481223,0.05316391438072492,0.2594680554148732,0.01798381143331525,0.052531911459309896,1.0,False
1,27,239,0.045431741089377704,0.3460762418195542,0.04229969048830217,0.2639093065774068,0.05010573210953907,0.14911897688709752,1.0,False
1,27,240,0.04246821909230627,0.3467578868278327,0.04097655459010288,0.26773915984498253,0.052179148531658205,0.15950054675025369,1.0,False
1,27,241,0.03530898480519453,0.3416287261993709,0.049756426298217866,0.270719018994978,0.014978535531398792,0.04729995526712822,1.0,False
1,27,242,0.028471681516478844,0.3316447685606302,0.06479994382013413,0.27223966245043707,-0.049802810758170835,-0.16259500150378223,1.0,False
1,27,243,0.02766334228774275,0.3186908264579483,0.0790597685734354,0.27107509202118163,-0.10763225065040635,-0.362855846504443,1.0,False
1,27,244,0.03843937079543146,0.3045515184854776,0.08532171122221269,0.2658229933254629,-0.12485343869669571,-0.43700613185501946,1.0,False
1,27,245,0.06485561101237466,0.290538265959425,0.07955282859091914,0.2558778140342516,-0.09047233384815492,-0.3310576664885822,1.0,False
1,27,246,0.10858380368288649,0.27784314560537426,0.0628928988025153,0.24221469147536487,-0.010942039376063313,-0.041694096376505244,1.0,False
1,27,247,0.16843221606939218,0.2678092044020866,0.0413414937718084,0.22738443361660385,0.10347275821313934,0.40392828474804554,1.0,False
1,27,248,0.2402357423668552,0.26156331096168794,0.023313678042958443,0.21459400356852776,0.23641061626524476,0.9321090106763351,1.0,False
1,27,249,0.31761313376777683,0.2593803509604252,0.016257078382157786,0.2062880514420242,0.35712359654511455,1.415108913961819,1.0,False
1,27,250,0.39390173339132306,0.2603995722457744,0.023965976870560752,0.20314987237989507,0.43343098490909043,1.7072199596361375,1.0,False
1,27,251,0.4643491901223841,0.2628026485420101,0.045805272534453795,0.20413344534182692,0.46050619509700963,1.7630622522458455,1.0,False
1,27,252,0.5269036849062476,0.26440669547902473,0.07794817511300446,0.20709245758048297,0.46463301399782986,1.7241115035998071,1.0,False
1,27,253,0.5810284672571893,0.2636850891654552,0.11563923086389613,0.2094865631073021,0.47272323610331196,1.7611666772066985,1.0,False
1,27,254,0.6258972195410539,0.26067011772522863,0.15516822000972882,0.20927632582652517,0.4883585039888643,1.9139061057595939,1.0,False
1,27,255,0.659890027311576,0.25684083946569214,0.19478691343974258,0.20588236841917562,0.4969723111131394,2.082478451365153,0.9948,False
1,27,256,0.6818270944923722,0.2539318950672348,0.23459898157630082,0.20051485950109688,0.48294478847886757,2.088214496245734,0.9948,False
1,27,257,0.6924978030449683,0.25277594633833755,0.2758702618953425,0.19531899703604216,0.4425766596950808,1.8619476771437553,1.0,False
1,27,258,0.6947807375264298,0.2531866075423958,0.3201832894156433,0.1916787456468346,0.38728751680827345,1.5261492107921595,1.0,False
1,27,259,0.6922180104559427,0.2544944722620452,0.3687037105925689,0.1891761410312152,0.33198383851503704,1.2127220580949623,1.0,False
1,27,260,0.6876207751767477,0.2557543230044056,0.4217317711836574,0.18644036138781608,0.2784188003882736,0.9546870410188152,1.0,False
1,27,261,0.6833250977416035,0.2556712674354639,0.47863232365677727,0.1828979147438913,0.2155318118826844,0.7141449946652426,1.0,False
1,27,262,0.6829262622821821,0.2530585370079976,0.5380484842388814,0.17939574747179152,0.13721079663767183,0.4550730131034584,1.0,False
1,27,263,0.6924054210964746,0.24783589383131505,0.5980782851650939,0.1772611852066562,0.054338228849129776,0.1858514633375649,1.0,False
1,27,264,0.7185355772030652,0.2414744076710926,0.65616930501193,0.1770572746477918,-0.009237922606950343,-0.03276305509533278,1.0,False
1,27,265,0.7646512337926925,0.2360831361257903,0.7089878724704255,0.17809209100515366,-0.0265455806122739,-0.0951465019566425,1.0,False
1,27,266,0.8264927142957071,0.23291025201836707,0.7528847663935939,0.17871860571748283,0.017939442098858744,0.06351422648289097,1.0,False
1,27,267,0.8915212942285187,0.23189304573025282,0.7851280760056784,0.17736778761028296,0.10882383246761201,0.38397134243339626,1.0,False
1,27,268,0.9430121068411561,0.23242600933350546,0.8050972675952643,0.17394450091760527,0.1994655910451061,0.7118017190881366,1.0,False
1,27,269,0.9668850731338163,0.23396172769983942,0.814299608268873,0.17013159943097628,0.24089474439082834,0.8592645113492758,1.0,False
1,27,270,0.9573054238549406,0.2359324695508815,0.8150039606983455,0.16785715369233348,0.21324705417346976,0.7513165970864735,1.0,False
1,27,271,0.9181065651669005,0.23769312419204314,0.8086430657047753,0.1678582482116006,0.13494978414337336,0.47831296841329124,1.0,False
1,27,272,0.8600587607709983,0.23877460303574258,0.7954344908068544,0.17012035573971934,0.04637237373900707,0.16803910703373598,1.0,False
1,27,273,0.796376102187393,0.23911776238578664,0.7754832902479734,0.17456053261286916,-0.019253263836720082,-0.07038116354479552,1.0,False
1,27,274,0.738938249690517,0.23911734699117831,0.7501620960214169,0.1806533973277781,-0.05440846439465776,-0.19768654690283063,1.0,False
1,27,275,0.6960690968639812,0.23943232509126566,0.7223491612794057,0.1874163175630293,-0.06756192942754509,-0.24434019693168454,1.0,False
1,27,276,0.6713168209859208,0.24052667777417186,0.6952827648406281,0.1940553628907307,-0.060480660151258324,-0.21747586109640843,1.0,False
1,27,277,0.6628207197003315,0.24229102087130974,0.671080371398866,0.20004055189167325,-0.028404103924818642,-0.10086821489273916,1.0,False
1,27,278,0.6639052682549582,0.2441454362704821,0.6501984044024385,0.20483258492105272,0.020945837737006645,0.0730268270949951,1.0,False
1,27,279,0.6657268177606663,0.24536390099034583,0.6322502042657893,0.20818730437905955,0.06516053171661768,0.2213530422648343,1.0,False
1,27,280,0.6613761454424743,0.24523888336160687,0.6174606629569568,0.2106498639721922,0.08478979933129623,0.28014177965715004,1.0,False
1,27,281,0.6492312829576264,0.24325586446957742,0.6075011925577276,0.21331034042340957,0.07511242042425742,0.2419970722288165,1.0,False
1,27,282,0.6334915897989933,0.23940291328489247,0.6049533501565545,0.21678164949833853,0.04322798358842455,0.13490594713898535,1.0,False
1,27,283,0.6217197048421287,0.2342424193939559,0.6117953367218895,0.2203279480369373,0.002200938235622374,0.006615290713937228,1.0,False
1,27,284,0.6210178378829774,0.2285127557605244,0.6280667959444334,0.22212174218276165,-0.03262917127737374,-0.0959256929945625,1.0,False
1,27,285,0.6347778582164788,0.2227331140120467,0.65161586365877,0.22053519164941482,-0.048930720234125334,-0.14601603171874752,1.0,False
1,27,286,0.6611700071156482,0.21742387151733797,0.6789835147294292,0.21538308719405833,-0.04177406504401206,-0.13216663858290914,1.0,False
1,27,287,0.693742606236756,0.21363456106162976,0.7068203456453676,0.20819568129573193,-0.014797116363107994,-0.05108083542354898,1.0,False
1,27,288,0.7239582128436637,0.21274360941406026,0.7330357218544804,0.2013772434390013,0.017263322860949004,0.06432247643497757,1.0,False
1,27,289,0.744820476365695,0.21525485842640416,0.7570601592202314,0.19677991580864093,0.029834492113611173,0.11332166856115757,1.0,False
1,27,290,0.7540240857319102,0.2197919467965294,0.779147912819491,0.19465349974964868,0.005825519655078522,0.021240274542071606,1.0,False
1,27,291,0.7549934408399607,0.22363698815240213,0.799374138512332,0.1938064452557478,-0.04592261157625609,-0.15844068614125692,1.0,False
1,27,292,0.7551647914658707,0.22454581144913788,0.817281718004841,0.19285374795625368,-0.09722754537945125,-0.32656338569313587,1.0,False
1,27,293,0.762324958795663,0.22226529870838252,0.832559749103511,0.1915238777553125,-0.12160469685958504,-0.4130076378590653,1.0,False
1,27,294,0.7807695571122976,0.21846641160507715,0.8460923589093451,0.1910111217361459,-0.10587836593352948,-0.368887672926615,1.0,False
1,27,295,0.809118634543755,0.21521249940819173,0.8601843664854932,0.19300128544093564,-0.05486481726648459,-0.19227031147185847,1.0,False
1,27,296,0.8409908367035401,0.21356341966882106,0.8773384501008755,0.1980667793433325,0.0032780880670103614,0.011232526683939344,1.0,False
1,27,297,0.868417327214393,0.21367906322322927,0.898234686094617,0.20496121234052478,0.026370589701507928,0.0868657894427568,1.0,False
1,27,298,0.8861455182640199,0.2157370758999276,0.9204674918482041,0.21141519958050414,-0.0051902546292227625,-0.016292989187496415,1.0,False
1,27,299,0.8940992603698731,0.22017665783499735,0.9392297355214777,0.2153690411128115,-0.06270457778033858,-0.18768856039005358,1.0,False
1,27,300,0.8964757653213201,0.2270924563872644,0.9496481749846729,0.21564288643652016,-0.09857438440868109,-0.2846839328362445,1.0,False
1,27,301,0.8985736884563598,0.2356452152704456,0.949156910738887,0.21207538312903487,-0.09310191288423736,-0.2643673038544452,1.0,False
1,27,302,0.9040691679373153,0.2440929299497439,0.9384025143164361,0.20546807848719614,-0.05854072709354063,-0.16625486843472143,1.0,False
1,27,303,0.9145963876597175,0.250322384216326,0.9204969796903713,0.1973872506827902,-0.014856546984225972,-0.04257046962948178,1.0,False
1,27,304,0.9311401650742578,0.25250247975833634,0.8995128021925177,0.1896910580693592,0.02544537165986747,0.07390168458467139,1.0,False
1,27,305,0.9551789637832956,0.24970051225562856,0.8790449173540816,0.18381637934190442,0.06297346218697944,0.1871743694141538,1.0,False
1,27,306,0.988035504214896,0.24234305913736087,0.8610741454915363,0.18027237423162285,0.10883816252032359,0.33671437290438255,1.0,False
1,27,307,1.028812805809272,0.23220848609374753,0.8452872711854655,0.1788126295401652,0.1690363771468717,0.553385424206188,1.0,False
1,27,308,1.0727273144804494,0.22179398611725457,0.8293759134646941,0.17899648130204354,0.23856965993271623,0.8307210935787689,1.0,False
1,27,309,1.1113752406477357,0.21342120021655053,0.8106754125016523,0.1804433108454105,0.314139029827026,1.1500253883790772,1.0,False
1,27,310,1.135059168105769,0.2086692447008849,0.788448758962925,0.18275210003111828,0.391851341243303,1.4745683877412095,1.0,False
1,27,311,1.136182506731863,0.20830486956281763,0.7651932328295635,0.1854952736757126,0.45020076519230107,1.6931468099514235,1.0,False
1,27,312,1.112418448215312,0.21230265061800915,0.7458250196178984,0.18826364005721968,0.45631539633698565,1.6579871177631798,1.0,False
1,27,313,1.0684092711478557,0.21966953087299795,0.7352578016179406,0.19056022217049823,0.3956187815812824,1.3531919802748056,1.0,False
1,27,314,1.0150067985889406,0.22849755325107074,0.7360725468431933,0.1917422063850539,0.29026049294487144,0.9370088774553342,1.0,False
1,27,315,0.9660021147114227,0.23667891530805654,0.7475653212131489,0.1912599932061614,0.18375038420247758,0.5760257580384203,1.0,False
1,27,316,0.9337541829536254,0.24284734777496056,0.7661667653632024,0.18901683227104554,0.10768468789717885,0.3383045690289986,1.0,False
1,27,317,0.9258259128867503,0.24670773737638443,0.7864984709851559,0.18550885594699473,0.06881337686857082,0.2195546207790524,1.0,False
1,27,318,0.9437872018967914,0.2485300394620775,0.802590423447307,0.1816625594043827,0.06549455813227438,0.211453026167906,1.0,False
1,27,319,0.9836857059793936,0.24851398892653115,0.8092567383803608,0.1785576094206702,0.10349405345065428,0.33840240174019576,1.0,False
1,27,320,1.037075602279107,0.24687126273458426,0.8035771883483087,0.17724415246601355,0.1881957717824519,0.631826313066307,1.0,False
1,27,321,1.092321392014465,0.24438846400102218,0.7859942198035375,0.1786054609281537,0.3078343203562152,1.0643001461624462,1.0,False
1,27,322,1.136784189310478,0.24234271720322956,0.7603377822258508,0.18298978730582982,0.4312594153410302,1.4876816566109647,1.0,False
1,27,323,1.160098526544605,0.2415080516340847,0.732467062604883,0.18973702403928336,0.5187935823616138,1.7147438170064486,1.0,False
1,27,324,1.1573426045047646,0.2415333661506172,0.7079762499892553,0.1973177437695804,0.5399227550019152,1.6948048918600915,1.0,False
1,27,325,1.1301339783000752,0.24164505121526192,0.6900841061410984,0.2042379180763273,0.49577262542109574,1.5018408846681086,1.0,False
1,27,326,1.0847844459706226,0.24175368728346314,0.6789081439042682,0.209812030286233,0.4220891358594821,1.2504284002619537,1.0,False
1,27,327,1.0289251979650786,0.24258328239059665,0.6725603710893086,0.21414439154385917,0.3553589821070669,1.0332696119093503,1.0,False
1,27,328,0.9692171201584017,0.24479706960251352,0.6692910307972944,0.21765063467994494,0.3007759005801614,0.8607959228125271,1.0,False
1,27,329,0.9114467451856562,0.24811812463166688,0.6691523560068705,0.22063995529616,0.24362967982426575,0.6860111758990411,1.0,False
1,27,330,0.8617000034929706,0.251174484043571,0.6739450677103754,0.22301225752170786,0.17789011684770684,0.489941401794427,1.0,False
1,27,331,0.826175415998605,0.2521296467098007,0.6853451100462521,0.22415141168898065,0.1129146122475448,0.30454038601914024,1.0,False
1,27,332,0.8087861990498125,0.24975339500688082,0.7024062681689166,0.22333213221577866,0.06387834737134016,0.17130588084993628,1.0,False
1,27,333,0.8083203725440526,0.24422187898464953,0.7203092273918926,0.2204517240109755,0.04224217426203899,0.11500616235882284,1.0,False
1,27,334,0.8178530259171164,0.23692232791272505,0.7316438704587199,0.21630612877528965,0.050980379336198235,0.14295641838547057,1.0,False
1,27,335,0.8274332993581324,0.22937439546136143,0.7297896154947295,0.21205213621558772,0.08259005288968627,0.23958191957634245,1.0,False
1,27,336,0.8284574682863721,0.222388810872902,0.7123275081926193,0.20850222788060285,0.1212056092085796,0.36365989393827514,1.0,False
1,27,337,0.8169781699586459,0.21637150460166713,0.6822889460529412,0.20607749821406204,0.15315132414185964,0.4755614988946907,1.0,False
1,27,338,0.7943242424356198,0.21224171104986875,0.6465490891030045,0.20519336919317402,0.17314738788697562,0.5555442394890613,1.0,False
1,27,339,0.7655035978870542,0.21156511994536495,0.6125077352147724,0.2062057892837468,0.1773400032145326,0.5789334386921702,1.0,False
1,27,340,0.7369607975757293,0.21530245279828703,0.585008451012723,0.20894725179623244,0.1620423532379619,0.519807134141942,1.0,False
1,27,341,0.7147440137642186,0.22241290676435174,0.5649732906426969,0.212689502261458,0.13490308522579256,0.4111182351315443,1.0,False
1,27,342,0.703137654728338,0.2301898363927723,0.5501295525745803,0.21663529807236281,0.11673624637622235,0.33591846064700076,1.0,False
1,27,343,0.7036265103298552,0.2361235123899364,0.5371888780934854,0.22030403295771567,0.12676268552003297,0.3511736052808248,1.0,False
1,27,344,0.7145734084113085,0.23932029972653288,0.5242497917224379,0.22362260694141559,0.168778739365701,0.46181026633006533,1.0,False
1,27,345,0.7321091832247721,0.2403992769309287,0.5121249205416917,0.22687022283771802,0.22843231379537912,0.6279675975597079,1.0,False
1,27,346,0.7519342686635545,0.24040961080578863,0.5038005964425685,0.23035053548501422,0.2802756675866362,0.7805478108002175,1.0,False
1,27,347,0.7707898291179279,0.2399258842774717,0.5022904799578748,0.23385381616107964,0.3037051255226238,0.8641177385682847,1.0,False
1,27,348,0.7864348913446247,0.23896691345451537,0.5083065212042518,0.23649924340532197,0.2984324000407114,0.8773777374014451,1.0,False
1,27,349,0.79625895144787,0.23748768556162303,0.5195210586275794,0.23722308073367113,0.28411066869807916,0.8661870324596719,1.0,False
1,27,350,0.7960562829840623,0.23579291549891387,0.5321002176027485,0.23540622692688717,0.2794968413690034,0.8689799628367596,1.0,False
1,27,351,0.7806152347633023,0.23447615396642615,0.5433120352722185,0.2311771234773474,0.2786474057634674,0.8614844706899438,1.0,False
1,27,352,0.7463775067748658,0.23399550797527985,0.5530375743145921,0.22544139035215194,0.25376906452030024,0.7733605661825421,1.0,False
1,27,353,0.6946481985352335,0.23428420018541465,0.5629416417820313,0.21969344290887202,0.18251365202087869,0.5527748311650936,1.0,False
1,27,354,0.6331520112739321,0.23471822581541218,0.5740598946081634,0.21545140553929826,0.0676028239047062,0.20564510018966153,1.0,False
1,27,355,0.5746074950963274,0.23452940609112127,0.5848274679159926,0.2135153277310014,-0.06180833037333276,-0.19021750972840074,1.0,False
1,27,356,0.5326776758816074,0.23337860469117172,0.5910997872852535,0.21373950847605042,-0.16064512466966566,-0.5012684786092668,1.0,False
1,27,357,0.517047715071693,0.23153077404453626,0.5880601059746089,0.21556812940293016,-0.18939100489329513,-0.593691236645046,1.0,False
1,27,358,0.5298608313958316,0.22950196893691283,0.5725487853361558,0.21866536876269094,-0.13664189100420343,-0.4228937725036353,1.0,False
1,27,359,0.5651929740214231,0.2277475595959681,0.5443337438025957,0.22294972698947702,-0.02419268574742311,-0.0730066178045942,1.0,False
1,27,360,0.6117895723265305,0.22673932871685326,0.5058844206430793,0.22816298144755745,0.10930306713134236,0.3202217991600583,1.0,False
2,12,0,-0.6059213430707747,0.24277151120141252,-0.5090019928998647,0.21478240717946442,-0.10099822347522634,-0.2898808319392013,1.0,False
2,12,1,-0.5906030786482076,0.23948132168446729,-0.530541065849384,0.21205347810763664,-0.03127551976933466,-0.08996146554185173,1.0,False
2,12,2,-0.5764735410693588,0.23563381840656877,-0.5440129680825256,0.20969943293308504,0.019222266556286994,0.05525958869785399,1.0,False
2,12,3,-0.5652161773537063,0.23171141664385755,-0.5416869238055172,0.20647689425881538,0.03786203058415495,0.10942983887259025,1.0,False
2,12,4,-0.5584368717788858,0.22868067615961613,-0.521285124065584,0.20171550053769013,0.01694215333658895,0.0498916027073715,1.0,False
2,12,5,-0.5579799797033975,0.22754919442270996,-0.4865261018977273,0.19633208496450977,-0.03873089179534011,-0.11721420647782334,1.0,False
2,12,6,-0.5657565948010549,0.22878119061308372,-0.4454759104572553,0.19233809511084207,-0.11243448598936813,-0.3470682511530661,1.0,False
2,12,7,-0.5832522757225025,0.2320407401328322,-0.40752705732650435,0.19098814762971483,-0.18540513412133483,-0.5733494021713263,1.0,False
2,12,8,-0.6108729470331095,0.23637536891684363,-0.3803878221942171,0.19139790995202818,-0.24706375449048154,-0.756759511618802,1.0,False
2,12,9,-0.6473158651732923,0.240587219544687,-0.36835109084495327,0.1912562939153574,-0.2981118888456224,-0.9085054048896568,1.0,False
2,12,10,-0.6891730219122814,0.24351006516339319,-0.37209830349204404,0.18871091334909293,-0.34307241760344875,-1.0540124161821132,1.0,False
2,12,11,-0.7307723673147508,0.244149558506059,-0.38903483436570496,0.18345683371789273,-0.3783158218643477,-1.183113775896054,1.0,False
2,12,12,-0.764069297172199,0.24189776459605544,-0.412961749956968,0.1765531830522625,-0.39154997399270486,-1.254630265823484,1.0,False
2,12,13,-0.7786135926389479,0.23693451193260426,-0.4331683391453731,0.16980770219669952,-0.3766594204326702,-1.2496982736258988,1.0,False
2,12,14,-0.762055738243743,0.2304939720145097,-0.43440894347539916,0.16534899881635176,-0.342049559040524,-1.18316361402819,1.0,False
2,12,15,-0.7017496220916649,0.2244780637093612,-0.3991220454029068,0.1649907715117751,-0.30159401880226117,-1.068743424795553,1.0,False
2,12,16,-0.5876076488769661,0.22039055038079042,-0.3118550805919263,0.169161407476286,-0.2649314321005599,-0.9261714269558536,1.0,False
2,12,17,-0.4158088889622251,0.21842396024200744,-0.16464675393568132,0.17671106428898614,-0.23654141335664,-0.7984800263049047,1.0,False
2,12,18,-0.19240992528125764,0.217594283406641,0.03826840189842885,0.1863567492176378,-0.21789651353353068,-0.7153206836598605,1.0,False
2,12,19,0.0647687070152699,0.21667384814821852,0.27827192883124563,0.1978800429880238,-0.20884784796342093,-0.67196179944297,1.0,False
2,12,20,0.3280700611556061,0.21492082329771098,0.5247780683381957,0.21133861500835666,-0.2053722471186839,-0.6396324833311676,1.0,False
2,12,21,0.5669748317705811,0.21222549614314656,0.7434580045896986,0.22550217146231713,-0.1968761187112277,-0.5846716165464427,1.0,False
2,12,22,0.7585408551565147,0.20905819663815733,0.9084491249638306,0.2378410833888888,-0.17351790534940267,-0.49266296237668145,1.0,False
2,12,23,0.896425990574625,0.2064053365872176,1.0130079936935743,0.24612640235099684,-0.1334077942916168,-0.36887693662948384,1.0,False
2,12,24,0.9929434890418244,0.20533476903214987,1.0721175642484366,0.24983772779288652,-0.0789991660118964,-0.21811143432187757,1.0,False
2,12,25,1.07223336343044,0.20621155795285914,1.1144254546728691,0.2502113814658669,-0.021019367635366024,-0.059151418546156895,1.0,False
2,12,26,1.1582672068296214,0.20844319170698458,1.1674750355834784,0.24912498274045167,0.01858972364136922,0.053590713143875285,1.0,False
2,12,27,1.2644222493812707,0.21115781436922768,1.24456386521432,0.2478261099906837,0.028466164440790635,0.08315609571516086,1.0,False
2,12,28,1.389457968912968,0.21393191009616386,1.340236958636878,0.24648423026092442,0.025986468626995718,0.07610187102734793,1.0,False
2,12,29,1.5201396891394354,0.2167313591981708,1.4354866695381556,0.2447135058220704,0.0434426781826577,0.12746460688093017,1.0,False
2,12,30,1.6375087415766034,0.219324943663594,1.5078942344136501,0.2423765535074254,0.09924077502820967,0.29274041637019105,1.0,False
2,12,31,1.723573198792802,0.22099955734679022,1.5403833328666745,0.2399409562195154,0.18038726547361883,0.5356399774891595,1.0,False
2,12,32,1.7665354516582645,0.2210336727666396,1.5251739745880044,0.23820442407127132,0.2550647730275009,0.7621844336187157,1.0,False
2,12,33,1.7636672852047344,0.21953955011741022,1.4635836300937257,0.237705696486146,0.308468706318692,0.9265610180654833,1.0,False
2,12,34,1.7213744141045282,0.21773042067287549,1.3641185357029317,0.2382989202772555,0.3554995589715189,1.0651754122162445,1.0,False
2,12,35,1.6526262166680195,0.21709806594704073,1.2403238451462695,0.23916203193712474,0.41158570904456865,1.216777866153263,1.0,False
2,12,36,1.5727902917433907,0.21821042154478537,1.108227074411368,0.23917075394035628,0.4724208194765177,1.3816723359682472,1.0,False
2,12,37,1.495308602960384,0.22039777240817346,0.9829213190799929,0.2374081894340166,0.5282133036927449,1.5605224289364539,1.0,False
2,12,38,1.4283788758667926,0.2225244799967157,0.8748429090428326,0.2336035651945914,0.5744321260213572,1.7563219236042589,1.0,False
2,12,39,1.3733348767715603,0.2238572155625815,0.7871844593761375,0.22833536665520365,0.6079581365695141,1.94969234566961,1.0,False
2,12,40,1.3250273312032244,0.2242758381309371,0.7156940117601641,0.22286297846239228,0.6285374719790265,2.113470902082146,0.8752,False
2,12,41,1.2740215976566343,0.2239549568714767,0.6510322245513783,0.21858635376111174,0.6397311355143187,2.225476270570308,0.8752,False
2,12,42,1.2098417309520868,0.22309347821210304,0.58266364942934,0.21639993823217277,0.6439020244565724,2.2661571825525844,0.8752,False
2,12,43,1.1241837312169045,0.22201529566159575,0.502627508412749,0.2163536077560655,0.6416203944158322,2.2400936786970354,0.8752,False
2,12,44,1.0132162231393875,0.22131963106863714,0.4077023145408621,0.2177849982473352,0.631608653009925,2.167645191837854,0.8752,False
2,12,45,0.8785025605778329,0.2216293816703088,0.29925000730800866,0.2196946209404502,0.6068663285795993,2.0473371872592185,0.8752,False
2,12,46,0.7263797729823872,0.22312823579278043,0.1811035064782843,0.22111102109009712,0.5598012507471913,1.8717328347715863,1.0,False
2,12,47,0.5659307984952856,0.22543350993897657,0.05692072414716283,0.2213833716131499,0.49679270259559005,1.6638793672598944,1.0,False
2,12,48,0.4062109317274041,0.2278953828215008,-0.07117381291083826,0.22032312608017807,0.4405687384680661,1.4851864794141154,1.0,False
2,12,49,0.25382946645846843,0.23002795032501328,-0.20175122830097833,0.21808629313467434,0.41357438262972435,1.4054492447401077,1.0,False
2,12,50,0.11177083263017448,0.23182393791703965,-0.33199011002881645,0.2149110311068069,0.4216057559442953,1.446051850991915,1.0,False
2,12,51,-0.020465067006206906,0.23372154007519214,-0.45649976764333283,0.21098245479496866,0.4496999622082081,1.5510040191221037,1.0,False
2,12,52,-0.14595939810367228,0.2361583789755712,-0.5685060348358166,0.20647489646967335,0.4686776955923257,1.6163142356177362,1.0,False
2,12,53,-0.26924162679888974,0.239091499943153,-0.6627682971019448,0.20162280804892765,0.4536258182686988,1.5640045017614004,1.0,False
2,12,54,-0.3950674204506421,0.24192058815141437,-0.7380892306208945,0.19682621624519003,0.3989854143486115,1.3818095799953187,1.0,False
2,12,55,-0.5270569981600111,0.24379517657387934,-0.7976694089720295,0.1928097075681128,0.31189472779522714,1.0935448913733845,1.0,False
2,12,56,-0.6663910877162633,0.24401409435194374,-0.8473011441042402,0.1905060331440124,0.2017151218018748,0.7208144432343689,1.0,False
2,12,57,-0.8111390996202511,0.24233547028735875,-0.8928202674926365,0.19038324702918116,0.08006270007929778,0.2913979728982584,1.0,False
2,12,58,-0.956739316581221,0.23915148220099286,-0.9382562252509027,0.19174500365112557,-0.03933789671078096,-0.1454160760773063,1.0,False
2,12,59,-1.0975255513803615,0.2354712470087955,-0.9851334435642494,0.19294722230425249,-0.14417001219140968,-0.5436183503499742,1.0,False
2,12,60,-1.2285702290421154,0.23257521352384275,-1.0325714624406108,0.19249497105279406,-0.22736311858829036,-0.8782902318646177,1.0,False
2,12,61,-1.3470520391485117,0.2313227637697763,-1.0778070916146267,0.1899508084645364,-0.289118055317896,-1.1361107035184133,1.0,False
2,12,62,-1.4527104287597559,0.23155717019432923,-1.117063721743592,0.18594259747271066,-0.33712119600125123,-1.330824605504167,1.0,False
2,12,63,-1.547296006925037,0.23226895675530176,-1.1467068449619777,0.18153402557602535,-0.38489756686176774,-1.5180124212705968,1.0,False
2,12,64,-1.6332394481210377,0.23251531240920664,-1.164410062891924,0.1775820484336656,-0.4456970942122393,-1.7613920506034189,1.0,False
2,12,65,-1.7121335972282774,0.23226043860976264,-1.1699954498718976,0.17439271476376583,-0.5254115820349027,-2.0686501900822054,0.274,False
2,12,66,-1.7837723545804267,0.23235554715417342,-1.1657270098952113,0.1717382520294756,-0.619683721543457,-2.3636362351538787,0.274,False
2,12,67,-1.8461380990349965,0.233649838989093,-1.1559064233766545,0.16930071003255856,-0.7159348343379717,-2.5793160983315873,0.274,False
2,12,68,-1.896155255434413,0.2359725980670852,-1.1456821307271878,0.16727564897054822,-0.7988836504963953,-2.7212344341877137,0.274,False
2,12,69,-1.9307308104434555,0.2379200808260223,-1.1392588256110971,0.16637957207604817,-0.8533800701573852,-2.8063157386062936,0.274,False
2,12,70,-1.9476614890656128,0.23773712548445713,-1.1381395049459118,0.16698682354953007,-0.8670255828391774,-2.836531863843965,0.274,False
2,12,71,-1.946175690896554,0.23455474713276883,-1.1402575442892573,0.16847679738029644,-0.8426220525612788,-2.820302597873164,0.274,False
2,12,72,-1.9271184948150852,0.2289537387017761,-1.14054492856668,0.1698715927305135,-0.7996050308952302,-2.7772549321295963,0.274,False
2,12,73,-1.892988462938498,0.22259466046108836,-1.1327618006725793,0.17099420411986307,-0.7530241747709553,-2.7079227667732337,0.274,False
2,12,74,-1.8478832849298399,0.21747001497075888,-1.111773559454235,0.1727198827369177,-0.7091901014343583,-2.602684547506133,0.274,False
2,12,75,-1.7969879726871723,0.2152221418934308,-1.0753444057515948,0.17624556861864651,-0.680278008285283,-2.489471831359864,0.274,False
2,12,76,-1.7452966625048854,0.21646546913966372,-1.0249423439670353,0.18228720751423574,-0.6805303786140533,-2.405915915402275,0.274,False
2,12,77,-1.696064864873074,0.2203488794989805,-0.9655907491402314,0.19071676035140026,-0.7112770524246522,-2.358163470219378,0.274,False
2,12,78,-1.6500546071501898,0.22504745742849463,-0.9049668506445325,0.20049905240892285,-0.7578219804516629,-2.337379329725743,0.274,False
2,12,79,-1.6060510050393388,0.22902566194267426,-0.8517560887336103,0.2098165314405723,-0.7965882177374173,-2.3230963722767273,0.274,False
2,12,80,-1.5620228764103055,0.23185967715714995,-0.8132878267353923,0.21654179335214307,-0.8064240645518236,-2.279201431859007,0.274,False
2,12,81,-1.5159948557882044,0.23389811073092326,-0.7930491488580149,0.21905672628501924,-0.7779569060805036,-2.1837528573921006,0.274,False
2,12,82,-1.4663951498094936,0.23541780180397615,-0.789295368885071,0.2169847872422516,-0.714299657779893,-2.042560063644346,0.274,False
2,12,83,-1.4123125496441051,0.23637860018946344,-0.795767965506812,0.21133894771935177,-0.6277568481319419,-1.8746229836007653,1.0,False
2,12,84,-1.3539684338995832,0.23685322685588545,-0.804321438190464,0.20403093975905684,-0.5372317326902823,-1.7069462739136287,1.0,False
2,12,85,-1.2931434466693008,0.23728989459962344,-0.8079611901279145,0.1971157634141391,-0.4592780224280384,-1.5570512427821874,1.0,False
2,12,86,-1.233079977439164,0.23823294166484402,-0.8025827164136397,0.1921409703168145,-0.3983149064994669,-1.4119848140932374,1.0,False
2,12,87,-1.177693548674958,0.23995434814971311,-0.786817330457083,0.18974258265168267,-0.3519582862146377,-1.2586671495595005,1.0,False
2,12,88,-1.1303528422762956,0.2423476344399997,-0.7608085524599768,0.1895818444115812,-0.32383532983240804,-1.130059450925868,1.0,False
2,12,89,-1.092697584186791,0.2449214958325703,-0.7252178882700195,0.19071209290721408,-0.3229588511731474,-1.0807796401362961,1.0,False
2,12,90,-1.0639318640814837,0.24682844833413223,-0.6811062377444463,0.19218656050361077,-0.3506541196968518,-1.1248454400911825,1.0,False
2,12,91,-1.0407985368394086,0.2471665625433323,-0.6304349279595958,0.19349319924087366,-0.3970401443376871,-1.2347924283393281,1.0,False
2,12,92,-1.0181420381102149,0.24547973811381557,-0.576554785462654,0.19460262117483396,-0.45156322248153435,-1.380028138720842,1.0,False
2,12,93,-0.989912185435977,0.24192589841868417,-0.5241841796846572,0.1957254069776588,-0.505615606236448,-1.5273935678763169,1.0,False
2,12,94,-0.9506668390689759,0.23687800512073914,-0.4786659225309088,0.19694463809800644,-0.5416703222396733,-1.6181060958007587,1.0,False
2,12,95,-0.8975306221067995,0.2304794922676926,-0.4446530813949654,0.19787674421777432,-0.5326566637504007,-1.5799637287954025,1.0,False
2,12,96,-0.831852427007254,0.2227632555103212,-0.42480560422220703,0.19760181135635516,-0.46459708154039214,-1.3843836491794645,1.0,False
2,12,97,-0.7592794983959315,0.21418397695298902,-0.41922949027103223,0.19506911901209686,-0.3568806286748592,-1.0902495420844707,1.0,False
2,12,98,-0.6876993835236884,0.20588311631531414,-0.42586453767028043,0.18984989633354654,-0.24830328498738222,-0.798916026833238,1.0,False
2,12,99,-0.6241759923047355,0.1992587627502235,-0.44121458049512446,0.18275849414993497,-0.16123155902976083,-0.555878198687807,1.0,False
2,12,100,-0.572935159840069,0.19511166243118072,-0.46074219123711385,0.17581865753392342,-0.08799601194148514,-0.3213855077304315,1.0,False
2,12,101,-0.535499777462317,0.1932378973933356,-0.4791416494924638,0.17135254405492917,-0.016909678160313007,-0.06337154112057437,1.0,False
2,12,102,-0.5120841232877822,0.19296366928693973,-0.49132931793003026,0.1706109562520316,0.039708718134879945,0.14890169820319696,1.0,False
2,12,103,-0.502364480023534,0.1939210004362849,-0.49428506858280197,0.17305342571821783,0.056485412436976926,0.2101047994750039,1.0,False
2,12,104,-0.504782168797627,0.19608871170765932,-0.48864204118056614,0.1769922095948244,0.025137966680215368,0.09284119374496687,1.0,False
2,12,105,-0.5154665838352562,0.1991982552265747,-0.47878509824165594,0.18084964894617925,-0.03693828946612178,-0.13559942421374332,1.0,False
2,12,106,-0.5285680787619982,0.2024498791546825,-0.4713314991580745,0.1838526895922804,-0.09877087011234668,-0.3589939523754521,1.0,False
2,12,107,-0.538458221820229,0.20499366450368967,-0.4728711725569894,0.18589398545766017,-0.12964688864059967,-0.465026966513923,1.0,False
2,12,108,-0.5422485657516827,0.2065745497885535,-0.4878983249809242,0.18701984258865356,-0.11250656762464294,-0.3998790873046333,1.0,False
2,12,109,-0.5404600640398448,0.20752573964726512,-0.5174606951070911,0.18712279601829349,-0.05483649482451636,-0.19493034185857974,1.0,False
2,12,110,-0.5351192438764474,0.20811929049003033,-0.558823507712205,0.18612219402721109,0.0177117199825925,0.06356839426927154,1.0,False
2,12,111,-0.5267593307643497,0.2081081748413922,-0.6062905768442746,0.1843981919444953,0.08321438543962544,0.3032647146828129,1.0,False
2,12,112,-0.512781793502347,0.20700973225021918,-0.652939171487304,0.18297375395314633,0.13747192957789597,0.5092334535325722,1.0,False
2,12,113,-0.4885545886857082,0.20472214005204892,-0.692572705464679,0.1831567680871608,0.19088412678012762,0.716920092408617,1.0,False
2,12,114,-0.4504578216068394,0.2018440961162582,-0.7211141472714262,0.18578794941737695,0.2567771717835612,0.9719105536589594,1.0,False
2,12,115,-0.3986267739827752,0.1995426786354745,-0.737088759168635,0.19062521682697592,0.33901495902072915,1.2816350580173899,1.0,False
2,12,116,-0.3374683490726815,0.1990676415196791,-0.7414095547379814,0.19640374559115878,0.42515846614067315,1.5922080614379317,1.0,False
2,12,117,-0.2737616119121141,0.20106124890608568,-0.7368581488875375,0.201516566664387,0.49383875268870714,1.8183209283744166,1.0,False
2,12,118,-0.2138803833622687,0.205027568827329,-0.727366485171263,0.20470941210126434,0.5354578398195057,1.9093966899380952,1.0,False
2,12,119,-0.16206897244609222,0.209435061823281,-0.7169817382631517,0.20534413205826443,0.5630316251000633,1.9181998082394252,1.0,False
2,12,120,-0.1205579603534499,0.21253024514537208,-0.708679416356856,0.20329296106520162,0.5950983962011323,1.952479280650734,1.0,False
2,12,121,-0.09070545995018069,0.2132974010149673,-0.7036036015914459,0.19876318882472704,0.6320484423440366,2.0355776810610196,0.9364,False
2,12,122,-0.07369109828401678,0.21185427448015692,-0.7011427758144603,0.1922526296405669,0.6590384499778187,2.120953389296562,0.9364,False
2,12,123,-0.07001709527161128,0.20912622276507337,-0.6995683747051249,0.18465867291553603,0.6646873489975537,2.184604661227369,0.9364,False
2,12,124,-0.07833798557539211,0.2061866565777137,-0.6966219177527476,0.1773756722672795,0.6474045426236466,2.206082954238172,0.9364,False
2,12,125,-0.09474837810434526,0.20366933918019628,-0.689839437970412,0.1720383404721399,0.6135592189798109,2.140604061178395,0.9364,False
2,12,126,-0.11322286291349827,0.2015227786773183,-0.6769517389068755,0.16978143989970237,0.5716078587558147,1.987428392624274,1.0,False
2,12,127,-0.127058728935385,0.19931927751854683,-0.6566625122697287,0.17059016950211475,0.5244775545940606,1.7978675017027528,1.0,False
2,12,128,-0.1306903076907208,0.19693642625217977,-0.6295306282115648,0.17349325271223906,0.4762474480113937,1.6190911062475253,1.0,False
2,12,129,-0.12119253526198144,0.19493076131338888,-0.5982448309178632,0.17738391631334893,0.4410287522989054,1.4950031695416428,1.0,False
2,12,130,-0.09884117255214225,0.1941635044712574,-0.5668058171205792,0.18154327798246456,0.43212659595493386,1.4517765005634555,1.0,False
2,12,131,-0.06634267838665316,0.19510507052607765,-0.5388819841495855,0.18545983785785436,0.44705664135731504,1.4730399469425046,1.0,False
2,12,132,-0.02710101834574022,0.1975481237409262,-0.5162284396872859,0.18841112829809753,0.4728002429621501,1.5291973631545464,1.0,False
2,12,133,0.0162984266857976,0.2007803773471852,-0.4980351390947363,0.1894786784713634,0.5033476716135095,1.6133181026395043,1.0,False
2,12,134,0.06236466671076592,0.20392177102624637,-0.4814801615705539,0.18805105962323718,0.5420901075320054,1.7370185746013171,1.0,False
2,12,135,0.10991050545714394,0.20644904787951557,-0.46311172741371637,0.18431505282928737,0.5862299221892986,1.8917997149793464,1.0,False
2,12,136,0.15724225893326255,0.2086899225059959,-0.4403885702197742,0.1793872468876825,0.6213198103904016,2.01804278210842,0.9908,False
2,12,137,0.2018966292314782,0.21168083235547908,-0.4128091711283342,0.17504770336708567,0.6367915516701952,2.054955055531937,0.9908,False
2,12,138,0.24053535236140233,0.21636470171830138,-0.382269647751625,0.17306170586973385,0.6374667234497319,2.015103209977603,0.9908,False
2,12,139,0.2687382060270954,0.22283908686395473,-0.35238951019599746,0.17424739130710643,0.635014947763542,1.9476326712129268,1.0,False
2,12,140,0.28148051980586875,0.23014923820064728,-0.3267721898806121,0.17793908369066827,0.633307172081797,1.8665567703586678,1.0,False
2,12,141,0.27520653394381656,0.2366089905784711,-0.30690108578927544,0.18242847060066986,0.6226928722161333,1.7609802347731174,1.0,False
2,12,142,0.25079099820980194,0.24046320733823834,-0.29119840122655916,0.18601740948815795,0.5854751077092728,1.6142827248825435,1.0,False
2,12,143,0.21499159031647586,0.24054130534841214,-0.27644080394559883,0.18778864258199876,0.5108803522614429,1.4103507496555183,1.0,False
2,12,144,0.17850106901807522,0.23661274247691916,-0.2607621883793877,0.18767900195051046,0.41265842571235134,1.1674450392990128,1.0,False
2,12,145,0.15139579861324173,0.2295569045577154,-0.2455333726585321,0.18606796279296364,0.3303510048760404,0.9700877185595178,1.0,False
2,12,146,0.13909834132656373,0.22144260520037518,-0.23390545706509452,0.18330595094256344,0.30198167930361913,0.9230713010230579,1.0,False
2,12,147,0.14154298598900455,0.21502996151230985,-0.22688638422435706,0.17952805236684724,0.33144342331283105,1.0453308921604842,1.0,False
2,12,148,0.15545248497642072,0.2122873168918618,-0.22056018178636663,0.17486844672223653,0.3863700343857593,1.232962902399055,1.0,False
2,12,149,0.1772749959221857,0.21302738959749315,-0.20743213138148012,0.169843138417246,0.4259136550513889,1.3530868907181894,1.0,False
2,12,150,0.20451631490975025,0.21538924441861054,-0.18125904173140434,0.16549887000529795,0.42745955804964453,1.3491593407118063,1.0,False
2,12,151,0.23525651678963277,0.21761773847295063,-0.14161617046664404,0.16309708522683358,0.39488908005926227,1.2428391192151629,1.0,False
2,12,152,0.2672161240892116,0.21905747948914253,-0.09478092456157883,0.16341767437758536,0.35173921218116033,1.1008436670148678,1.0,False
2,12,153,0.2975417029082613,0.21976875465631424,-0.05068361340061804,0.16618681200474722,0.32186986686075153,0.9966980736820766,1.0,False
2,12,154,0.3232826588246026,0.21976382003946612,-0.01851252988196452,0.1702511711606185,0.31229945626408656,0.9563964457084371,1.0,False
2,12,155,0.3418345058303315,0.2187998701344061,-0.0036993694939834194,0.17436295063344476,0.3194274589832267,0.9692241696849082,1.0,False
2,12,156,0.351037804876676,0.2167503570150805,-0.007022327556646633,0.17777760124860337,0.34245632985447655,1.033826937445021,1.0,False
2,12,157,0.3494718095811066,0.2139860883026117,-0.024861175501034755,0.18029033386112753,0.3794391167933748,1.1470420749602248,1.0,False
2,12,158,0.3375868899758747,0.211337862983481,-0.04974071068929236,0.18201540843029418,0.41737225108712245,1.2663190298185014,1.0,False
2,12,159,0.31924506949926473,0.20973318089774226,-0.07148930555473355,0.1832741261268846,0.43435169589114775,1.3149605989042426,1.0,False
2,12,160,0.3020327134415029,0.2100258171229076,-0.07981545547495314,0.1846101135892082,0.4161771423428881,1.246493012243785,1.0,False
2,12,161,0.29503386759603123,0.21332902278961155,-0.06805538859235262,0.18670078904562606,0.37149162551421644,1.0951314937463033,1.0,False
2,12,162,0.3048380821652785,0.22108052683052792,-0.036283037302124704,0.19003352102304674,0.3237381955710002,0.931256564426958,1.0,False
2,12,163,0.3324668320822528,0.23378534784019497,0.008366484483306265,0.19455603388977205,0.2906313272677391,0.8031182804166139,1.0,False
2,12,164,0.3735267796534327,0.24952679568046432,0.054793894831095834,0.19960132789834942,0.27921174747554434,0.734477088406779,1.0,False
2,12,165,0.42143420279717514,0.2645176223670566,0.09284044608381119,0.20407558163933465,0.2923459996663172,0.7386834351403123,1.0,False
2,12,166,0.4712767319371724,0.2753140497794313,0.11721946827361164,0.20674636920014702,0.3267358122813427,0.8106111769854867,1.0,False
2,12,167,0.5216175012779625,0.28045872944363215,0.12849633127283366,0.20665586668569555,0.3724198485240984,0.9303641771624831,1.0,False
2,12,168,0.5731943212279529,0.28061311758626833,0.13120471889723898,0.20368061867204101,0.42538065466321767,1.0949945301403992,1.0,False
2,12,169,0.6257058716663152,0.2777075314211598,0.13088467345295937,0.19887183278965265,0.4917552897049176,1.3208042253809018,1.0,False
2,12,170,0.6752958367656492,0.2739039571156958,0.1319649441933314,0.1940464631689944,0.5708855362699757,1.5907066465473931,1.0,False
2,12,171,0.7149110715357802,0.2708529894334679,0.13718293346946103,0.19078109187191994,0.6397887981247485,1.8237391519063058,1.0,False
2,12,172,0.7374713973191128,0.26934370135509855,0.14793374584826488,0.18981893794522203,0.6656990318730817,1.9311968641399597,1.0,False
2,12,173,0.7394546776353483,0.2691797431959318,0.16464319724441986,0.19137571080113983,0.6362807378460718,1.8682130627214122,1.0,False
2,12,174,0.7222275522239253,0.2692804130288193,0.1868130822581888,0.1954827010720549,0.5697861231206544,1.6645922978333811,1.0,False
2,12,175,0.6905333212295889,0.26832648279930976,0.21288419717997084,0.20167946708474158,0.4928329115153136,1.4140250379337915,1.0,False
2,12,176,0.649924241161273,0.265812709911337,0.2401189125112128,0.20863291652061283,0.41471688364800136,1.1695909231793375,1.0,False
2,12,177,0.6053499790788812,0.2625884103572325,0.2646707701419749,0.21441062784545356,0.33107210325751263,0.925163897145058,1.0,False
2,12,178,0.5614643244419802,0.26023967211645543,0.28206234134410196,0.21727911420330148,0.24540858794205342,0.686133504294424,1.0,False
2,12,179,0.5234011920230173,0.25982524054363076,0.2881492215476795,0.21642731555493472,0.17520188396342087,0.49433672509263255,1.0,False
2,12,180,0.49655564703295524,0.26113093575594315,0.2802388046104342,0.2122239610779957,0.1408914097004786,0.4030847731892765,1.0,False
2,12,181,0.4851281174022175,0.2629429098042086,0.2577595658767105,0.20606247982797649,0.1538324911671016,0.44648804894321814,1.0,False
2,12,182,0.4903354989736549,0.2637674672416932,0.22208110311910884,0.20000175879121715,0.2109561664662099,0.6198761304082795,1.0,False
2,12,183,0.5093225679087316,0.26236948708395624,0.17569550249223984,0.19612268183040568,0.2986768387591829,0.8834841922313383,1.0,False
2,12,184,0.5353266774329789,0.2581213418260107,0.12154425980406468,0.19554075700008003,0.40398391677904844,1.1946146920538234,1.0,False
2,12,185,0.5592210234714936,0.2513168958897182,0.06316068045468679,0.19775966125270047,0.5187505009818338,1.5326677463922296,1.0,False
2,12,186,0.5721273810103683,0.24330641895763433,0.005299211983730696,0.2011669301485674,0.627005063776543,1.8623097460243674,1.0,False
2,12,187,0.5681459617692944,0.23612033193638052,-0.04617898737747381,0.2042448969902392,0.6981305115844657,2.089226068630897,0.994,False
2,12,188,0.5459260456296897,0.23144179953787725,-0.08589506691553055,0.20635510638574794,0.710393349150335,2.121916829467187,0.994,False
2,12,189,0.5084877699399398,0.2294810639925217,-0.11112788568989729,0.20763557056560994,0.6731198387303181,1.9804730002908368,1.0,False
2,12,190,0.4619769521380581,0.22889531615892042,-0.122800559790412,0.20843121900929676,0.6093389574109078,1.7636604491990753,1.0,False
2,12,191,0.41449569153029747,0.22805178495674197,-0.12440180350592189,0.2089073248582608,0.5327362471454093,1.5386235610109475,1.0,False
2,12,192,0.37522409019401093,0.2263447721070637,-0.11962776824994899,0.20907757711961847,0.4568471764394045,1.3348621650080352,1.0,False
2,12,193,0.35298426281649087,0.22425026187674096,-0.11034021736448064,0.20900636640918033,0.40530359708718183,1.1951244600037356,1.0,False
2,12,194,0.35378247916405003,0.22232076671310122,-0.09596645312496203,0.20891940918664612,0.3966346650085161,1.1660458194628227,1.0,False
2,12,195,0.37842909847725853,0.22044133665942986,-0.07439955688938729,0.2091311594129444,0.42767949938445987,1.2438906407718822,1.0,False
2,12,196,0.42214363410868594,0.21811415469699016,-0.04358572395407542,0.20980025522146137,0.474484480809038,1.3646531366956067,1.0,False
2,12,197,0.4769076427071925,0.21518019935478053,-0.0027295682095006984,0.210688803245338,0.5080722241861523,1.4520595752759795,1.0,False
2,12,198,0.5352369274432242,0.21206995297874698,0.04753634783594361,0.21121338009720314,0.5154628184582942,1.4779500265491505,1.0,False
2,12,199,0.593024291970593,0.2094781619722971,0.10589674477846654,0.21083024374633513,0.5040536302605202,1.4675511017274177,1.0,False
2,12,200,0.6499745989703051,0.2079624429585119,0.17132127407612494,0.20941930325873023,0.4859029505499739,1.4510227341035513,1.0,False
2,12,201,0.7078699563932267,0.207762401047658,0.2435656126171516,0.2073026366906802,0.4666122580946377,1.4316248139492016,1.0,False
2,12,202,0.767984036594838,0.20874188262064405,0.322928957660405,0.2048921753760183,0.4489618867357692,1.4052391857167212,1.0,False
2,12,203,0.829076102730227,0.21045430455570513,0.4093984406208553,0.20233731148469872,0.43581159774649064,1.3816878275476192,1.0,False
2,12,204,0.8870805051101353,0.212506748140074,0.501591288845798,0.19951708728911272,0.4192733057098754,1.3400696438203556,1.0,False
2,12,205,0.9369641958694008,0.21506985427272976,0.5961372856372115,0.19630950086122098,0.3779828605581009,1.2106622992823581,1.0,False
2,12,206,0.9759348279860011,0.21897770928987026,0.6881094607735604,0.19282085634694232,0.3023947539129416,0.9646632624050315,1.0,False
2,12,207,1.0058162475602348,0.22507941712395885,0.7724752347716631,0.18944006189820528,0.21182253135715604,0.6707999664269557,1.0,False
2,12,208,1.0324406259814796,0.23331360606248858,0.8456399680614706,0.18678581946452077,0.13634818152773806,0.427094302540595,1.0,False
2,12,209,1.0619072180684588,0.24246219670882893,0.9059478504859141,0.18554905375279807,0.09694536120811532,0.29861370673977256,1.0,False
2,12,210,1.0961183991525225,0.2508528844919336,0.9528555939456728,0.18621024999648042,0.10157711456791615,0.3064589477714046,1.0,False
2,12,211,1.1309246785410887,0.257244744546155,0.9855776438134027,0.18878897483517942,0.13735660712755754,0.4058294310377725,1.0,False
2,12,212,1.1585310622048675,0.26113191137867897,1.0023515230591147,0.19283949872530956,0.1707228912539464,0.4958874259858472,1.0,False
2,12,213,1.1727141536540087,0.2624909470413864,1.0010213816079114,0.19773365335276794,0.17737187545108687,0.5117149811858298,1.0,False
2,12,214,1.1732997318712124,0.26149295912823367,0.9808155222268314,0.20303069040156496,0.16885152230983555,0.4907914050811589,1.0,False
2,12,215,1.1669006884677064,0.25853099037111443,0.9442944774484934,0.20858840384417313,0.1781630040821356,0.5262661473430257,1.0,False
2,12,216,1.1635242384693363,0.2544907523880604,0.8979455449545205,0.21430683190783897,0.22439697814314563,0.6726275991704,1.0,False
2,12,217,1.1711702001921218,0.25089926362730336,0.850507087144871,0.21988941181636582,0.29982133193005944,0.9090126067208638,1.0,False
2,12,218,1.191356389719229,0.2494802932472614,0.8097082675464851,0.22498130483363177,0.38699615370085066,1.1854747106598886,1.0,False
2,12,219,1.2176900897636396,0.2510574691242246,0.7793114329301531,0.22944243014033852,0.47380501999434155,1.4608971891616103,1.0,False
2,12,220,1.2380580919829107,0.25472283470414325,0.7579439927298656,0.23331443151463452,0.5445524619084293,1.681117493001263,1.0,False
2,12,221,1.2393697909583747,0.2582807729029641,0.7397779159604785,0.23650927150946544,0.5727086116712601,1.769099658118959,1.0,False
2,12,222,1.2125450678447296,0.25959355951185437,0.7162524988794384,0.2386345865044773,0.5444688836641387,1.6941255021655868,1.0,False
2,12,223,1.1553215492235491,0.2577009365388279,0.678239520564236,0.23923660644613187,0.48127860502677644,1.5313922801227569,1.0,False
2,12,224,1.07179249811224,0.25319251655179376,0.6183595896782836,0.2382954731552437,0.42207859257641794,1.3961645663516884,1.0,False
2,12,225,0.9695036383103262,0.24781246953075883,0.5329168414568619,0.23648683722633987,0.3911849214661287,1.3426205792019823,1.0,False
2,12,226,0.8560248282490265,0.24343848531490067,0.4227440949029646,0.23486961664172426,0.3916089208876475,1.3578133244115467,1.0,False
2,12,227,0.7366707311818522,0.24106547899205422,0.2928022341668971,0.2341939863682216,0.4180318196309121,1.4251841600527957,1.0,False
2,12,228,0.614074623650525,0.24065349526191912,0.15111113713261823,0.2344268405842733,0.4619914990158876,1.542511364166841,1.0,False
2,12,229,0.4893086968629251,0.24181947330481499,0.00754251409121302,0.23488208132943184,0.5081905483932649,1.6801022064769116,1.0,False
2,12,230,0.3635265031273491,0.24444202608735685,-0.12766848007699647,0.23474326445263144,0.5373641152473503,1.7731305361703145,1.0,False
2,12,231,0.2389817962075307,0.24854714484489615,-0.2460273674517802,0.23356822566772636,0.5350391208384266,1.763162982543275,1.0,False
2,12,232,0.11888175244748013,0.25369916211820187,-0.3431006800956764,0.23159950422440903,0.49880722334891864,1.6427832747251165,1.0,False
2,12,233,0.00640062711424851,0.25864629052640337,-0.4198377747269456,0.22973598861877606,0.43791714234848433,1.4488620201870397,1.0,False
2,12,234,-0.0963533152258326,0.2618090814515297,-0.4817779826932844,0.22904974581869292,0.3689582211867529,1.2350593245087365,1.0,False
2,12,235,-0.1887332340139542,0.2623452546434016,-0.5361223779941454,0.23017488796750754,0.314359081288826,1.069333369547847,1.0,False
2,12,236,-0.2710774909950469,0.2609022630221966,-0.5880542348098249,0.23308730391483914,0.28952693414678454,1.0008916769946978,1.0,False
2,12,237,-0.3436987743400804,0.25944982587769383,-0.6384392021196126,0.2372844757643612,0.2860582016367583,1.0027395659811895,1.0,False
2,12,238,-0.4060702256359027,0.26020312507620086,-0.684316285954127,0.24203444159061238,0.28273833389924036,0.996817507262204,1.0,False
2,12,239,-0.4567669085785961,0.2642290980990215,-0.7216197877213706,0.24663271858449276,0.2689399367042664,0.9382925850476257,1.0,False
2,12,240,-0.49408802907218596,0.27079854716555624,-0.7479680910472465,0.2507372944665717,0.24777459117933714,0.8434064292996765,1.0,False
2,12,241,-0.5168996507916227,0.27804928847299404,-0.763658734076973,0.25452684586526764,0.22860457061904293,0.7520522061442746,1.0,False
2,12,242,-0.5254001328217522,0.28425742615828387,-0.770796502966843,0.2583179556708274,0.22296369873324617,0.699783204898541,1.0,False
2,12,243,-0.5216621611116162,0.2887152108942686,-0.7718165029855986,0.26186372869664204,0.23611126966420257,0.7004568103839639,1.0,False
2,12,244,-0.5095900929718898,0.2918759014053166,-0.7684571971748135,0.26414542666926333,0.25932448917719925,0.7330085372899232,1.0,False
2,12,245,-0.49390620073263425,0.2948353433010287,-0.7613347165105355,0.2640216127049441,0.2803894554726145,0.7691896314625566,1.0,False
2,12,246,-0.4784197237427559,0.29841292212329984,-0.749985444623105,0.2610876391768153,0.2944954140395301,0.7934048086303557,1.0,False
2,12,247,-0.4645625620801358,0.30243046085243824,-0.7335209270393742,0.255919347513658,0.2941112829971444,0.7791234665312262,1.0,False
2,12,248,-0.4510969619901257,0.3057451244869207,-0.7117894995259749,0.24960610310857573,0.2703703567877809,0.7037781727064977,1.0,False
2,12,249,-0.4350356553127006,0.30693545678330086,-0.6860713432960427,0.24313575666227982,0.2345374531155955,0.6032919833566583,1.0,False
2,12,250,-0.41305470133450795,0.30510404141776176,-0.6582796042896228,0.2371989372575045,0.21379453497396203,0.552915166827337,1.0,False
2,12,251,-0.38268551437676,0.3004484230566739,-0.6291474182542052,0.23236353361270773,0.22238702163718682,0.593659031811791,1.0,False
2,12,252,-0.3430927315262941,0.2944061300475773,-0.5973573288937667,0.22900352821540226,0.25017465056310256,0.7005035486839062,1.0,False
2,12,253,-0.2955486397632232,0.2890354569760043,-0.5609560290054009,0.22682404631866962,0.2765805019289605,0.8003480934388405,1.0,False
2,12,254,-0.2435245739574486,0.2856722037933404,-0.5200716546575134,0.22480832115339014,0.2886949659314338,0.838358736331989,1.0,False
2,12,255,-0.1920849185098427,0.2840197440328021,-0.4784122526521011,0.2221014686403716,0.2882493639511179,0.8331407924350621,1.0,False
2,12,256,-0.1465083613980414,0.2828001259799164,-0.4418963575411216,0.21893966348615473,0.2868789636680907,0.832977506255776,1.0,False
2,12,257,-0.11067078612140198,0.28119794382482294,-0.4151511619014686,0.2164591216014063,0.2954188876243988,0.8652688153221675,1.0,False
2,12,258,-0.08609287528327308,0.2794386341491603,-0.39835705918015707,0.2155418633671347,0.3159645299249398,0.9282392806391039,1.0,False
2,12,259,-0.07223085760202679,0.2781788643477535,-0.38672567535506175,0.21600434699497545,0.33964891014058674,0.9907504639821216,1.0,False
2,12,260,-0.06773158981250209,0.2776663758597078,-0.37312730797236615,0.21688285170721272,0.35001782103046875,1.0072770309986296,1.0,False
2,12,261,-0.07165089879380326,0.2774528343135746,-0.3523732668271225,0.21719524719627226,0.33160137007445306,0.9445460583197807,1.0,False
2,12,262,-0.08369341252599688,0.2766653273753098,-0.3246495653520666,0.21638494477118433,0.27591101245053096,0.7848142652221873,1.0,False
2,12,263,-0.1033863501529634,0.2745319750663718,-0.29607281569204147,0.21442712955568205,0.18946225991377322,0.5420088716218595,1.0,False
2,12,264,-0.12898684603027374,0.27087828850056306,-0.27598495194901335,0.211860783300835,0.10241069291035737,0.29605190043476204,1.0,False
2,12,265,-0.15700629270548125,0.26624319142009223,-0.2725332323487861,0.20974159465206432,0.05095216394400447,0.14940668084247408,1.0,False
2,12,266,-0.18254161684422016,0.2614580819601597,-0.28908386479822823,0.2093008713145321,0.045993864064474345,0.13692115901814098,1.0,False
2,12,267,-0.20000222727636682,0.2571194389998406,-0.3232590965872428,0.21125978811916887,0.07391074955793454,0.22308308667054064,1.0,False
2,12,268,-0.20394820334983968,0.2534852950709331,-0.36842012600541246,0.21527586277937202,0.12145848489947197,0.37129589309299027,1.0,False
2,12,269,-0.19023002665287086,0.2506238366503374,-0.4160047897790037,0.22012296733096676,0.18875403825494777,0.5826050032285628,1.0,False
2,12,270,-0.15759351340857328,0.24833943748100254,-0.4574362263317393,0.22446135895089492,0.28286380118537807,0.8752466972554299,1.0,False
2,12,271,-0.10923605902926727,0.2460156034419287,-0.485591761327379,0.22748129055656713,0.3969702243180966,1.2258425819429652,1.0,False
2,12,272,-0.05325970265464224,0.24286523076016733,-0.49635803927853694,0.2289800980582209,0.500488466292192,1.555001337639734,1.0,False
2,12,273,-0.001240192568414337,0.2385399594577596,-0.49000049484184266,0.2290163203289951,0.5633241119229626,1.7940095814702002,1.0,False
2,12,274,0.03503363127020403,0.2335109378006581,-0.4711098071206026,0.22763314056419132,0.5788914170901469,1.9253211080445374,1.0,False
2,12,275,0.047767431128720644,0.22887544873216514,-0.4463021186308276,0.22493808494653172,0.5537832310583313,1.9411842673722002,1.0,False
2,12,276,0.03670882665343846,0.22587696321770662,-0.42068780471836525,0.22128039042926267,0.4945204616113901,1.8116715683915063,1.0,False
2,12,277,0.010017689534227313,0.22552821303900014,-0.39561563677128814,0.21719908584493614,0.41219414754750583,1.5331272883314564,1.0,False
2,12,278,-0.01876290787425187,0.22825962098461977,-0.3695473318927776,0.21326513210405118,0.32602942735972334,1.1847666662112009,1.0,False
2,12,279,-0.03657202147010691,0.23351763674359968,-0.34136642301395176,0.21000514966031392,0.2564079823150587,0.8836246191364999,1.0,False
2,12,280,-0.03632677508221192,0.23977089981430522,-0.3132561035211281,0.20775418671452192,0.21660650333892892,0.7025302654294472,1.0,False
2,12,281,-0.018995387670060676,0.24521347411395256,-0.2905760761326503,0.20642235227707043,0.21333633051568238,0.6629131179519846,1.0,False
2,12,282,0.008317496830116386,0.2486426999785378,-0.2787045595323841,0.20551413279482586,0.24841938214628553,0.7626226323169962,1.0,False
2,12,283,0.036245328966214956,0.24977575718739137,-0.2792827840994661,0.20445452362723399,0.31036925649221586,0.9672002086192195,1.0,False
2,12,284,0.05634375487184642,0.2488529081196837,-0.2885831025857313,0.20285305784675195,0.3747087497410372,1.2010911106887052,1.0,False
2,12,285,0.062361680635337514,0.2460375557051655,-0.2988539248495309,0.20053651528151953,0.4210686366208269,1.3847923555764055,1.0,False
2,12,286,0.05032658803891331,0.24124732245800212,-0.30140433783824705,0.19755391790116816,0.4365050248684804,1.463110390126649,1.0,False
2,12,287,0.01896032676341516,0.23454837608122855,-0.289596415455866,0.19426400193903767,0.4037556383321668,1.3803700601085116,1.0,False
2,12,288,-0.02901318782278379,0.2266518191051422,-0.2607302414527902,0.19129874140718345,0.30808918912155026,1.0759335593939465,1.0,False
2,12,289,-0.08577780881282253,0.21893871591952715,-0.21670758633569415,0.18927940608040258,0.15663928274069322,0.5539130260697933,1.0,False
2,12,290,-0.13926222161833518,0.21286204409200907,-0.16351594232714756,0.1885875616942288,-0.017589581525580947,-0.06212461395095003,1.0,False
2,12,291,-0.17641398648030512,0.2092278436301289,-0.10944045335269251,0.18948061207211403,-0.1656035813619047,-0.5806416085542933,1.0,False
2,12,292,-0.18753915439823485,0.2080910766508141,-0.062321856329361554,0.19220169039562085,-0.2436129980604803,-0.8463690870622871,1.0,False
2,12,293,-0.16949313303686125,0.20920179019111576,-0.027022714588245345,0.1965662554133426,-0.23967530703488987,-0.8192163991999145,1.0,False
2,12,294,-0.1263024015813413,0.21211864116930979,-0.0044786610499196414,0.2014037953553819,-0.17735557890558667,-0.5908949334012096,1.0,False
2,12,295,-0.06738152826472164,0.2158448793785493,0.0072834559744830215,0.20479833228652236,-0.09050444519976146,-0.2949247313657473,1.0,False
2,12,296,-0.0046172785398012174,0.21892478624035697,0.011134587327051608,0.2052035176903646,-0.001618790024077104,-0.005270399424259391,1.0,False
2,12,297,0.050367851813602114,0.22021860693706904,0.00923532830100622,0.20251004994818844,0.07574747955271516,0.25174248821578454,1.0,False
2,12,298,0.08814562840462613,0.21936854172774892,0.0025178189275293305,0.19820318648624433,0.13117481891361282,0.4459128775257277,1.0,False
2,12,299,0.10268672262499025,0.2165046249510905,-0.008989131309459492,0.19438700019275315,0.16093174827047332,0.5531841642445928,1.0,False
2,12,300,0.09219435041315487,0.21189699558685107,-0.025605742817875893,0.19230041058983646,0.16398106379442356,0.568431413715904,1.0,False
2,12,301,0.05965636637470648,0.2060581634837954,-0.04758748171025037,0.19164344585434678,0.13720207771322168,0.48290889711006935,1.0,False
2,12,302,0.012623860263047508,0.19986774466305635,-0.0747744100733882,0.19131019638823385,0.08549263667636026,0.30620469037880715,1.0,False
2,12,303,-0.038530452974152606,0.19433427257842062,-0.10604871678550708,0.1904554656647622,0.032208184989164106,0.1171688732152266,1.0,False
2,12,304,-0.08387690943991921,0.19032053420125944,-0.13867898407506662,0.18871436444391837,0.010265965740261332,0.0380651402517904,1.0,False
2,12,305,-0.1172757680462232,0.18852977395942117,-0.16815263990255933,0.1858044405748717,0.03181830855864887,0.12137400357179118,1.0,False
2,12,306,-0.1376990531159638,0.1894224110735506,-0.18908356064456294,0.1814791776372297,0.07004555460909949,0.2765132142153049,1.0,False
2,12,307,-0.147663212187924,0.19280747842159712,-0.19699028552336204,0.1760698943922736,0.08625066909033942,0.3510156866551065,1.0,False
2,12,308,-0.15018856344601558,0.19762083936660907,-0.18993965952863934,0.17079976031961128,0.06737091844499432,0.28079771546277293,1.0,False
2,12,309,-0.14675664903367264,0.20243271872848823,-0.1691640717007555,0.1671583959654179,0.028534501242234132,0.1214314837264944,1.0,False
2,12,310,-0.1374517207744981,0.20630982206856882,-0.13865024783557214,0.165885424200784,-0.007968175738825667,-0.034570129572001396,1.0,False
2,12,311,-0.12225892236751891,0.2092469772103333,-0.10432121939301416,0.16677766631809995,-0.032562854623761676,-0.14308558292494447,1.0,False
2,12,312,-0.1017202794935511,0.21192811531414213,-0.07315826124027339,0.16934355978852045,-0.052357720378435876,-0.2287625533965756,1.0,False
2,12,313,-0.07647176727391627,0.2151438090608749,-0.05195435454464167,0.17317961455707404,-0.07069137837102718,-0.2987151523095964,1.0,False
2,12,314,-0.046849841687421505,0.2192631945316632,-0.04538264237023272,0.17773644236372982,-0.06568608073857997,-0.2622153455460847,1.0,False
2,12,315,-0.013691413620750353,0.22403647633160392,-0.05396277757825233,0.18220825304020444,-0.00861225302953451,-0.03230768086701048,1.0,False
2,12,316,0.020257822706771022,0.2288244639660113,-0.07329531887770688,0.18587119792405588,0.09345718747758877,0.33347997263856893,1.0,False
2,12,317,0.050090434715559455,0.23294817666104053,-0.09544214109448818,0.18834741874849437,0.1953250051492486,0.6750921511346293,1.0,False
2,12,318,0.0704845169184211,0.23571231157949626,-0.11187305058216986,0.18945591377724436,0.2564098804702902,0.8719808591718922,1.0,False
2,12,319,0.07832723704033483,0.23624845072550196,-0.11649799791554047,0.18899954577773181,0.26673951354758124,0.9079814504437539,1.0,False
2,12,320,0.07434562506014808,0.2337594426951305,-0.10764402157000505,0.18684790003550877,0.23368933374611425,0.8150369855570544,1.0,False
2,12,321,0.06293493615491344,0.22814012832237957,-0.08851826145290152,0.18316807564447668,0.16696983742549995,0.6080156156426243,1.0,False
2,12,322,0.050701758331762284,0.22026409208761982,-0.06590574762669357,0.1785456284619568,0.08494560174163895,0.32373654860414536,1.0,False
2,12,323,0.04452893041561096,0.21163608371964737,-0.0471226407806412,0.17401539506761246,0.022271517704267517,0.08775764803778456,1.0,False
2,12,324,0.049629233916576705,0.20394203317859044,-0.03633070787422574,0.17095918496469936,0.014370305568626309,0.057547595664455234,1.0,False
2,12,325,0.06801230239786275,0.19894244653713797,-0.0324816919352294,0.17058720082829412,0.06557390574721893,0.26149519574140556,1.0,False
2,12,326,0.09797092186240353,0.19827786154147678,-0.030682035046269606,0.1731588581401733,0.13897837691823475,0.5368997217127415,1.0,False
2,12,327,0.13492958997011129,0.20270258393736715,-0.02627862952173761,0.17773814981010824,0.18986188329208153,0.6905685909349567,1.0,False
2,12,328,0.17328686441033045,0.21141286729461556,-0.018552803491398043,0.1827629066920084,0.20726331871639636,0.7000016647029234,1.0,False
2,12,329,0.2084005886387028,0.2223683986714613,-0.011130325365357551,0.1867794291857098,0.21425704890260275,0.6787218935940011,1.0,False
2,12,330,0.2379325393215536,0.23321078644686183,-0.009062495424672972,0.18886158319492038,0.2324464507447061,0.7093239591565659,1.0,False
2,12,331,0.2620726792348132,0.2418946734847919,-0.015199432783970894,0.18879247359607473,0.26272417632285744,0.7935418676352092,1.0,False
2,12,332,0.2825264147847058,0.24690095019148287,-0.028485549283912878,0.18709843047122626,0.30103863725836394,0.9187526547219074,1.0,False
2,12,333,0.30076831751948996,0.24736341052369015,-0.04467896498038897,0.18485573620589335,0.3491910153494985,1.094760384539114,1.0,False
2,12,334,0.31672319284786027,0.24324122942279605,-0.05823015179794086,0.18326200139323595,0.40143460666939157,1.307996205885092,1.0,False
2,12,335,0.32892012250452024,0.23540678773540305,-0.06408361880885566,0.18318542828875184,0.4392320896234569,1.4910471698781897,1.0,False
2,12,336,0.3360374605579295,0.2255597718881472,-0.059167391081572346,0.1849712280074627,0.4461668039563058,1.5669283357282577,1.0,False
2,12,337,0.3386022170314266,0.215982475050888,-0.043760139371955976,0.18850541833992596,0.41665350161178794,1.49441633037109,1.0,False
2,12,338,0.33953328896562596,0.20903220244802442,-0.02234203130805078,0.19327200557611315,0.3574322921984707,1.288270308580175,1.0,False
2,12,339,0.3431651925311813,0.20631923465455296,-0.0028750862625563996,0.19833393843787045,0.29487678520899374,1.0517596849706399,1.0,False
2,12,340,0.3533698593918095,0.20807121179940433,0.00609279001057738,0.20249374996981537,0.26765387974745986,0.9367713347009212,1.0,False
2,12,341,0.3716634726878933,0.21331575164017855,-0.0005282648851932188,0.2047991127258105,0.29971316078167093,1.028727140289457,1.0,False
2,12,342,0.39589982530865325,0.22059183083263986,-0.02160203834677974,0.2051370736009105,0.38588577504905863,1.3052611306361204,1.0,False
2,12,343,0.4199750484219736,0.2283639778288716,-0.05023904079944119,0.20439561793972089,0.49776346898927337,1.6634343647354397,1.0,False
2,12,344,0.4350615058004311,0.23505029889516496,-0.0772421406929483,0.20389678526408353,0.5931797061194831,1.9583860208862056,1.0,False
2,12,345,0.4325673464467795,0.23925450327196834,-0.09515960104695931,0.20444073972917415,0.6311715637691432,2.074790506680678,0.9974,False
2,12,346,0.40786982808441496,0.2403828129912848,-0.10041317569085932,0.20575731634260727,0.5955305050681292,1.975371483220977,1.0,False
2,12,347,0.3628258726060433,0.23908191975551707,-0.09272918502183564,0.20682342856320615,0.5051163070756056,1.7032674988862393,1.0,False
2,12,348,0.3054927493402742,0.23691445829981803,-0.07322716287865776,0.20670627839471598,0.3942966459176749,1.3456102570981434,1.0,False
2,12,349,0.2473277362505415,0.2353933122252586,-0.04331449839631024,0.20523252826209645,0.2849201896312981,0.9706857190529569,1.0,False
2,12,350,0.1996878482331781,0.2351825400958201,-0.005430565497633595,0.2030238755496583,0.1794381360372456,0.6030630695748197,1.0,False
2,12,351,0.1712814739025741,0.23608119021759105,0.035310707730781175,0.20093890535283726,0.07760402971749036,0.2569061558649926,1.0,False
2,12,352,0.16679450764348652,0.23748180591134116,0.0706263204572804,0.19939978281360454,-0.001713012065889114,-0.005612490394851144,1.0,False
2,12,353,0.18603522733306052,0.23870046981882478,0.09100333242207814,0.19809546521674462,-0.021565885761617578,-0.07026771176048865,1.0,False
2,12,354,0.22356586100827436,0.23916433596035558,0.08947183666801851,0.19617249939221057,0.04130210423007545,0.1346912920354613,1.0,False
2,12,355,0.26976335146980174,0.23869240550632664,0.06519624095201021,0.19275200795280661,0.16961020236287735,0.5566191172046508,1.0,False
2,12,356,0.3138221699156504,0.2377337946076492,0.02488415210704921,0.1875582852779521,0.3167834017795755,1.0448949389862243,1.0,False
2,12,357,0.3474862861050214,0.23725041268962324,-0.018805282965654976,0.18131917722678564,0.4388660649290512,1.4510704711703224,1.0,False
2,12,358,0.3672852720390575,0.23821251303124544,-0.051233599371122915,0.17555935571700682,0.5119831550908113,1.697903022394967,1.0,False
2,12,359,0.3740925404393837,0.24104557053468112,-0.06057247396210581,0.17186788049998936,0.5295358445595252,1.76420558922893,1.0,False
2,12,360,0.37089526689516966,0.2454369111728414,-0.041659182394700206,0.17133972902227107,0.49305223791560776,1.6525523154674537,1.0,False
3,18,0,0.1278058272440538,0.21524939185965522,0.17527990415446276,0.23627664454488465,-0.07546843259488946,-0.25701746938854697,1.0,False
3,18,1,0.10673388795299027,0.20936289407091455,0.18785494058479624,0.24005960675041924,-0.1219330782116812,-0.3941166575952218,1.0,False
3,18,2,0.0958500024594489,0.20429206611616071,0.19017005724007952,0.24040092346934971,-0.1478827488298129,-0.45702861149778207,1.0,False
3,18,3,0.09961016354486371,0.2000588762125852,0.1804243338202965,0.23747575780233382,-0.15020529865743215,-0.4540901655318087,1.0,False
3,18,4,0.12170184343340804,0.19702153540034895,0.1585634377298913,0.23299112416699846,-0.11825301312164606,-0.35530210938528756,1.0,False
3,18,5,0.16229853338056455,0.1964166495502844,0.12645367346202596,0.2287515875009795,-0.032789260522788174,-0.09883407632277949,1.0,False
3,18,6,0.21537592606434022,0.19964183045390949,0.08779155056369431,0.22533919747573664,0.10877618865671536,0.3345306626550302,1.0,False
3,18,7,0.26862476009931896,0.20694262907996258,0.047607951896888,0.22223288703178676,0.2720384565672603,0.8697925840040782,1.0,False
3,18,8,0.3072728390000561,0.21673464941352097,0.01129249798079436,0.2190482710600334,0.40141460556435754,1.3305887214717889,1.0,False
3,18,9,0.3202210068485343,0.22611786228895311,-0.016665272737811838,0.216275168460784,0.45389265698562586,1.5120395532099218,1.0,False
3,18,10,0.3047103425506246,0.2320993287991982,-0.03384493450625916,0.21474296603326196,0.42379601056046423,1.3796604045294367,1.0,False
3,18,11,0.2664614269030304,0.23286236302786115,-0.04061070450750363,0.2145808559147798,0.3419582956844678,1.08820086823189,1.0,False
3,18,12,0.21550241301902082,0.22857279286740506,-0.04002319308507728,0.21476979516915246,0.24971328658611067,0.78750361090175,1.0,False
3,18,13,0.16100971287208093,0.22118696694328108,-0.03657530401598188,0.21362890116466768,0.17293729863323754,0.5467236216191484,1.0,False
3,18,14,0.10892324708552376,0.21321125752049952,-0.03360803651732161,0.20988417725771588,0.11776099740935633,0.3784907823526086,1.0,False
3,18,15,0.06376090407715758,0.2063104254544722,-0.03002933893494358,0.2036129464995475,0.08120172260091348,0.26771899011412453,1.0,False
3,18,16,0.0328593354438333,0.20086645512834853,-0.018064408041772246,0.19630032870321074,0.05341745588318113,0.1786487050775861,1.0,False
3,18,17,0.029256225236686185,0.19663989726148054,0.015691928212176617,0.19005327278176506,0.016637312009209936,0.05585383756088851,1.0,False
3,18,18,0.06974352019189269,0.1937562068168392,0.08476499428049249,0.18709364084544003,-0.03704459872624672,-0.12624034535179496,1.0,False
3,18,19,0.16749482951599612,0.19319074959730995,0.19457754120834994,0.18972585641946463,-0.08855318479454302,-0.3083544206418777,1.0,False
3,18,20,0.32293019576576776,0.19631833603910734,0.33625483124880423,0.19897284706548587,-0.10408404642630292,-0.3579511075038828,1.0,False
3,18,21,0.5191098916501662,0.20364411764719328,0.4874754872748819,0.21215644564816022,-0.05818187812992237,-0.18612357194082219,1.0,False
3,18,22,0.7260281326949879,0.21384351924710873,0.6214811587239925,0.22332199599182098,0.053775544091426986,0.15671239951464533,1.0,False
3,18,23,0.9122995507066799,0.22445393599418773,0.7194562533296637,0.22711440740141295,0.2060675269428405,0.5672692427269571,1.0,False
3,18,24,1.0573875551885812,0.23364783125848157,0.7784760125517242,0.22227557053205257,0.3458557172242411,0.9479545279876669,1.0,False
3,18,25,1.1570761790527064,0.2410802631839089,0.8101250391366316,0.2120257373742234,0.4284097642717659,1.203963116215584,1.0,False
3,18,26,1.2195367382993345,0.2470126197328892,0.8313705106675844,0.20138154899002822,0.4518373770765674,1.3009009775611244,1.0,False
3,18,27,1.2553526510467699,0.251014935919265,0.8538320006784665,0.19383833635119976,0.4438328251303193,1.2946054239363813,1.0,False
3,18,28,1.2681164672319276,0.2518770664087643,0.8772396394519119,0.19038020024200294,0.42331884565637334,1.2379986841277204,1.0,False
3,18,29,1.2512154840323364,0.2485259437443437,0.8894511347124937,0.19058151377248664,0.3907446767846689,1.130925238234082,1.0,False
3,18,30,1.1924911034682213,0.24061250438941495,0.8722756926991095,0.19330968051599515,0.34137185801442016,0.9710046536075326,1.0,False
3,18,31,1.0838602484785365,0.22861866046320503,0.8106107996034899,0.19703986147369928,0.2727134773236496,0.7708597393547559,1.0,False
3,18,32,0.9297273509783894,0.2143687772014774,0.7011852999919399,0.20089321314701228,0.19542191210417792,0.5605142688696783,1.0,False
3,18,33,0.7480483288628037,0.20152499148641526,0.5565638667239875,0.20520137694931037,0.14199456008902125,0.4199909971641753,1.0,False
3,18,34,0.5623975673840828,0.19424526986494067,0.40155342818704776,0.21045226881907395,0.14010515996131423,0.43090053655927424,1.0,False
3,18,35,0.39016524408850517,0.19438664608483505,0.26324635454846995,0.21617969028918516,0.17182858164538883,0.5542357157680193,1.0,False
3,18,36,0.23544538184471825,0.20077904042202765,0.16007709771816456,0.2214187965115874,0.1761590909119723,0.6002937208723135,1.0,False
3,18,37,0.09138297438902573,0.21104334680717912,0.09579637648661946,0.2257220552970003,0.09882068721741347,0.3501956589207724,1.0,False
3,18,38,-0.051236819515768244,0.22281550504287945,0.06050273439263402,0.22921488745048865,-0.06193705223651378,-0.22394350708616256,1.0,False
3,18,39,-0.19698842121506482,0.2340994647147682,0.036255677372911584,0.23178816717538,-0.25826801098044705,-0.95990202753409,1.0,False
3,18,40,-0.34541940418910133,0.24384064208986442,0.0032763090446276105,0.2325906270965632,-0.4313686038072115,-1.6479598704959015,1.0,False
3,18,41,-0.4956005088377504,0.25204864199908283,-0.05533966702421657,0.23070226760509252,-0.5419409445051765,-2.0732983708896513,0.9938,False
3,18,42,-0.650002742810263,0.2589347212194969,-0.15012430422417544,0.22644866477967923,-0.5802611853812377,-2.1620279531744155,0.9938,False
3,18,43,-0.8138050885942627,0.2639701250711004,-0.28239166244989955,0.2217825678449894,-0.5657814881439344,-1.9908166533139788,1.0,False
3,18,44,-0.9904237685423163,0.26606937367047623,-0.44274077604892803,0.2188882263689298,-0.5353129819144261,-1.7392241869183742,1.0,False
3,18,45,-1.17723013188597,0.2649428255825316,-0.6123386088058946,0.2181337405591209,-0.5201177762984481,-1.5874396212084088,1.0,False
3,18,46,-1.364882754326531,0.2621173711825611,-0.7676148365070004,0.21767626936067075,-0.5336747716883088,-1.588438613595804,1.0,False
3,18,47,-1.540586434937532,0.2600549329989643,-0.8873216215576771,0.21530884027471472,-0.5827685817324972,-1.7261618851115486,1.0,False
3,18,48,-1.6928226747029402,0.26004195712012024,-0.9594964223200846,0.21058136476391792,-0.6771378996178725,-2.008903900018667,0.0068,True
3,18,49,-1.814784276923185,0.26138342354694216,-0.9854792777801973,0.20531380820911208,-0.81647963747387,-2.4520564490375296,0.0068,True
3,18,50,-1.905473042389009,0.2625532896875093,-0.9790838748994871,0.2023101850892281,-0.9720303446293964,-2.9707019199234423,0.0068,True
3,18,51,-1.9690116185989985,0.2624205804072557,-0.9610638007266917,0.20347769258356688,-1.095395747445762,-3.36298385080185,0.0068,True
3,18,52,-2.0128559100416394,0.2605387651707332,-0.9512133966359763,0.20892303560002107,-1.1533698069001914,-3.481689349067806,0.0068,True
3,18,53,-2.0450928692202246,0.25697814946581077,-0.9615345807301219,0.2173731451784349,-1.1481922491907997,-3.372540426996204,0.0068,True
3,18,54,-2.071288787015777,0.252158889032504,-0.9931855587816171,0.2270239831390111,-1.1069659752703918,-3.1920031196830125,0.0068,True
3,18,55,-2.092375877885553,0.2468618138365456,-1.037875462509637,0.23624575746454363,-1.060393052698765,-3.0625110235875326,0.0068,True
3,18,56,-2.1054002552799305,0.24219802946032615,-1.082316982665218,0.24405674015683848,-1.0218383879442021,-2.9928673015817324,0.0068,True
3,18,57,-2.10752393847736,0.23906656437784243,-1.1134716409427596,0.2501545302866909,-0.9817624328964081,-2.892948880633885,0.0068,True
3,18,58,-2.101089040405018,0.23747414480584178,-1.1227577414781535,0.25446073123751267,-0.9331290226079678,-2.7090543147826684,0.0068,True
3,18,59,-2.0959104411590466,0.23668824559026141,-1.1083204102041408,0.25665604719400326,-0.8980923260345915,-2.540326910245529,0.0068,True
3,18,60,-2.1061602011433433,0.23627612716934748,-1.0750946074588423,0.2563156256562969,-0.9190873624175627,-2.5795386243688774,0.0068,True
3,18,61,-2.1429383114996274,0.2370437045215558,-1.0327659077485447,0.2536966264214005,-1.02285049261783,-2.956825140949036,0.0068,True
3,18,62,-2.2071113280219627,0.2406065150175392,-0.9923347348785715,0.25039240532496565,-1.1932545933192398,-3.5923391491575467,0.0068,True
3,18,63,-2.287258723585876,0.24744777859568015,-0.9626951579158347,0.2487622984022092,-1.3794979763175148,-4.159017337996094,0.0068,True
3,18,64,-2.364204819739067,0.25584962059697997,-0.9486162756812857,0.25009931057625745,-1.5266833024849724,-4.4383399667873835,0.0068,True
3,18,65,-2.419274535544753,0.26355181142383316,-0.9504216152501603,0.25337296231990114,-1.598494975026044,-4.494506438524434,0.0068,True
3,18,66,-2.4413846527775456,0.2700084789324543,-0.9644541653778594,0.2562027917808302,-1.5852324637363113,-4.377451076687965,0.0068,True
3,18,67,-2.4295149191150727,0.2765272519775172,-0.9833876515157628,0.256973665862552,-1.502671046734766,-4.081334021662882,0.0068,True
3,18,68,-2.3904036642909627,0.28463778368868187,-0.9966549498930648,0.2558462667576087,-1.3848149241076353,-3.688814358543297,0.0068,True
3,18,69,-2.3339198623290893,0.2947680963874258,-0.9923406963877361,0.2540690949274306,-1.2741523231658096,-3.35416509431717,0.0068,True
3,18,70,-2.2690549500230937,0.30614063734410696,-0.9613956215941795,0.25285267609162954,-1.2121277454037254,-3.1836534617279373,0.0068,True
3,18,71,-2.2022045391633083,0.3171972559833153,-0.9029202473151205,0.25320453334486465,-1.2241566462975686,-3.21653035096797,0.0068,True
3,18,72,-2.1376478869509006,0.3261278581005329,-0.8271717700159713,0.25643428633852705,-1.2984998023767504,-3.43062484510842,0.0068,True
3,18,73,-2.0789571545081262,0.331650225840925,-0.7530886751636038,0.2638711706848352,-1.3827874526696546,-3.679372094184325,0.0068,True
3,18,74,-2.0298791126455535,0.333601973678368,-0.700258042502667,0.27564776792826867,-1.4159650258284682,-3.714216419305,0.0068,True
3,18,75,-1.993876837575721,0.33273121984115756,-0.6793710439512726,0.2901042888852591,-1.3731160733409198,-3.4433252520410473,0.0068,True
3,18,76,-1.9725480588379545,0.3299090018333231,-0.6868892411221185,0.3046170765346852,-1.2815618802302489,-3.0521787478616877,0.0068,True
3,18,77,-1.9639934164451962,0.32542116478747685,-0.7072143931104574,0.31692506108532176,-1.1968512965410623,-2.7632158371851085,0.0068,True
3,18,78,-1.9624179693418549,0.31887338644463464,-0.7209316803031698,0.32582184075074777,-1.1645424953611887,-2.686486206807032,0.0068,True
3,18,79,-1.9596221310821382,0.3100863548544936,-0.7142220868766296,0.33088546781022893,-1.1947598568901066,-2.8319998020375854,0.0068,True
3,18,80,-1.947823074862674,0.3003941527931806,-0.6844115738913161,0.33170541728935016,-1.2618281290671272,-3.117695719086435,0.0068,True
3,18,81,-1.9221945489733776,0.29255805949507246,-0.6392508246572711,0.32747108381086604,-1.3260641730056357,-3.3805803918146093,0.0068,True
3,18,82,-1.8815945690370608,0.2886046465491667,-0.5909575927671862,0.31749011613611655,-1.357282810962282,-3.498425779268548,0.0068,True
3,18,83,-1.827455231759218,0.2879065410115198,-0.5487003256789166,0.3022558028185492,-1.341276310853328,-3.472236643234014,0.0068,True
3,18,84,-1.7624962365138785,0.28787106658105616,-0.5140187633675091,0.2839013046715762,-1.2790123656546721,-3.3339337739233157,0.0068,True
3,18,85,-1.6908553480317103,0.28589525511614644,-0.4819108096336367,0.2653784111483423,-1.1926803529627303,-3.1381645468875194,0.0068,True
3,18,86,-1.619141486624542,0.28039685933538405,-0.4464062884109484,0.24915313705772751,-1.1209915057402962,-2.9998212647970774,0.0068,True
3,18,87,-1.5560944239540302,0.2711929560486371,-0.40602047679192266,0.23669652642685493,-1.0923870425207078,-3.021250466138337,0.0068,True
3,18,88,-1.5093495364375729,0.2598278770672934,-0.36468479457480274,0.22880307170560016,-1.1059075052300895,-3.224650426080999,0.0068,True
3,18,89,-1.4807625983167372,0.2489878496016721,-0.32774964343250734,0.22567428745772306,-1.142230608847492,-3.5528168143344696,0.0068,True
3,18,90,-1.4638896846684846,0.2406891337408245,-0.29678072897339414,0.22646302206616095,-1.1827228129302076,-3.8748015677743837,0.0068,True
3,18,91,-1.446275403203633,0.2351667559789752,-0.2673539289384873,0.22927076170715954,-1.212116871305749,-4.031510342009992,0.0068,True
3,18,92,-1.4157601266448203,0.2319194388786168,-0.23101767338523527,0.23208555338591313,-1.21439082600193,-3.930532748852795,0.0068,True
3,18,93,-1.3668054800658787,0.23098656322725977,-0.1794381585443917,0.23369432396321999,-1.1838438295755467,-3.628900981759536,0.0068,True
3,18,94,-1.3024856588898244,0.23230760040478826,-0.10805506396180746,0.2337195766712539,-1.1462920381610373,-3.333080806195773,0.0068,True
3,18,95,-1.230849684505638,0.23453064777513097,-0.01783643445251634,0.23207359528199226,-1.1494959035759857,-3.2365458826260283,0.0068,True
3,18,96,-1.1586378909722346,0.23559943577083922,0.08498457426019895,0.22844371477627912,-1.2147312694604409,-3.3798507903919557,0.0068,True
3,18,97,-1.0873026634587264,0.23446714505267033,0.19075157446582136,0.22211856488754814,-1.3095850930725517,-3.6553188761955564,0.0068,True
3,18,98,-1.0141133546716972,0.23180980573676252,0.2890619757862874,0.21241612975339721,-1.377095796242186,-3.921935956695628,0.0068,True
3,18,99,-0.9367057417439313,0.22921322815423306,0.3712313993611238,0.199690696965661,-1.3827435827575052,-4.08062777127682,0.0068,True
3,18,100,-0.8567453007690361,0.22776566902934658,0.43161777474009644,0.18600729829486842,-1.3339785127411397,-4.061167000439493,0.0068,True
3,18,101,-0.779599063343046,0.2271753446144413,0.46763520698137573,0.17427537518392625,-1.26386373141189,-3.8738796823347097,0.0068,True
3,18,102,-0.710529717683139,0.22612508034493234,0.4791537936150751,0.16613764934457756,-1.199466093663091,-3.641614184740046,0.0068,True
3,18,103,-0.650607078132526,0.22359533921273855,0.46820945994855234,0.16109943948468042,-1.142793950477909,-3.45643300971213,0.0068,True
3,18,104,-0.5953867841139431,0.21986850205551012,0.4393218500561985,0.1583432138336273,-1.075256951207617,-3.296213758870396,0.0068,True
3,18,105,-0.5371772069224592,0.21617574040874443,0.3997742031732071,0.1586862244416205,-0.9776653471001494,-3.067414516464027,0.0068,True
3,18,106,-0.4693746314851322,0.21338441492922605,0.3588576596519511,0.16367180156103575,-0.847576566426026,-2.7072297553019795,0.0068,True
3,18,107,-0.39025299637909727,0.21121749036705853,0.3258200780191975,0.17287355897939755,-0.7006122816030648,-2.2646278561275466,0.0068,True
3,18,108,-0.3040272681416607,0.20891914466757314,0.30751600051391254,0.1832888807839193,-0.5617591757524829,-1.846084464580637,1.0,False
3,18,109,-0.2186502510385568,0.2065883384511101,0.3072302279935437,0.1914620119673648,-0.45567287501406645,-1.5359467534841578,1.0,False
3,18,110,-0.14184841885577942,0.2055495825109209,0.32516769653685157,0.1955150684326748,-0.3951128250634031,-1.3689826945705428,1.0,False
3,18,111,-0.07798260356140105,0.2070961689495642,0.3595730715581031,0.1957076229282864,-0.3758684518863608,-1.329199162960231,1.0,False
3,18,112,-0.027419275126119188,0.21096798211330564,0.407044618019828,0.19396429848903773,-0.38853305522125725,-1.3807702608884098,1.0,False
3,18,113,0.012068294871729774,0.21545400903836684,0.46189051213682086,0.19276811566798016,-0.42843277323129036,-1.493586268229369,1.0,False
3,18,114,0.04372677999711464,0.21884574183950534,0.5159812685847601,0.19362487009298548,-0.4859963199723601,-1.629108854913702,1.0,False
3,18,115,0.07135461717575806,0.22049827940778818,0.5605956397801108,0.1960830337569752,-0.5373740330661113,-1.7340430231401325,1.0,False
3,18,116,0.09961382860229107,0.2207727916546958,0.5899171570504426,0.19843664728764382,-0.5545469765478948,-1.7543482955926963,1.0,False
3,18,117,0.1338959967726087,0.2204150424829266,0.6038424103010692,0.1993795082444433,-0.5250070776689904,-1.6443054229304532,1.0,False
3,18,118,0.17897503637020157,0.22014991491706468,0.6077268448701625,0.1988134688985104,-0.46059027819953985,-1.4108192827319914,1.0,False
3,18,119,0.23687995285294558,0.22067141142447325,0.6089575219298651,0.19735172923011401,-0.38377106267612504,-1.1357557226026973,1.0,False
3,18,120,0.30539154472335006,0.22258621397338646,0.6128456914206073,0.19543376442224736,-0.3058372193930932,-0.8804981805128501,1.0,False
3,18,121,0.37856758576857374,0.22610725915483745,0.620823029570022,0.19298530783539397,-0.22761694372441005,-0.6504734121705675,1.0,False
3,18,122,0.44946758946765847,0.23089878969368197,0.6318460807915871,0.18998960554267424,-0.15697843586116414,-0.45474855758257665,1.0,False
3,18,123,0.5134593571187549,0.23627766158449698,0.6452953734662943,0.1875574843225535,-0.10530241624086947,-0.31163432906552,1.0,False
3,18,124,0.5697138728135291,0.24149071635962838,0.6628357247408265,0.1881217553915765,-0.07007334638191393,-0.20945139327634685,1.0,False
3,18,125,0.6197655490437547,0.24593449982957974,0.6880083748598372,0.19365773092353952,-0.04154745427142689,-0.12238120718318565,1.0,False
3,18,126,0.6644145214362708,0.24933037564203017,0.7242257727896597,0.2034498374633347,-0.021124257624503446,-0.059911587820190806,1.0,False
3,18,127,0.7016329573266268,0.2516972134617985,0.7728062449775601,0.21440876810475737,-0.019416109499199755,-0.05273193825976214,1.0,False
3,18,128,0.7273212960482865,0.2531649797163692,0.8322925415114018,0.22359388392635277,-0.04611433279829043,-0.12166339130066614,1.0,False
3,18,129,0.7384996765011135,0.25397527905970435,0.8990860244707559,0.22997936367298677,-0.1089721530246873,-0.28554761657969663,1.0,False
3,18,130,0.7365736297711323,0.2545812832022722,0.968441182507421,0.23426184665171595,-0.20999659951620778,-0.554024886858575,1.0,False
3,18,131,0.7280838267831135,0.2553234934950044,1.0349579766964108,0.23753247822761833,-0.3334442731801581,-0.8819323979494864,1.0,False
3,18,132,0.7220728494958046,0.2558749880270723,1.0926739279288076,0.23995697035667807,-0.44257507976730415,-1.1534612792303358,1.0,False
3,18,133,0.7256880266388664,0.2553834259968309,1.135504762962252,0.2402146821772781,-0.4998346836346095,-1.2707669911120283,1.0,False
3,18,134,0.7409531617544752,0.25337349394643877,1.15835473117488,0.23614144003718865,-0.4943136288662978,-1.2456616560084306,1.0,False
3,18,135,0.7647231980879226,0.2503534630814224,1.1583676112190127,0.22644697914802825,-0.44354068039032823,-1.1506410090375403,1.0,False
3,18,136,0.7915133772922135,0.2475476842001498,1.1356389650647254,0.21240945593888055,-0.3721414304497704,-1.0325636311772854,1.0,False
3,18,137,0.817015918769373,0.24627283703954791,1.0933031430901328,0.1980585596810331,-0.2949234522928568,-0.8910119822837919,1.0,False
3,18,138,0.8398820362704829,0.24755432928879645,1.0372784444557326,0.18810211822877002,-0.21244610354595309,-0.6904065276232693,1.0,False
3,18,139,0.8606958596637478,0.25193110045779626,0.9755771072992134,0.1846675230528773,-0.11709849023761751,-0.3935372151662574,1.0,False
3,18,140,0.8791232820645877,0.25926363704467387,0.9166041507170821,0.1860000770578588,-0.008579934022212904,-0.028582642298481457,1.0,False
3,18,141,0.8917131052653657,0.2687122094357462,0.8662551706614448,0.18879168122154555,0.09132455597937283,0.29768917432050795,1.0,False
3,18,142,0.8925486107729108,0.27892858824719624,0.8249613927747381,0.19126924415736812,0.14435196225613164,0.46202492980233695,1.0,False
3,18,143,0.8767611698428742,0.28820817392787934,0.7869698435201048,0.19387955515196612,0.13073809532522002,0.40610563771406266,1.0,False
3,18,144,0.8444445621493748,0.2946811128531496,0.7435673509518166,0.19790294495186414,0.07999821015914298,0.23803142426985238,1.0,False
3,18,145,0.8019628098019755,0.29687331307163217,0.6893007422424129,0.20426596452597223,0.05328054240658609,0.15343717902606405,1.0,False
3,18,146,0.7595775098923918,0.2945085277595321,0.6272530978417913,0.2132216937648205,0.08964259897686089,0.25532273015799656,1.0,False
3,18,147,0.727007119419293,0.28900373057040774,0.5690038541614223,0.2238209002691781,0.17071520048556552,0.4861715034938215,1.0,False
3,18,148,0.7097982084182726,0.28311597822344753,0.5283730228745129,0.2337125143039791,0.2379770892497587,0.6757188187606461,1.0,False
3,18,149,0.7085321369458915,0.2794525821732724,0.5130945167564692,0.24056695001240602,0.24691457554711524,0.6927751148663281,1.0,False
3,18,150,0.7207935180697351,0.27864659038055084,0.5205731284103604,0.2439596239730735,0.20619450089604366,0.5657128142170901,1.0,False
3,18,151,0.7440131561239285,0.27923459830068503,0.5405551668032252,0.24561212368668148,0.16435501470275352,0.4410057916499496,1.0,False
3,18,152,0.7769776701324806,0.27972345576928287,0.5618053455006802,0.24777869824004292,0.1618240787699576,0.43200963478911947,1.0,False
3,18,153,0.8190840111893476,0.28030438659859974,0.577141673913459,0.25136978419120265,0.20145497690529499,0.5461476420900356,1.0,False
3,18,154,0.8682266890933772,0.28204940833051206,0.5836997672268469,0.2554273544991135,0.2624470633906588,0.7253876766678643,1.0,False
3,18,155,0.9192216050575021,0.2848149094863572,0.5801245366749116,0.2581691829691749,0.32855948083840125,0.9120942134061106,1.0,False
3,18,156,0.9643468343985561,0.28682459618880274,0.5647921973285585,0.25854599009927914,0.39755468650410913,1.0981487460074328,1.0,False
3,18,157,0.996199554400754,0.286489541731928,0.5372921943876303,0.25703803680478177,0.47203553092695333,1.3093670942159588,1.0,False
3,18,158,1.0113836323458698,0.28403960053085014,0.5015190795272232,0.25501132201234133,0.5458198474551774,1.532415258798295,1.0,False
3,18,159,1.0126065160218836,0.2810370602846603,0.4667143212677386,0.2531638147081394,0.5993960693298898,1.678507553853264,1.0,False
3,18,160,1.0074452206399513,0.2784804796999697,0.4445241022835715,0.25075194513325594,0.6140902902390943,1.6769020843693259,1.0,False
3,18,161,1.0041446994973409,0.2758781271788131,0.4438082729702155,0.2466198343965352,0.5929670614579546,1.5821748702946332,1.0,False
3,18,162,1.0069005481269213,0.27231548632506875,0.46691333182485034,0.24083744347329847,0.5587979983927732,1.4911717254003898,1.0,False
3,18,163,1.0135695433621172,0.2678228365092099,0.5096454990644399,0.23505465150001162,0.5276867258529413,1.4356213344340512,1.0,False
3,18,164,1.0172515021600648,0.26329486291487175,0.564065192015103,0.23127533186063043,0.4914915763550121,1.375788726791485,1.0,False
3,18,165,1.0107448161133012,0.2594278447744624,0.6216191694601093,0.23047946544149273,0.4279854290765574,1.248464434133992,1.0,False
3,18,166,0.9911253310489774,0.2561701613435462,0.6750517922031691,0.23240403931238338,0.32823138579480104,1.0190027671923907,1.0,False
3,18,167,0.9617285989753301,0.2530652998137736,0.7192690380231139,0.23611394752906598,0.2136961006306793,0.7124163719571415,1.0,False
3,18,168,0.9305300384578469,0.2496602631775705,0.7518700586474597,0.24037367975071278,0.12087561718036216,0.4212485190752089,1.0,False
3,18,169,0.9061315737061185,0.24549520468493163,0.7733459101328072,0.2439167700918735,0.071896373297239,0.25254225095485605,1.0,False
3,18,170,0.8938493069079038,0.24009606107228548,0.7863804300822039,0.24606883869776813,0.06534919436365647,0.22992070481540222,1.0,False
3,18,171,0.8940432832062615,0.2333882195295041,0.7941398902863203,0.24722779480173895,0.08363310998907846,0.2981162349617018,1.0,False
3,18,172,0.9032014630540652,0.22623927388365667,0.7983508377246091,0.2483659641538912,0.10308009465291472,0.37096075821725516,1.0,False
3,18,173,0.9165442970178307,0.2204360899848261,0.7983498080178714,0.24971009341415554,0.11121038548927566,0.393153441619463,1.0,False
3,18,174,0.9302904181854289,0.21777107838342988,0.7918267774880382,0.24991229483605965,0.11760372194768795,0.4003116463580589,1.0,False
3,18,175,0.942537995646341,0.2188855400089313,0.7769739181811873,0.24683911043781925,0.14072377716745654,0.46610882429586487,1.0,False
3,18,176,0.9529896423676035,0.2230976948049103,0.7546897085962595,0.2394683084321121,0.18710518508003526,0.6188337680088134,1.0,False
3,18,177,0.96226380264552,0.22938411004242976,0.729102487917982,0.22919749021024788,0.24484892981820638,0.8199457766426844,1.0,False
3,18,178,0.9712063204769319,0.23717334559919404,0.705652679206489,0.21934348066034506,0.291948815332152,0.9722579704217776,1.0,False
3,18,179,0.9802880686438538,0.2460730630942365,0.6879595020923668,0.21310730814583345,0.3135997303557914,1.0051224605039557,1.0,False
3,18,180,0.9892838433882054,0.2552939000087561,0.6759921194753183,0.21171347448034686,0.31704330421987387,0.9710860432081687,1.0,False
3,18,181,0.9975222756712049,0.26373388997690295,0.6671377580043762,0.21426949503239168,0.3235834994488786,0.9679056404134317,1.0,False
3,18,182,1.0045891546258268,0.27045693555370603,0.6592139767385119,0.2189102634863008,0.34324431273620976,1.0314751960463837,1.0,False
3,18,183,1.0107696219015476,0.27484713934127486,0.6527872299884112,0.22383681918488388,0.36681324498732376,1.1274283543865031,1.0,False
3,18,184,1.0165524262736716,0.2764525767880894,0.6509994244028011,0.22776498625860508,0.3832856358053513,1.2082286566720886,1.0,False
3,18,185,1.0214280828358115,0.27502687785521235,0.6573606111429035,0.23000819744774173,0.39162738855020324,1.2650571288373795,1.0,False
3,18,186,1.023114392261718,0.2709193620186094,0.673208532672935,0.23045396133605803,0.3893038319000062,1.2982609308761015,1.0,False
3,18,187,1.0181711933445454,0.2653666493434535,0.6960277541991758,0.22949058496201286,0.36247858588396337,1.2486539425865504,1.0,False
3,18,188,1.0037912799518713,0.2601368111522096,0.7189829806026298,0.2277397277818223,0.3011089866914389,1.0423319831904532,1.0,False
3,18,189,0.9795460627221005,0.2565082562686569,0.7319919526726334,0.22563382979427052,0.21887966649317664,0.7308518590204518,1.0,False
3,18,190,0.9479616238525855,0.25431472810377515,0.7247817410078693,0.22324421117300994,0.15097658517261173,0.4775148587448755,1.0,False
3,18,191,0.9137826318073192,0.25200466426464563,0.6915341429957946,0.22055103837286152,0.13401373526133933,0.40779436119188567,1.0,False
3,18,192,0.8826526791411745,0.24786791896320665,0.6351977627004967,0.21773263271675627,0.18375139067838014,0.5584529812269714,1.0,False
3,18,193,0.8599558597567434,0.2414749213473537,0.568763566976071,0.21515206890387253,0.28190485678465727,0.8909374913008044,1.0,False
3,18,194,0.8499066534654451,0.2340565326104103,0.5118482864914895,0.21334329831600235,0.3849513226625312,1.2814206192660509,1.0,False
3,18,195,0.8545622489401359,0.22733386409606574,0.4835006781634078,0.21311705674954962,0.4514359867015654,1.5310558098868587,1.0,False
3,18,196,0.8729042052425305,0.22189695345445198,0.4946466625987545,0.2153034964007023,0.4613547031877606,1.5380129313787227,1.0,False
3,18,197,0.9009373585337196,0.2170854862263081,0.5441690511368881,0.22009649884050522,0.4169320262140493,1.376261740767216,1.0,False
3,18,198,0.9335965673481423,0.2125788762860633,0.6206109911159539,0.22673736754086093,0.3359784072308673,1.1324677922610003,1.0,False
3,18,199,0.9677466012301364,0.20953185010088202,0.7081614392370768,0.23381060092541583,0.2421033528400052,0.844519449602598,1.0,False
3,18,200,1.0040232595727685,0.20953197957898578,0.7932207558498647,0.23974422444411095,0.15918263087739187,0.5654219101838149,1.0,False
3,18,201,1.0455254990375735,0.21246588781941886,0.8679453087462305,0.2433848462753983,0.11262891262933344,0.4004809948407345,1.0,False
3,18,202,1.0937518778236286,0.21612726630939608,0.9294283261439281,0.24460318097853795,0.11628400778395766,0.4163768138189391,1.0,False
3,18,203,1.1447678507441152,0.2180957192906433,0.9760373148062605,0.244384178575246,0.15328662785477984,0.561024933548473,1.0,False
3,18,204,1.1888137086950605,0.21742833333583636,1.0041557944055959,0.24402735045195514,0.18934096811284043,0.7022991463183718,1.0,False
3,18,205,1.2138695386709537,0.21460014472979289,1.0080400576165907,0.24414930018942976,0.20810402986103538,0.7582982908379192,1.0,False
3,18,206,1.2105608888812451,0.21047058040261765,0.9829692366552404,0.24453551296058593,0.22302773519244146,0.7891856563375609,1.0,False
3,18,207,1.1752723423228122,0.20554572771354168,0.929258592060925,0.244673520022837,0.25242160704592326,0.878642758078004,1.0,False
3,18,208,1.1105649924352805,0.19988549800372127,0.8541515845921688,0.2439827369555101,0.28920169868541207,1.0079945759735718,1.0,False
3,18,209,1.0240910787645106,0.1934860467533478,0.7703447930176796,0.2416767503891894,0.3044475658781357,1.0859190957281863,1.0,False
3,18,210,0.9270226548769819,0.1869057310863356,0.692160364017998,0.2369528448605009,0.2791559110692113,1.0395662854402623,1.0,False
3,18,211,0.8317272125995373,0.18151233983125717,0.6314143964837385,0.22960008533002474,0.2226470141231736,0.8722011121825544,1.0,False
3,18,212,0.7484613225946983,0.17875912817001,0.5946183559092911,0.22046690409450456,0.1586785210291212,0.6495105603925906,1.0,False
3,18,213,0.6823809419064271,0.17901726235539303,0.5821213883986028,0.21129413544868103,0.10149998819075286,0.42635912678874244,1.0,False
3,18,214,0.6330020224638186,0.18131349016912238,0.5888833169709995,0.2038081134150592,0.048691047988116624,0.20517990153919555,1.0,False
3,18,215,0.5968711108834502,0.18425432358405455,0.6060846315078992,0.1986559906738048,-0.011494252923216704,-0.04754714577027342,1.0,False
3,18,216,0.5716340265818487,0.1869574535650581,0.6228784923512868,0.1952660225505653,-0.08582667296909798,-0.34432631026727195,1.0,False
3,18,217,0.5582926157834723,0.18915951014889731,0.628163203638422,0.19284737425182916,-0.15626703759361688,-0.6094910890216194,1.0,False
3,18,218,0.5596413458776845,0.19084822983123034,0.612743795215299,0.1913343393244001,-0.17776839920905307,-0.6808840014966299,1.0,False
3,18,219,0.5759135295682105,0.1920715157073977,0.5720251933727499,0.1912611695072488,-0.1096302932662085,-0.41518705503896264,1.0,False
3,18,220,0.6011092774584478,0.1930607224684916,0.5084714234826586,0.19293839116104328,0.0475065865949597,0.17778740152710923,1.0,False
3,18,221,0.623197378898935,0.19439009745939723,0.43231818794001436,0.19588979855178873,0.24334913784818085,0.8962734755807352,1.0,False
3,18,222,0.6285442110232087,0.19688181584372602,0.35932308151499015,0.19888764634877473,0.4041665751478255,1.459623523025851,1.0,False
3,18,223,0.6079318296322559,0.201155722624763,0.30574450928389263,0.2004437836405637,0.47183249086037593,1.674334060544895,1.0,False
3,18,224,0.5607065669796167,0.20712357091637923,0.28240358529540893,0.19962043260341664,0.42490429733749907,1.4959356069707885,1.0,False
3,18,225,0.4950639176787622,0.21395011664725141,0.29047647006903576,0.1967024501202582,0.27911517408161524,0.9832550887194277,1.0,False
3,18,226,0.4245841469059867,0.22049488071118453,0.32099674117686283,0.19301572889970872,0.08389691989756384,0.29500220761747564,1.0,False
3,18,227,0.3625769383326536,0.22575076721668727,0.35826584185602484,0.18986685387057126,-0.09205746276817842,-0.3184338429126115,1.0,False
3,18,228,0.3165020390973023,0.22908249251603188,0.38553037440480026,0.18772651831680195,-0.19329602365806478,-0.65324094789875,1.0,False
3,18,229,0.2849247433446735,0.23039196747676882,0.3904387903883117,0.18662066323462856,-0.20290047864336788,-0.6800664086276127,1.0,False
3,18,230,0.2587828523494264,0.23017293395376487,0.36825134691401595,0.18699352588246793,-0.14455800323038945,-0.4912924782326972,1.0,False
3,18,231,0.2267972097773997,0.22930470679255596,0.3220097877066635,0.18963756395126738,-0.06983610289081033,-0.2421900627940288,1.0,False
3,18,232,0.18231512907924424,0.22855889636823146,0.26011978495351884,0.19464782409620912,-0.029963352155806745,-0.1040300497165779,1.0,False
3,18,233,0.1275238828208056,0.22795995888799073,0.1926594706289036,0.20075407575767937,-0.04070145618358875,-0.13750390223757408,1.0,False
3,18,234,0.07231294832786457,0.2264787624890247,0.12806636683707553,0.20599629155864357,-0.07409686182767576,-0.24172291626601008,1.0,False
3,18,235,0.02857242923718437,0.22260897120997106,0.07154060027497604,0.20902489119433498,-0.08789877184715995,-0.28115957468878494,1.0,False
3,18,236,0.003748853188448085,0.21557680642980753,0.02553999517592085,0.20966711578184055,-0.05986368521980232,-0.1915516589809952,1.0,False
3,18,237,-0.0024519380815675573,0.2061499308815965,-0.00846758103914962,0.20851352065925152,0.0016903866639131667,0.005500752836081813,1.0,False
3,18,238,0.0029749202284560148,0.19626876995516024,-0.02854909966862182,0.20636366058825578,0.06844558765439245,0.22892389467460367,1.0,False
3,18,239,0.010104031905188809,0.18773954769030016,-0.032346074905914984,0.20405757190251275,0.11121076257537828,0.3831019657799918,1.0,False
3,18,240,0.01024678205249912,0.18116331796787521,-0.01859622118849332,0.2023704771165659,0.11114321186225279,0.39169302890236474,1.0,False
3,18,241,-0.0009603992173187211,0.17605410063595084,0.010937536064384325,0.20172690906865476,0.05652099144424836,0.2014070491500319,1.0,False
3,18,242,-0.02230008828414113,0.17173822412439255,0.050372150265703186,0.2020453365308386,-0.05096422237697627,-0.18264859227457472,1.0,False
3,18,243,-0.04802809183650881,0.16807838553935314,0.09019088524976009,0.2028298098541535,-0.17903606169766292,-0.6482199303701814,1.0,False
3,18,244,-0.07085879802779181,0.16572932000420224,0.11947505068370243,0.2032489677995626,-0.27659540064870725,-1.0136816219085367,1.0,False
3,18,245,-0.08513245908462992,0.16591837281439153,0.1294330296607892,0.20234647250440094,-0.31079718711952337,-1.14799465667031,1.0,False
3,18,246,-0.08818950343605671,0.16966801552216523,0.11701568387048535,0.19969541306059638,-0.2818716435888128,-1.0490202027640356,1.0,False
3,18,247,-0.07961762240148763,0.17686759515495734,0.08691085111868514,0.19594235980860883,-0.20811609057959357,-0.7759064809723903,1.0,False
3,18,248,-0.05987427429764675,0.1860227869977436,0.050643474953845004,0.19236285834523661,-0.11134427571869987,-0.40785701788004164,1.0,False
3,18,249,-0.02984601445667698,0.19492060602987188,0.02287348961214353,0.18985537782983666,-0.015056785913422648,-0.05383065359007089,1.0,False
3,18,250,0.00859006073186306,0.2016698448267011,0.016444293376109306,0.18868557492433508,0.05688062209456718,0.2009042360511234,1.0,False
3,18,251,0.052103791354749046,0.20547995066892316,0.03833035258947084,0.18895276044109574,0.08695069335191982,0.3050217177369456,1.0,False
3,18,252,0.0963205020363538,0.20677354491971384,0.08800420359400124,0.19062019953420073,0.06976461632938936,0.2419487398341859,1.0,False
3,18,253,0.1367038393649885,0.20662533694514498,0.15835208326088887,0.1929877844245959,0.014619828903139908,0.05006321450139131,1.0,False
3,18,254,0.16898997750337588,0.2060863399306206,0.23809768666796793,0.19449436148643187,-0.05797315982679051,-0.1964277438447876,1.0,False
3,18,255,0.18899101984121294,0.20601028437418933,0.31451790073081937,0.19335150705560025,-0.1297906614180534,-0.43841498129387296,1.0,False
3,18,256,0.1926844697066424,0.20719404428704813,0.3759211967236459,0.1887205920457108,-0.1953870767594746,-0.6679018044740934,1.0,False
3,18,257,0.1775532160843501,0.2101596012692471,0.4139817720482563,0.1815717080704914,-0.25491075624614706,-0.8866758710999657,1.0,False
3,18,258,0.14485668417294637,0.21461844234970634,0.4258346052758752,0.17430230338153502,-0.30498676337787733,-1.0568597323926845,1.0,False
3,18,259,0.10110907594977389,0.21935521513400638,0.4151463347946162,0.1691049588135849,-0.34311136949762966,-1.1509714939959006,1.0,False
3,18,260,0.05698746482392721,0.22281985592436154,0.3912310740202639,0.1665160404952735,-0.36777694693605173,-1.191871981943786,1.0,False
3,18,261,0.023533788171632146,0.2239846306315881,0.3661596618216815,0.165576746590522,-0.3709508669030666,-1.1914723920946269,1.0,False
3,18,262,0.00770199774649556,0.22292427271476453,0.3509875159048839,0.1649728753089193,-0.3483407605962612,-1.144563912345212,1.0,False
3,18,263,0.010178220020351611,0.22079277734615155,0.3526961477030842,0.16362332242375138,-0.3186722972298434,-1.0862995896932908,1.0,False
3,18,264,0.02691725074569897,0.2191073123020005,0.3730119018461484,0.1607213044471847,-0.3126442631721992,-1.0940926961226567,1.0,False
3,18,265,0.0529883638220673,0.21868968350139345,0.40933056080774677,0.15621883300374015,-0.33974181087900535,-1.199788362511105,1.0,False
3,18,266,0.08562309761934842,0.219087670714493,0.4569023508159145,0.15169760207850178,-0.3791423001738328,-1.3298987109336504,1.0,False
3,18,267,0.12441383058187948,0.21907652871061914,0.5107016282491532,0.1501836806809455,-0.4040016129214935,-1.3842849825445025,1.0,False
3,18,268,0.16925900885489525,0.2178583054042786,0.565733537313774,0.153920322498598,-0.4109210238362359,-1.3659495027779818,1.0,False
3,18,269,0.21819720071052823,0.2159053061774499,0.6160312281131636,0.1620124493519103,-0.4171182666421878,-1.3518406391201214,1.0,False
3,18,270,0.2666144911338485,0.21468224326782448,0.6541001088519145,0.17104993646926564,-0.4235254491496263,-1.3448510076281412,1.0,False
3,18,271,0.3079028894507795,0.21541996251068768,0.6724837012427517,0.17775712909105137,-0.40519288195446945,-1.2611242909773506,1.0,False
3,18,272,0.3351502891294427,0.2180549749584091,0.6672453154426676,0.18064644920310965,-0.34892533119670793,-1.068605604014365,1.0,False
3,18,273,0.3435945453989162,0.22137117113861343,0.64115306612794,0.18003339382839925,-0.2749166552088585,-0.8381599929194673,1.0,False
3,18,274,0.3332114310361974,0.22402886992366877,0.6041168389722293,0.1772817446930121,-0.21731881069159364,-0.6682645196068382,1.0,False
3,18,275,0.30999269562900605,0.22525017020377905,0.570113125170246,0.17391097644915077,-0.20093844523173918,-0.6269070573798994,1.0,False
3,18,276,0.2844569319771848,0.2246494062875114,0.5519258174595724,0.17082756752016726,-0.22905648509261436,-0.72454735224653,1.0,False
3,18,277,0.2673842719253272,0.22191932282217117,0.556058562909262,0.16806979809610093,-0.2810401520683235,-0.902003156151048,1.0,False
3,18,278,0.26481073470984073,0.21718208678574655,0.5799274823485383,0.16530787388405202,-0.33094740715470333,-1.0837615958522633,1.0,False
3,18,279,0.2752728153727695,0.21172161457416372,0.612556408006181,0.16243997153793271,-0.3682894803626342,-1.237765055849962,1.0,False
3,18,280,0.2911077186146162,0.20794483141471715,0.6388459992323089,0.15940285695862572,-0.389973486352659,-1.3430695228213367,1.0,False
3,18,281,0.30298485014359644,0.20792969703716654,0.6459904912550136,0.1557156119688393,-0.38564925580229725,-1.3453755383836161,1.0,False
3,18,282,0.3048312278151359,0.21173970307404594,0.629161109204341,0.1510709257517242,-0.34919946866297996,-1.214424115839457,1.0,False
3,18,283,0.2964256284418406,0.2175488734743729,0.5934110555529658,0.14653552086616842,-0.2942636516590681,-1.0050524995549728,1.0,False
3,18,284,0.2827350908357091,0.223362827615215,0.5506963938555315,0.14438564463818535,-0.2452759866208588,-0.8176208005726046,1.0,False
3,18,285,0.27095562972381865,0.22816380836293712,0.5139162864686379,0.14624890322239822,-0.2185777201865245,-0.7162036493871965,1.0,False
3,18,286,0.2670975574309354,0.23168989966640458,0.4916452998527145,0.15189132751541903,-0.21231112216212428,-0.6935431273791083,1.0,False
3,18,287,0.27373368618043437,0.23389569507815539,0.48630272634369587,0.1599978841315058,-0.2103207982160474,-0.6901777150176177,1.0,False
3,18,288,0.2896615856535028,0.2349101819018843,0.49573051241980515,0.1691485406341308,-0.2006317144701793,-0.6555093794798467,1.0,False
3,18,289,0.3113021825176287,0.23507382251594863,0.5159679033626805,0.1777491954486715,-0.18891707220324197,-0.603519237741469,1.0,False
3,18,290,0.3350426863385969,0.23455744333446776,0.5430779814070169,0.1839292713481261,-0.18955144121646864,-0.5897273946996014,1.0,False
3,18,291,0.35939766775464815,0.2330986071223323,0.5735189160548539,0.18625473101165685,-0.20861405750226344,-0.6470419363529893,1.0,False
3,18,292,0.38573900798801336,0.23052912450944624,0.6038312086013642,0.1846521722562718,-0.23801500454084035,-0.7642312091229009,1.0,False
3,18,293,0.4168094083188666,0.2275517592512437,0.6304505187367161,0.18054276819178447,-0.25763323868062615,-0.8772648523619195,1.0,False
3,18,294,0.4536142901659535,0.2256438518314609,0.649924328592169,0.17597371212215987,-0.24367874179980645,-0.8711512986840394,1.0,False
3,18,295,0.49281944737941535,0.22601694058411956,0.6594878896639492,0.17242382658448632,-0.18946676457665046,-0.6875712302868646,1.0,False
3,18,296,0.5268666831937633,0.22873731010640397,0.6578375046246389,0.17018251480758026,-0.11732096562015748,-0.4203706109402668,1.0,False
3,18,297,0.5471129745522898,0.23278973309022752,0.6458045290840035,0.16864358327165768,-0.05945731183957186,-0.20899196377727788,1.0,False
3,18,298,0.5479945168180137,0.2367215183193338,0.6265441492715175,0.16713930969186386,-0.03184741339490944,-0.11086577244154729,1.0,False
3,18,299,0.5296425610442238,0.23928137314191986,0.6049069025006477,0.16566352067681236,-0.03224335231563559,-0.11222823989154586,1.0,False
3,18,300,0.4977885414365755,0.2398980600999371,0.5858755379646604,0.1649538270732914,-0.05588628881835514,-0.19487713928869194,1.0,False
3,18,301,0.46152937938841176,0.238807162200895,0.572439670175678,0.16586976010146662,-0.1025174677686808,-0.3565372243137435,1.0,False
3,18,302,0.4301730396207904,0.23658951396919883,0.5639744778360105,0.16859028452545624,-0.16269980262725356,-0.556874272105645,1.0,False
3,18,303,0.41018324973927867,0.23354538795818142,0.5564416029602055,0.17228670031913057,-0.20648105204231135,-0.6874425374730471,1.0,False
3,18,304,0.4031325044599839,0.229759446744215,0.5448872820819792,0.17555812643867638,-0.20302452372553761,-0.6646513633793237,1.0,False
3,18,305,0.4056240287351192,0.22580444533982874,0.5271172909978751,0.17742191214000222,-0.14973018979646585,-0.49567450240095134,1.0,False
3,18,306,0.41157510467769765,0.22293792449064662,0.5063001703434659,0.1781623803281362,-0.07325535433113985,-0.24941474910496686,1.0,False
3,18,307,0.41586106199970246,0.22217511714029228,0.49052736215789333,0.1791768393721323,-0.01155958792793233,-0.03999594466806857,1.0,False
3,18,308,0.41714703091654926,0.22322645412897982,0.4890037541918916,0.18167949732312932,0.001755683340322289,0.005998832335497635,1.0,False
3,18,309,0.41801607209758795,0.2246238980258491,0.5067057067759119,0.1854390586133659,-0.04442430973570215,-0.14751835745880804,1.0,False
3,18,310,0.42226230753058547,0.2248099341984487,0.540693070095665,0.18889018371124278,-0.12527388155621835,-0.40858870386213564,1.0,False
3,18,311,0.43116152384652023,0.22297962632390078,0.5805802014872968,0.19038400108085873,-0.19540131989443013,-0.6452544020093745,1.0,False
3,18,312,0.44119353947057366,0.21918518066643025,0.6130444508366341,0.1893363837006039,-0.22254154542512156,-0.7673050454218099,1.0,False
3,18,313,0.44469264917285894,0.21405054576358348,0.627593023631751,0.18649330174036105,-0.2064752084590643,-0.7501946518146998,1.0,False
3,18,314,0.43315431601415355,0.20849791886170782,0.6203196058269483,0.1831944209987786,-0.17374234948585965,-0.6500734922881035,1.0,False
3,18,315,0.4015803350430859,0.20354874380883797,0.5942268816877477,0.18021072683481593,-0.15635758311117437,-0.5795149689214525,1.0,False
3,18,316,0.35173225496459054,0.20000021474186055,0.5568832302387168,0.17728688465877737,-0.17096032381649828,-0.6143283173408152,1.0,False
3,18,317,0.2924683123955706,0.1979235421193801,0.5170088009546461,0.1737667576820972,-0.214107274584459,-0.7511719815965086,1.0,False
3,18,318,0.23658039799492547,0.19646538433865623,0.48133831152404477,0.16941643309630752,-0.2679820968588338,-0.9405854260998833,1.0,False
3,18,319,0.19550838679432195,0.1944810180401959,0.45287089378514306,0.16472958129567597,-0.30651678232748114,-1.107446239428299,1.0,False
3,18,320,0.17477886414071925,0.19154818378204447,0.43131158304382383,0.16077743431254418,-0.3069034990748287,-1.1601541844980925,1.0,False
3,18,321,0.17260672939709065,0.18822156929040032,0.4153503169215058,0.15877697421873038,-0.26585142983177923,-1.0391508954095598,1.0,False
3,18,322,0.18192860333109173,0.18521721528569957,0.4049025438532969,0.15963304949025778,-0.20582866152815313,-0.8067793150068647,1.0,False
3,18,323,0.19404704265938855,0.18257030020879356,0.40130224359216843,0.16372469895396935,-0.16144071686514774,-0.6173337522071545,1.0,False
3,18,324,0.20175421616416994,0.17975363138326422,0.40529814800074593,0.17064616295211232,-0.15457475809785923,-0.5643172899735039,1.0,False
3,18,325,0.20105739968701972,0.1763998253317161,0.41477741164333876,0.1788145245421254,-0.182927700677804,-0.6315666695947266,1.0,False
3,18,326,0.19178643006478813,0.17280343526983394,0.424287060805874,0.18579697337322978,-0.2316695825497827,-0.7687166726978819,1.0,False
3,18,327,0.17737203120268993,0.16995176115247726,0.4267157772711768,0.18966869711084272,-0.2841572974964232,-0.9383398609782249,1.0,False
3,18,328,0.16356750089714148,0.16898203096769557,0.4158580574043783,0.1903151114633897,-0.3176064942554277,-1.0763767600817995,1.0,False
3,18,329,0.15603920858293854,0.17017365294821668,0.3883150169984559,0.18941355043644928,-0.3066884376393365,-1.0775557528041535,1.0,False
3,18,330,0.15764584371530768,0.17248091511407962,0.34394088400979916,0.18887417862401465,-0.24379386466545638,-0.8803875792705944,1.0,False
3,18,331,0.16678413675399875,0.17437744893276272,0.2849878243914892,0.1890330611240492,-0.1459790584067371,-0.5337726133905846,1.0,False
3,18,332,0.17768830423636842,0.17510705084876949,0.21487544861870808,0.1884660393679054,-0.03711038412754313,-0.13626142101985989,1.0,False
3,18,333,0.18250460239891123,0.1749973451745656,0.13778178690258885,0.18558609112660598,0.06821570878010584,0.2532804947585946,1.0,False
3,18,334,0.17416124460465396,0.1748016702443671,0.059477356238170215,0.18027252240607705,0.1631000183064653,0.6238389059240855,1.0,False
3,18,335,0.14882801026252074,0.1750980645747745,-0.011759221821224863,0.17416401750117894,0.23779123301814833,0.9514967349265371,1.0,False
3,18,336,0.10703043521874425,0.17624297574497974,-0.06616231482005877,0.16972808733745232,0.27223047769341907,1.1381971972105978,1.0,False
3,18,337,0.05311157253157527,0.17829865996070537,-0.09622523066283493,0.1689169609419967,0.24294676357113162,1.0341776159750464,1.0,False
3,18,338,-0.0065656374364038185,0.18072414115123653,-0.10133283734596414,0.17204054526999837,0.14551512192440288,0.6030642736569684,1.0,False
3,18,339,-0.06584597897321864,0.18254465199468317,-0.08981616196165564,0.17748671574058159,0.009521079400535393,0.0373191682220513,1.0,False
3,18,340,-0.12051531685305907,0.18316825638272097,-0.07607155299467414,0.18279731891199932,-0.11407698864250042,-0.42458071351486243,1.0,False
3,18,341,-0.16881354107231084,0.1829963565224059,-0.07362554475330257,0.18635356569592576,-0.18124381712412713,-0.65359853958399,1.0,False
3,18,342,-0.2105843523357778,0.18314003253401914,-0.08802568062222255,0.1881592295399315,-0.1799032261785047,-0.6391433128918992,1.0,False
3,18,343,-0.2457989568743803,0.18448145003069102,-0.11391905447071564,0.18912918170109047,-0.13792632999581553,-0.48323743562157384,1.0,False
3,18,344,-0.27370175510258066,0.18704523879901,-0.1381139567458869,0.1897270261131079,-0.10043942707275412,-0.34491958704490244,1.0,False
3,18,345,-0.2932613109405592,0.19038339140604,-0.14657771474180628,0.1894341692861121,-0.09530023899843841,-0.32305570213874346,1.0,False
3,18,346,-0.30427435548191656,0.19440800940537967,-0.1310905235871747,0.18757803580558485,-0.12496144372322635,-0.4264903768486798,1.0,False
3,18,347,-0.3077373363120548,0.1994584313680544,-0.09219175200540618,0.18443474056528245,-0.1834652673378487,-0.6381844008623646,1.0,False
3,18,348,-0.3049591401899827,0.20544918809441917,-0.03792479099961389,0.18131866616058015,-0.2657088947029278,-0.9340311776126484,1.0,False
3,18,349,-0.2965280609208328,0.21136081987367783,0.019848546204790346,0.17969824110281488,-0.3561989660798384,-1.2435125243310372,1.0,False
3,18,350,-0.2826756287945121,0.21598060256087287,0.06946653559526902,0.1805152819840938,-0.42146806379543306,-1.4546939900942637,1.0,False
3,18,351,-0.26503728280608135,0.21905682939306925,0.10261397971011993,0.18430738742592018,-0.431952026340786,-1.484432701964193,1.0,False
3,18,352,-0.24801369945487128,0.22144136342507287,0.11615853821370166,0.19121955736417726,-0.3927773622563773,-1.343013713198338,1.0,False
3,18,353,-0.23811584383459916,0.2240645440881887,0.11244594560057716,0.20023979949533358,-0.33827878393827654,-1.1376223292944638,1.0,False
3,18,354,-0.24163617836885448,0.2270226049315655,0.09794270241994918,0.20879052788503863,-0.29723482617862673,-0.9780963679216421,1.0,False
3,18,355,-0.26235290376233156,0.2297888869498279,0.08057514627618113,0.2138286871308211,-0.28204279628426676,-0.9194732060394243,1.0,False
3,18,356,-0.3004250346388775,0.23196062321202005,0.06676929898451699,0.21374499663038393,-0.3052394835156425,-1.0068157232883066,1.0,False
3,18,357,-0.35240886269382043,0.23341554286689575,0.05951394969530869,0.20953609373857932,-0.3739828907869081,-1.260522213582288,1.0,False
3,18,358,-0.41199416089190605,0.2338245938965651,0.058268692475691476,0.20434388224052175,-0.46895481997083815,-1.5922239114196566,1.0,False
3,18,359,-0.4713875860586813,0.2323915027493599,0.060320372139259566,0.20145505775454703,-0.5575184973969344,-1.8598424636575255,1.0,False
3,18,360,-0.5231991981903443,0.2283192251964649,0.06222961198719282,0.20215007464987372,-0.6242674725747492,-2.0325818288215225,0.9984,False
