deviant_position,repetition,time_from_deviant_ms,rep1_posterior
1,1,0,0.5055267913245375
1,1,1,0.5054404183831438
1,1,2,0.5052795059435928
1,1,3,0.5049551441125292
1,1,4,0.5043700906693412
1,1,5,0.5034811163156498
1,1,6,0.5023299749902336
1,1,7,0.5010376717124325
1,1,8,0.4997560166351109
1,1,9,0.4986856484906062
1,1,10,0.4979821540210244
1,1,11,0.49776235713886285
1,1,12,0.49803634945390374
1,1,13,0.4986600010173716
1,1,14,0.49948701504447784
1,1,15,0.5004096467263865
1,1,16,0.5013441504676842
1,1,17,0.5021786470465804
1,1,18,0.5027304961691145
1,1,19,0.5029026300926029
1,1,20,0.5026383538882694
1,1,21,0.5018330299159163
1,1,22,0.5004456706618421
1,1,23,0.49857728225754067
1,1,24,0.49652161832139635
1,1,25,0.49483398320549327
1,1,26,0.49409189648393803
1,1,27,0.4945853972770589
1,1,28,0.49637926942050625
1,1,29,0.49933580974627806
1,1,30,0.5030605552048286
1,1,31,0.5069579892014917
1,1,32,0.5103061061039027
1,1,33,0.5125921775976496
1,1,34,0.5136844996445041
1,1,35,0.5136831984808411
1,1,36,0.5129501856443953
1,1,37,0.5119693540237108
1,1,38,0.511069202730871
1,1,39,0.5104803798697881
1,1,40,0.5104183625476535
1,1,41,0.5109694773975314
1,1,42,0.5120830687300131
1,1,43,0.5136752497211493
1,1,44,0.5156550283216067
1,1,45,0.5179420762203611
1,1,46,0.5204380618093231
1,1,47,0.5229753707091271
1,1,48,0.5253381753031615
1,1,49,0.5272704286069845
1,1,50,0.5285861917668127
1,1,51,0.5293227978272855
1,1,52,0.5296491130893155
1,1,53,0.5297647957051037
1,1,54,0.5299349260728691
1,1,55,0.5304242000245648
1,1,56,0.5313349693771805
1,1,57,0.532537278592724
1,1,58,0.5337327557385961
1,1,59,0.5346414001128379
1,1,60,0.5351214298148816
1,1,61,0.5351071151378695
1,1,62,0.5346017617389259
1,1,63,0.5337575298963202
1,1,64,0.5328092814683266
1,1,65,0.5319545947566051
1,1,66,0.5312764639379586
1,1,67,0.5306941265958733
1,1,68,0.5300334259685485
1,1,69,0.5291375695090407
1,1,70,0.527907805592423
1,1,71,0.5262657034524219
1,1,72,0.524167588890183
1,1,73,0.5217250215894754
1,1,74,0.5191960170597453
1,1,75,0.5168641188263191
1,1,76,0.514989760912907
1,1,77,0.5138076332141783
1,1,78,0.5135028983693811
1,1,79,0.5140923804741412
1,1,80,0.5153769783195538
1,1,81,0.5170053008777411
1,1,82,0.5185437381456137
1,1,83,0.5196038733511383
1,1,84,0.5199541531713209
1,1,85,0.5195583935667811
1,1,86,0.5185582918913164
1,1,87,0.5172452545768368
1,1,88,0.5159904239865076
1,1,89,0.5151049989567531
1,1,90,0.514775167134018
1,1,91,0.5150057485371288
1,1,92,0.5156563817438171
1,1,93,0.5164824831081343
1,1,94,0.5171997943871836
1,1,95,0.5176320004192368
1,1,96,0.5177321598937588
1,1,97,0.5175051638212722
1,1,98,0.5169741802867999
1,1,99,0.5161959883991823
1,1,100,0.5152950777871634
1,1,101,0.5143948930424534
1,1,102,0.5136425941656858
1,1,103,0.5131839744134109
1,1,104,0.5130447469586986
1,1,105,0.5131425478717007
1,1,106,0.5133913886832241
1,1,107,0.5137444517871529
1,1,108,0.5141467299510621
1,1,109,0.5145142066422114
1,1,110,0.5147772512554784
1,1,111,0.5149517720397149
1,1,112,0.5151849063509629
1,1,113,0.5156634279176182
1,1,114,0.516493307243401
1,1,115,0.5176206894877666
1,1,116,0.5189156951785965
1,1,117,0.5203051724523041
1,1,118,0.5217385454413713
1,1,119,0.5231632070665605
1,1,120,0.5245799570301845
1,1,121,0.5260628046693272
1,1,122,0.5276731534566863
1,1,123,0.5293835188444728
1,1,124,0.5311278806761593
1,1,125,0.532785581551924
1,1,126,0.5341995716643085
1,1,127,0.535216417485741
1,1,128,0.5357215649477429
1,1,129,0.5356859829038884
1,1,130,0.5352487448372427
1,1,131,0.5346749085277247
1,1,132,0.5341898496373988
1,1,133,0.5339128338879486
1,1,134,0.5338681527895628
1,1,135,0.5340396888213141
1,1,136,0.5343647570149764
1,1,137,0.5346581947232405
1,1,138,0.5347057706894197
1,1,139,0.5343533862676821
1,1,140,0.5335490172197189
1,1,141,0.5323509944874804
1,1,142,0.530862333367465
1,1,143,0.5291463256818353
1,1,144,0.5272761307761571
1,1,145,0.5254004444173056
1,1,146,0.5236972457317228
1,1,147,0.5223191777145191
1,1,148,0.5213698339628144
1,1,149,0.5208674943973411
1,1,150,0.5207945803280892
1,1,151,0.5211082343301675
1,1,152,0.5216959699968522
1,1,153,0.5223874745750453
1,1,154,0.5229918558232682
1,1,155,0.5233717907672976
1,1,156,0.5234903625331162
1,1,157,0.5233620073679114
1,1,158,0.5229862675504166
1,1,159,0.5223360583695723
1,1,160,0.5214254041867252
1,1,161,0.5203206541141192
1,1,162,0.5191219894723065
1,1,163,0.5178799293873735
1,1,164,0.516593255931357
1,1,165,0.5152640293372099
1,1,166,0.513879418453951
1,1,167,0.512425787829703
1,1,168,0.5108940961930852
1,1,169,0.5092582936894393
1,1,170,0.507544585021556
1,1,171,0.5058740364023274
1,1,172,0.5043654352682696
1,1,173,0.5031019677497746
1,1,174,0.5022371401079272
1,1,175,0.5019633556332715
1,1,176,0.5024128528880332
1,1,177,0.5036089930790538
1,1,178,0.5055280820176791
1,1,179,0.5081422837668
1,1,180,0.5113950192036979
1,1,181,0.5151478448741559
1,1,182,0.5191260858097066
1,1,183,0.5229749311340545
1,1,184,0.5264378772733926
1,1,185,0.5293989624783689
1,1,186,0.531745228432747
1,1,187,0.5333468461275862
1,1,188,0.5342218051830766
1,1,189,0.5345501427785067
1,1,190,0.5345195654139449
1,1,191,0.5341624294946992
1,1,192,0.5334672787750616
1,1,193,0.5324393418951915
1,1,194,0.5311012922723503
1,1,195,0.529529855604904
1,1,196,0.5278201880288731
1,1,197,0.5260714295714449
1,1,198,0.5243965296371237
1,1,199,0.522898198367158
1,1,200,0.5215602503134992
1,1,201,0.52026364354897
1,1,202,0.518975455453709
1,1,203,0.5177920623943326
1,1,204,0.516890130366524
1,1,205,0.5164856582848791
1,1,206,0.5169201689681109
1,1,207,0.5185394269423084
1,1,208,0.5214601138778552
1,1,209,0.5256274658893432
1,1,210,0.5308450254895125
1,1,211,0.536727208778398
1,1,212,0.54265567417202
1,1,213,0.547933058641833
1,1,214,0.5519855851534572
1,1,215,0.5544332946775125
1,1,216,0.5552261755564064
1,1,217,0.5546895479059029
1,1,218,0.5533427943431751
1,1,219,0.5517252264330884
1,1,220,0.5503859452182894
1,1,221,0.5497924510812078
1,1,222,0.5500195421356379
1,1,223,0.5506975565991746
1,1,224,0.5512600036886844
1,1,225,0.5512082463299874
1,1,226,0.5502307638323272
1,1,227,0.5482301056690496
1,1,228,0.5454033910387676
1,1,229,0.5421604174392594
1,1,230,0.5389998685500468
1,1,231,0.5364572415153154
1,1,232,0.5348873318636842
1,1,233,0.5343231761554607
1,1,234,0.5345804671394028
1,1,235,0.5353600420214616
1,1,236,0.536326887217417
1,1,237,0.5371528029323027
1,1,238,0.5375155620733625
1,1,239,0.5371512100616296
1,1,240,0.5360177074700103
1,1,241,0.5343139616203987
1,1,242,0.5323783927718752
1,1,243,0.5305609737820791
1,1,244,0.5291885456754718
1,1,245,0.5285422203718035
1,1,246,0.5286454414253144
1,1,247,0.5291722328275557
1,1,248,0.5296128365249578
1,1,249,0.5294421559164716
1,1,250,0.5282590862487858
1,1,251,0.5259500821656393
1,1,252,0.5227360419946974
1,1,253,0.5190276044366601
1,1,254,0.5152512584816115
1,1,255,0.51178548315522
1,1,256,0.5089028438471642
1,1,257,0.5066466172629721
1,1,258,0.5049119220808004
1,1,259,0.5035771652197467
1,1,260,0.5025664112130849
1,1,261,0.5018846880367243
1,1,262,0.5015564776349761
1,1,263,0.5015683627524574
1,1,264,0.5017923606438935
1,1,265,0.5019872391872686
1,1,266,0.5019400712101233
1,1,267,0.5015868071234643
1,1,268,0.5010071487120757
1,1,269,0.5003771834539609
1,1,270,0.49996690223293205
1,1,271,0.5001455355496467
1,1,272,0.5012830556226632
1,1,273,0.5035428618741187
1,1,274,0.5068371020125529
1,1,275,0.5109032080506138
1,1,276,0.5153384766110757
1,1,277,0.5197397429666621
1,1,278,0.5237794570736682
1,1,279,0.5271505687497661
1,1,280,0.5295659062916926
1,1,281,0.5308462416032029
1,1,282,0.5309992074343296
1,1,283,0.5301731761511143
1,1,284,0.5285490185260655
1,1,285,0.5263116398118849
1,1,286,0.5236559754904847
1,1,287,0.5207981316160851
1,1,288,0.5179758990484281
1,1,289,0.5153650876578691
1,1,290,0.5130466558738385
1,1,291,0.5110269661772507
1,1,292,0.5092530913359281
1,1,293,0.5076715520328745
1,1,294,0.5062151503834059
1,1,295,0.504798644825775
1,1,296,0.5033452928758937
1,1,297,0.5018263756226968
1,1,298,0.5003581423810831
1,1,299,0.49920018820840456
1,1,300,0.4985670994961393
1,1,301,0.49857765542429405
1,1,302,0.49937144249931936
1,1,303,0.5010241910325046
1,1,304,0.5034996625770066
1,1,305,0.5066806904083686
1,1,306,0.5103385933628068
1,1,307,0.5141970968657915
1,1,308,0.5180029179281265
1,1,309,0.5215307849332507
1,1,310,0.5245234354194748
1,1,311,0.5267075599991786
1,1,312,0.527828223797665
1,1,313,0.5276677425076641
1,1,314,0.5261460163066071
1,1,315,0.523402883446748
1,1,316,0.5197773742067754
1,1,317,0.5157434461276595
1,1,318,0.5118918244234204
1,1,319,0.5088262327050586
1,1,320,0.506950976729178
1,1,321,0.5062975541276267
1,1,322,0.5065375171251149
1,1,323,0.5071057854690384
1,1,324,0.507345682825471
1,1,325,0.5067396112493857
1,1,326,0.5051178131114844
1,1,327,0.5026495207661646
1,1,328,0.4997370096687361
1,1,329,0.4969227819749841
1,1,330,0.494766166192764
1,1,331,0.49368162055221426
1,1,332,0.4938504185546682
1,1,333,0.4952693605433592
1,1,334,0.49778070803454244
1,1,335,0.5010057154090467
1,1,336,0.5044548873167929
1,1,337,0.5076332902151562
1,1,338,0.5100712533852139
1,1,339,0.5114202387431064
1,1,340,0.5115646782878802
1,1,341,0.5106114038596428
1,1,342,0.5088694090871388
1,1,343,0.5067304844978936
1,1,344,0.5045220991303698
1,1,345,0.502436259012856
1,1,346,0.5004996027457485
1,1,347,0.49860018143570034
1,1,348,0.49657696559016024
1,1,349,0.49429577484773735
1,1,350,0.4917795786978008
1,1,351,0.48924292941597247
1,1,352,0.48694147801633425
1,1,353,0.48512551838402523
1,1,354,0.48409581896991877
1,1,355,0.484103394850027
1,1,356,0.4853032214885398
1,1,357,0.4877811203779514
1,1,358,0.4915401757717696
1,1,359,0.4964203032145123
1,1,360,0.5020660244345974
1,2,0,0.5046529382882995
1,2,1,0.5034180026921153
1,2,2,0.502042822189145
1,2,3,0.5005894632072149
1,2,4,0.49910327104667673
1,2,5,0.4976227609698874
1,2,6,0.49621801382865494
1,2,7,0.4950006424548721
1,2,8,0.4941174421898494
1,2,9,0.4936682896483971
1,2,10,0.49367370310759745
1,2,11,0.49413118831837316
1,2,12,0.4949532652352536
1,2,13,0.49591074877144986
1,2,14,0.49679226034542134
1,2,15,0.4974828130695846
1,2,16,0.49791080648693786
1,2,17,0.4980331244003158
1,2,18,0.49786322175281866
1,2,19,0.49752232618164255
1,2,20,0.49719341200043626
1,2,21,0.49697974847133536
1,2,22,0.49683683245574894
1,2,23,0.4967000596125178
1,2,24,0.49661063612575923
1,2,25,0.49667829269691766
1,2,26,0.49700254242581715
1,2,27,0.49759665141731485
1,2,28,0.4984418289526576
1,2,29,0.4995319905717735
1,2,30,0.5007830838204229
1,2,31,0.501963223343161
1,2,32,0.5027272721375416
1,2,33,0.5027746281148439
1,2,34,0.5020100090949685
1,2,35,0.5005329923065119
1,2,36,0.4985347713390369
1,2,37,0.4962482069611687
1,2,38,0.49389973256180075
1,2,39,0.49164085667620216
1,2,40,0.48953013676368407
1,2,41,0.4875746876056587
1,2,42,0.48578512994752293
1,2,43,0.4841903842845869
1,2,44,0.4827951403451772
1,2,45,0.48161720636613475
1,2,46,0.4807330825999112
1,2,47,0.4801751842094541
1,2,48,0.47986593995493704
1,2,49,0.47963641889086583
1,2,50,0.4793141205976555
1,2,51,0.4788993682604248
1,2,52,0.47851027536983937
1,2,53,0.4782435062847441
1,2,54,0.4781716368462463
1,2,55,0.4783867314407098
1,2,56,0.47895768993068466
1,2,57,0.47986520976008584
1,2,58,0.4809737708751548
1,2,59,0.4821300617339378
1,2,60,0.483276731111994
1,2,61,0.4843913065921564
1,2,62,0.4854494550029559
1,2,63,0.486417699528722
1,2,64,0.487211483668829
1,2,65,0.48774285477454044
1,2,66,0.48797984348747364
1,2,67,0.48793145881919914
1,2,68,0.4876725366926896
1,2,69,0.48737310279784885
1,2,70,0.4872649446108038
1,2,71,0.4875198302886747
1,2,72,0.48816261239036884
1,2,73,0.48913873342268205
1,2,74,0.4903209046350097
1,2,75,0.49145378003633816
1,2,76,0.49227021431676005
1,2,77,0.4926579488989465
1,2,78,0.49269372748848944
1,2,79,0.4925410828902525
1,2,80,0.49234106966706753
1,2,81,0.4921501100777088
1,2,82,0.49196268761481426
1,2,83,0.49174393854224097
1,2,84,0.49143981009168325
1,2,85,0.49103406727166976
1,2,86,0.4905688137055123
1,2,87,0.49016952554325255
1,2,88,0.49007635107397624
1,2,89,0.490548332776753
1,2,90,0.49174576314409374
1,2,91,0.49365405146298547
1,2,92,0.49610203602775044
1,2,93,0.4988143881570662
1,2,94,0.5014436561680635
1,2,95,0.5036652031589145
1,2,96,0.50526644408007
1,2,97,0.5061245362106738
1,2,98,0.5061703216373858
1,2,99,0.5054320844464502
1,2,100,0.5040772401181219
1,2,101,0.5022974325892352
1,2,102,0.5003009030381486
1,2,103,0.49833126134330225
1,2,104,0.496611290710649
1,2,105,0.49531421289200445
1,2,106,0.4945782891513052
1,2,107,0.49450477294007156
1,2,108,0.49508166922886226
1,2,109,0.49615854143813054
1,2,110,0.4975202974030973
1,2,111,0.49894745130388557
1,2,112,0.5003161948921019
1,2,113,0.5016028244087992
1,2,114,0.5028305787585466
1,2,115,0.5039779059907087
1,2,116,0.5050064760301217
1,2,117,0.5059279820384903
1,2,118,0.5067386108661217
1,2,119,0.5073506396456167
1,2,120,0.5076188399836162
1,2,121,0.5074583998240099
1,2,122,0.5068622872753378
1,2,123,0.5058823196216956
1,2,124,0.5047003282833022
1,2,125,0.5035677834846262
1,2,126,0.502787228975059
1,2,127,0.5026845308444303
1,2,128,0.5034817257828188
1,2,129,0.5051776215046447
1,2,130,0.5075801548210338
1,2,131,0.5103492591498482
1,2,132,0.5130354461703823
1,2,133,0.5151958939144383
1,2,134,0.5165117068110463
1,2,135,0.5169427718325589
1,2,136,0.516684049417496
1,2,137,0.5159721810164813
1,2,138,0.5150470977950183
1,2,139,0.5141143611947964
1,2,140,0.5132859334469629
1,2,141,0.5125768551721896
1,2,142,0.5118712201380397
1,2,143,0.5109228455462517
1,2,144,0.5095069614276154
1,2,145,0.5075513652173562
1,2,146,0.5051342905374052
1,2,147,0.5024243962597538
1,2,148,0.4996833604991276
1,2,149,0.4972941856777703
1,2,150,0.49569278872887207
1,2,151,0.49521712387111305
1,2,152,0.4959855098136456
1,2,153,0.4978613311787173
1,2,154,0.5005132113888809
1,2,155,0.5034936710166885
1,2,156,0.5062770134464964
1,2,157,0.5083667476149686
1,2,158,0.5094204095879669
1,2,159,0.5092834862437252
1,2,160,0.5080057760196632
1,2,161,0.5058282709832805
1,2,162,0.5031000923549438
1,2,163,0.5001851130941425
1,2,164,0.4974106415097521
1,2,165,0.4950475326028015
1,2,166,0.49324613790248906
1,2,167,0.4920028822950802
1,2,168,0.4912357325704952
1,2,169,0.4908510410180584
1,2,170,0.4907318007283879
1,2,171,0.49078080767293303
1,2,172,0.49095460024122245
1,2,173,0.49122221011247413
1,2,174,0.4916188689880016
1,2,175,0.4922828048194149
1,2,176,0.4933707782004803
1,2,177,0.49496050006320647
1,2,178,0.49704439588702687
1,2,179,0.4995438916527029
1,2,180,0.5023354453350806
1,2,181,0.5052530540861125
1,2,182,0.5080582902458457
1,2,183,0.5104969978837276
1,2,184,0.5124007503326501
1,2,185,0.5137374823780312
1,2,186,0.514555644352198
1,2,187,0.5149378260469423
1,2,188,0.5150122276263494
1,2,189,0.51492524005306
1,2,190,0.5147698663230622
1,2,191,0.5145857909847732
1,2,192,0.5144541342744755
1,2,193,0.5144142454062922
1,2,194,0.5144414514778618
1,2,195,0.5145041020080305
1,2,196,0.5145509806012785
1,2,197,0.5145164517426513
1,2,198,0.5143305186678296
1,2,199,0.5138932028443545
1,2,200,0.5129793751960555
1,2,201,0.5114133729294624
1,2,202,0.5092794411997681
1,2,203,0.5068455272160938
1,2,204,0.5044496995895802
1,2,205,0.502506461487794
1,2,206,0.5014840761304711
1,2,207,0.5016889796036549
1,2,208,0.5031486612752917
1,2,209,0.5057075472890772
1,2,210,0.509126262954418
1,2,211,0.5130124812627612
1,2,212,0.5168435939216146
1,2,213,0.5201864562150993
1,2,214,0.5227914783474364
1,2,215,0.5245659075511875
1,2,216,0.5256036160921076
1,2,217,0.5260789285436597
1,2,218,0.5261319804264625
1,2,219,0.5259404236637393
1,2,220,0.5257599947007451
1,2,221,0.5257881323682524
1,2,222,0.5259828800791229
1,2,223,0.5260882262436015
1,2,224,0.525881225204643
1,2,225,0.5252601772827201
1,2,226,0.5241687087444368
1,2,227,0.5225362961503823
1,2,228,0.520430612515095
1,2,229,0.5180996228363319
1,2,230,0.5158597019233239
1,2,231,0.5140078987021972
1,2,232,0.5127022881330165
1,2,233,0.5119245972850117
1,2,234,0.5115922177514054
1,2,235,0.5116151133486972
1,2,236,0.5118689899084955
1,2,237,0.5122283861038394
1,2,238,0.5125826942176835
1,2,239,0.5128659264593328
1,2,240,0.5131193779897806
1,2,241,0.5133795124905127
1,2,242,0.5136093660821048
1,2,243,0.5137535054903899
1,2,244,0.5138186307491699
1,2,245,0.5138752029327416
1,2,246,0.5139051934230148
1,2,247,0.5137467919117408
1,2,248,0.5132320466693487
1,2,249,0.5123089128255585
1,2,250,0.5110036193090756
1,2,251,0.5094228710788737
1,2,252,0.5077882905665625
1,2,253,0.5063994775772845
1,2,254,0.5055097974961992
1,2,255,0.5052593403120391
1,2,256,0.5056139198455841
1,2,257,0.5062866563615354
1,2,258,0.5069040582971713
1,2,259,0.507165612621477
1,2,260,0.5068961782492236
1,2,261,0.5061201973734136
1,2,262,0.5050556232721736
1,2,263,0.50401624499432
1,2,264,0.5032160274701287
1,2,265,0.5026762758742451
1,2,266,0.5023110216401381
1,2,267,0.5020569444653896
1,2,268,0.5019028748867242
1,2,269,0.5018851527711576
1,2,270,0.5020936612520199
1,2,271,0.5027381743633875
1,2,272,0.5041337765444811
1,2,273,0.5064629591146168
1,2,274,0.5096479431462637
1,2,275,0.5134177578845056
1,2,276,0.5173881673948656
1,2,277,0.5211544716606394
1,2,278,0.5243097409770588
1,2,279,0.5264572437265123
1,2,280,0.5272524660121151
1,2,281,0.5265401609885293
1,2,282,0.5244927612244098
1,2,283,0.5215582342830399
1,2,284,0.5182505943805024
1,2,285,0.51509295374064
1,2,286,0.5125788781426724
1,2,287,0.511005504790944
1,2,288,0.5104087094892803
1,2,289,0.510565613419575
1,2,290,0.5110421615431642
1,2,291,0.5113642484850315
1,2,292,0.5111858229123639
1,2,293,0.5103878954818077
1,2,294,0.5090239163970386
1,2,295,0.5072218789156928
1,2,296,0.5051476068596388
1,2,297,0.5030041280604484
1,2,298,0.501050856653809
1,2,299,0.49957739896229364
1,2,300,0.4987767674852816
1,2,301,0.4986719822622647
1,2,302,0.49922496958720325
1,2,303,0.5003353892002277
1,2,304,0.5018341582595504
1,2,305,0.5035021757675407
1,2,306,0.5050668620506906
1,2,307,0.5063017069526636
1,2,308,0.5071308294492654
1,2,309,0.5076219990819182
1,2,310,0.5078149757403755
1,2,311,0.5076950044132988
1,2,312,0.5072483715840286
1,2,313,0.5064084800331417
1,2,314,0.5051277576791405
1,2,315,0.5034321343007205
1,2,316,0.5014226554410528
1,2,317,0.49920949173023266
1,2,318,0.49693470176196536
1,2,319,0.4948254992574951
1,2,320,0.4931034652260265
1,2,321,0.49191158145497493
1,2,322,0.49132810617528944
1,2,323,0.4913663911014625
1,2,324,0.49190413045660947
1,2,325,0.4927268051919725
1,2,326,0.4936664193502174
1,2,327,0.4945685927470652
1,2,328,0.49529048877793364
1,2,329,0.4957191652415228
1,2,330,0.4958317703588667
1,2,331,0.4957097363178998
1,2,332,0.49545758445204474
1,2,333,0.4951572168234406
1,2,334,0.4949085060572256
1,2,335,0.49479350553658
1,2,336,0.49482580118544284
1,2,337,0.49495304641337334
1,2,338,0.49513539661542855
1,2,339,0.4953912673078634
1,2,340,0.4957244336700383
1,2,341,0.4960663026591062
1,2,342,0.49636598775840174
1,2,343,0.49660436627907417
1,2,344,0.49675373137755
1,2,345,0.4967755681226211
1,2,346,0.4966331877500668
1,2,347,0.4962454440877474
1,2,348,0.4954854107322515
1,2,349,0.494299213817261
1,2,350,0.4927570977333756
1,2,351,0.4909741185183487
1,2,352,0.489066115976177
1,2,353,0.48722338849082714
1,2,354,0.48570755119358355
1,2,355,0.4847709832637749
1,2,356,0.4846145415738648
1,2,357,0.48540881770398026
1,2,358,0.4872650874520633
1,2,359,0.4901039886658444
1,2,360,0.4936589636873126
1,3,0,0.5027697969701891
1,3,1,0.49979742957775913
1,3,2,0.49661474742504214
1,3,3,0.49356071645372174
1,3,4,0.4909538929409266
1,3,5,0.48903313856060987
1,3,6,0.48796295888499014
1,3,7,0.4878190857340557
1,3,8,0.48862344536703606
1,3,9,0.4902058248293581
1,3,10,0.4923304336245496
1,3,11,0.4947886632485888
1,3,12,0.49730880428471774
1,3,13,0.49949630681561413
1,3,14,0.5009875915215377
1,3,15,0.5015517247810516
1,3,16,0.5010945742482592
1,3,17,0.4996795209476027
1,3,18,0.49756850583327106
1,3,19,0.4952141747407615
1,3,20,0.4932075820365125
1,3,21,0.49208600236829453
1,3,22,0.492057211172215
1,3,23,0.4930272908216752
1,3,24,0.49471521823292874
1,3,25,0.496679147301546
1,3,26,0.4984462584251299
1,3,27,0.49963154202873794
1,3,28,0.5000509906622137
1,3,29,0.4997667556048851
1,3,30,0.498944870284809
1,3,31,0.4977114598971409
1,3,32,0.496152628226362
1,3,33,0.49428508256717363
1,3,34,0.4921156598798344
1,3,35,0.48970778865752246
1,3,36,0.4870803606051261
1,3,37,0.48425062639835026
1,3,38,0.48133337566132256
1,3,39,0.47844211034461415
1,3,40,0.4755873853137801
1,3,41,0.47274428626879644
1,3,42,0.4699448799985555
1,3,43,0.46728697439878353
1,3,44,0.4648578115365963
1,3,45,0.4627398314032747
1,3,46,0.4611018847439085
1,3,47,0.46007616255413863
1,3,48,0.45967157964603905
1,3,49,0.45977720487464435
1,3,50,0.46023552306586535
1,3,51,0.46099151221693707
1,3,52,0.4620383601267429
1,3,53,0.4632942742086686
1,3,54,0.46461371593766965
1,3,55,0.4658819600762105
1,3,56,0.46703759009513185
1,3,57,0.46801443258907965
1,3,58,0.4686488730967151
1,3,59,0.46876971956007946
1,3,60,0.46836199758574426
1,3,61,0.4675087496693608
1,3,62,0.46635515134662775
1,3,63,0.4650567739299195
1,3,64,0.4637116389363957
1,3,65,0.4624464980188138
1,3,66,0.46147165290008174
1,3,67,0.4610061153741266
1,3,68,0.461225836216677
1,3,69,0.4622588652521442
1,3,70,0.4641956624706194
1,3,71,0.46701243391473707
1,3,72,0.4704512960692897
1,3,73,0.47408796546822357
1,3,74,0.47745146638254177
1,3,75,0.4800564955488604
1,3,76,0.4815551426877478
1,3,77,0.4818923613464633
1,3,78,0.4812804567756272
1,3,79,0.48008863593248935
1,3,80,0.47870205273142863
1,3,81,0.47741164236577627
1,3,82,0.4763963519514695
1,3,83,0.47569184777509405
1,3,84,0.4751924233207248
1,3,85,0.4747866707409302
1,3,86,0.474407079370073
1,3,87,0.47406316323469666
1,3,88,0.4739066660555524
1,3,89,0.4741442723521558
1,3,90,0.4749526358793568
1,3,91,0.47643213787203126
1,3,92,0.4785799988351648
1,3,93,0.48131238240826346
1,3,94,0.4844314392602072
1,3,95,0.48762862632262455
1,3,96,0.49058768216808535
1,3,97,0.4930316565656959
1,3,98,0.4946950707939956
1,3,99,0.4954217267191916
1,3,100,0.49522819380468797
1,3,101,0.4942322117976921
1,3,102,0.492662929239421
1,3,103,0.4908479312129655
1,3,104,0.4891698656995408
1,3,105,0.4879690565573469
1,3,106,0.48745593621936606
1,3,107,0.4876802114240366
1,3,108,0.488508702950452
1,3,109,0.4896743946719791
1,3,110,0.49085700851449704
1,3,111,0.4917685162264952
1,3,112,0.492271164859497
1,3,113,0.49242017214964423
1,3,114,0.492397693954052
1,3,115,0.4923542881125926
1,3,116,0.4923576844382813
1,3,117,0.49239510123221897
1,3,118,0.4923481239198291
1,3,119,0.4920087030783097
1,3,120,0.49115361212391917
1,3,121,0.4896783808708542
1,3,122,0.4876330090551574
1,3,123,0.48523785562426425
1,3,124,0.48288899512534916
1,3,125,0.48102597592891905
1,3,126,0.4800662484910452
1,3,127,0.4803521108064016
1,3,128,0.482038324535516
1,3,129,0.48498851855530467
1,3,130,0.4887769366297837
1,3,131,0.492788062574726
1,3,132,0.4963431492248163
1,3,133,0.4988464020863585
1,3,134,0.4999156969162584
1,3,135,0.49954864851924413
1,3,136,0.4980921753101106
1,3,137,0.496025748314288
1,3,138,0.49384394347251903
1,3,139,0.4919540657987862
1,3,140,0.4905853365072707
1,3,141,0.489774635073003
1,3,142,0.4893368102912291
1,3,143,0.4889294000316892
1,3,144,0.4882335524935012
1,3,145,0.48706742714129325
1,3,146,0.48540897423535584
1,3,147,0.4833617701902182
1,3,148,0.48114994134187894
1,3,149,0.47914269699741796
1,3,150,0.4777921812576299
1,3,151,0.4774752171457745
1,3,152,0.47838418277272543
1,3,153,0.4804489379473895
1,3,154,0.4833842935303477
1,3,155,0.48676193972474346
1,3,156,0.4900270506960394
1,3,157,0.4926062001239386
1,3,158,0.4941159682058521
1,3,159,0.49440922726682623
1,3,160,0.493505407438154
1,3,161,0.4916283603951326
1,3,162,0.48915904576497565
1,3,163,0.48653379095770805
1,3,164,0.48414334818079413
1,3,165,0.48223582402610193
1,3,166,0.4809088892310429
1,3,167,0.48011370914547274
1,3,168,0.4797340656780676
1,3,169,0.4796474517426421
1,3,170,0.47968457420912386
1,3,171,0.4796973697350305
1,3,172,0.4796836895594263
1,3,173,0.4797499353671803
1,3,174,0.48001094896855184
1,3,175,0.48058554918020224
1,3,176,0.4815765689843609
1,3,177,0.4830006562910046
1,3,178,0.4847514087634001
1,3,179,0.4865642130392756
1,3,180,0.4880853311852353
1,3,181,0.4890053318301059
1,3,182,0.48914984666163736
1,3,183,0.48851390096782477
1,3,184,0.4872340039849111
1,3,185,0.48558670442161095
1,3,186,0.48395393498147754
1,3,187,0.48274644589813487
1,3,188,0.4822648876485967
1,3,189,0.4825682411153077
1,3,190,0.48349496131796954
1,3,191,0.48482016309207543
1,3,192,0.4863924623100856
1,3,193,0.4880521798939528
1,3,194,0.4896464936574264
1,3,195,0.49109057367149506
1,3,196,0.4923934216518486
1,3,197,0.4936095328139361
1,3,198,0.494783892624287
1,3,199,0.49587354007815626
1,3,200,0.49661579054084637
1,3,201,0.4967587505204563
1,3,202,0.4962431691303689
1,3,203,0.49504861508627784
1,3,204,0.4931967410657226
1,3,205,0.4909142210273842
1,3,206,0.48857476984984355
1,3,207,0.4865019365118479
1,3,208,0.48492044534875584
1,3,209,0.48398299502207615
1,3,210,0.48382803969190064
1,3,211,0.48447235861765336
1,3,212,0.4857224201400975
1,3,213,0.487349309818128
1,3,214,0.4891722549307393
1,3,215,0.49105870924196166
1,3,216,0.49299383631133514
1,3,217,0.494893195172049
1,3,218,0.4965458818365184
1,3,219,0.4978360796206075
1,3,220,0.49875436725911604
1,3,221,0.49927132890173304
1,3,222,0.49927542727228
1,3,223,0.4986089524692951
1,3,224,0.49724264549099134
1,3,225,0.49536703900158585
1,3,226,0.49324995433229313
1,3,227,0.4910660780579651
1,3,228,0.48899533591883276
1,3,229,0.48725753527770554
1,3,230,0.48600984272076836
1,3,231,0.4853018841921296
1,3,232,0.48505475532884
1,3,233,0.48508855045263416
1,3,234,0.48524047743730747
1,3,235,0.48547556915722057
1,3,236,0.48583586082547703
1,3,237,0.4863736733150491
1,3,238,0.4871319931908229
1,3,239,0.48816032411859067
1,3,240,0.4895137736420125
1,3,241,0.4911036001182363
1,3,242,0.4926655314726508
1,3,243,0.4939521475832418
1,3,244,0.49484869801205056
1,3,245,0.49538238814182706
1,3,246,0.4956460240986016
1,3,247,0.4957186212482758
1,3,248,0.49566619535447937
1,3,249,0.4956581130668638
1,3,250,0.4959143421807202
1,3,251,0.4965604595676635
1,3,252,0.4976315597311768
1,3,253,0.4991643792694774
1,3,254,0.5011619653875155
1,3,255,0.503571936523887
1,3,256,0.5061906244007385
1,3,257,0.5086086842774465
1,3,258,0.5104000785951384
1,3,259,0.5112146665907137
1,3,260,0.5108450761361869
1,3,261,0.5093476204141016
1,3,262,0.5070381237633459
1,3,263,0.5044160219582079
1,3,264,0.5019957889185495
1,3,265,0.5001494751897365
1,3,266,0.4990769033124615
1,3,267,0.4988437745395655
1,3,268,0.4993535246370221
1,3,269,0.5003741880585443
1,3,270,0.5016077765901577
1,3,271,0.5028368884972344
1,3,272,0.504054874956766
1,3,273,0.5053073346241449
1,3,274,0.5066001400914508
1,3,275,0.5079379881775458
1,3,276,0.5093230644568703
1,3,277,0.5106895946071964
1,3,278,0.5118507573625984
1,3,279,0.512518820584016
1,3,280,0.5123367762240892
1,3,281,0.511009442678749
1,3,282,0.5085312740333983
1,3,283,0.5052338992816422
1,3,284,0.5015940686711681
1,3,285,0.49817795177567814
1,3,286,0.4956010489988077
1,3,287,0.49428215103718737
1,3,288,0.49429277040391345
1,3,289,0.49537915875222727
1,3,290,0.49707603423209906
1,3,291,0.498856034950576
1,3,292,0.500314987022892
1,3,293,0.5012931788999975
1,3,294,0.5018136532433096
1,3,295,0.501944705171552
1,3,296,0.501764045029005
1,3,297,0.5013552797317056
1,3,298,0.5007854112192305
1,3,299,0.5001088785324064
1,3,300,0.49936330277439084
1,3,301,0.4985884669989398
1,3,302,0.49785642800254654
1,3,303,0.49721403660408353
1,3,304,0.4966688932303077
1,3,305,0.4961610143141162
1,3,306,0.49557071126039537
1,3,307,0.4947903352973758
1,3,308,0.4937906854003429
1,3,309,0.4926122330934924
1,3,310,0.49130573626811486
1,3,311,0.4899628094820315
1,3,312,0.48873816468584397
1,3,313,0.487755418779281
1,3,314,0.4870968597921893
1,3,315,0.48680454549230223
1,3,316,0.48688132287313335
1,3,317,0.48722340632696753
1,3,318,0.4876629766801123
1,3,319,0.4880744274283074
1,3,320,0.4883977714516959
1,3,321,0.4886492159358455
1,3,322,0.4889710104490984
1,3,323,0.4895679120244758
1,3,324,0.4905395815854551
1,3,325,0.49185871302084216
1,3,326,0.49343630696762486
1,3,327,0.4950625217288838
1,3,328,0.49646334825626326
1,3,329,0.49737689479212344
1,3,330,0.49763568640223677
1,3,331,0.49723200928353256
1,3,332,0.4962523303907344
1,3,333,0.49480131642524194
1,3,334,0.4930533568167047
1,3,335,0.49126881468830774
1,3,336,0.48968013103434666
1,3,337,0.48840787032411603
1,3,338,0.48754925254218556
1,3,339,0.4872278854498214
1,3,340,0.4874732229918728
1,3,341,0.4881559133851227
1,3,342,0.48909605602586576
1,3,343,0.490137146409179
1,3,344,0.49111677686007016
1,3,345,0.4918858681133472
1,3,346,0.4923628051767098
1,3,347,0.49246870911083696
1,3,348,0.4920731156202056
1,3,349,0.4911577852263643
1,3,350,0.48989305017105644
1,3,351,0.48844439018269264
1,3,352,0.4869578267324693
1,3,353,0.4856678942500952
1,3,354,0.48480108980555453
1,3,355,0.48449064221679644
1,3,356,0.4847939119694227
1,3,357,0.4857678950373027
1,3,358,0.4874269533854486
1,3,359,0.489600325633353
1,3,360,0.4919682274144604
1,4,0,0.4961649736180694
1,4,1,0.49375861427761075
1,4,2,0.49113021654880706
1,4,3,0.4885541890737814
1,4,4,0.48631113068858134
1,4,5,0.48463504856891815
1,4,6,0.48372819422163527
1,4,7,0.483747843528901
1,4,8,0.4847840975108304
1,4,9,0.4867650435695838
1,4,10,0.48956205694997046
1,4,11,0.4929956437146154
1,4,12,0.4967335897745521
1,4,13,0.500265522125976
1,4,14,0.5030031644139827
1,4,15,0.5044100246515406
1,4,16,0.5041478703995013
1,4,17,0.5021768195880192
1,4,18,0.49883072620595004
1,4,19,0.49475517690118576
1,4,20,0.49082548208560384
1,4,21,0.4879789808493623
1,4,22,0.48685805790167286
1,4,23,0.4876257095402521
1,4,24,0.4900118915751167
1,4,25,0.4934093301620816
1,4,26,0.49706964780359825
1,4,27,0.5003080810630927
1,4,28,0.5026521572647236
1,4,29,0.5039241462277181
1,4,30,0.5041502364435873
1,4,31,0.503419005570741
1,4,32,0.5018925727435187
1,4,33,0.4997385253895736
1,4,34,0.4970713302196709
1,4,35,0.49397622658669915
1,4,36,0.4904999385875863
1,4,37,0.4867074985893236
1,4,38,0.48276136463682195
1,4,39,0.47882549484764114
1,4,40,0.47501744479038605
1,4,41,0.4714644995163552
1,4,42,0.4682927078904952
1,4,43,0.4656359238364009
1,4,44,0.4636100297727513
1,4,45,0.46226485916872334
1,4,46,0.46163842736182337
1,4,47,0.46170104676955703
1,4,48,0.46232644291097963
1,4,49,0.46329462478054295
1,4,50,0.4643825980509155
1,4,51,0.465526952792355
1,4,52,0.4668057732275257
1,4,53,0.4682699774397669
1,4,54,0.46989655991593854
1,4,55,0.47163002764365775
1,4,56,0.47337478120909854
1,4,57,0.47495967659194605
1,4,58,0.47608876438721
1,4,59,0.47644757345193434
1,4,60,0.47590745680971713
1,4,61,0.4745334283422622
1,4,62,0.4725345263356339
1,4,63,0.4701812789119445
1,4,64,0.46771053658322553
1,4,65,0.4653346667530166
1,4,66,0.4632910403666289
1,4,67,0.46179456294169285
1,4,68,0.4609974693386502
1,4,69,0.4610191589563434
1,4,70,0.4619902735654281
1,4,71,0.4639544618666633
1,4,72,0.4667194035351617
1,4,73,0.46989066522060535
1,4,74,0.4729915793938328
1,4,75,0.47554691355918116
1,4,76,0.47719202253317744
1,4,77,0.4777884107428575
1,4,78,0.47746306011610457
1,4,79,0.47652536848136484
1,4,80,0.4753434498824811
1,4,81,0.47424872877252056
1,4,82,0.47346374478613745
1,4,83,0.4730497281481416
1,4,84,0.4729348240351298
1,4,85,0.4730072461377107
1,4,86,0.47311829023127416
1,4,87,0.4731768660196782
1,4,88,0.4732514994917103
1,4,89,0.47347293756003556
1,4,90,0.4739815115639955
1,4,91,0.4749168142717462
1,4,92,0.4763913241804361
1,4,93,0.47848985156614154
1,4,94,0.4812220341452614
1,4,95,0.4844387712997451
1,4,96,0.48784839152677556
1,4,97,0.49107961636924125
1,4,98,0.4937078680708554
1,4,99,0.49538211962824735
1,4,100,0.4958882367645665
1,4,101,0.49516781046721037
1,4,102,0.4934217222835509
1,4,103,0.4910745848987105
1,4,104,0.48867093621773655
1,4,105,0.4867445104708594
1,4,106,0.48566858889272063
1,4,107,0.48557745939795943
1,4,108,0.4863670992776791
1,4,109,0.4877455343223952
1,4,110,0.48929923926557595
1,4,111,0.4906381116964179
1,4,112,0.49151689343106275
1,4,113,0.4918754493093549
1,4,114,0.4918166691225837
1,4,115,0.49149122863763783
1,4,116,0.4909982404624716
1,4,117,0.49038891660121786
1,4,118,0.48965002730554746
1,4,119,0.48867232608843203
1,4,120,0.4872757847524093
1,4,121,0.48535100092121913
1,4,122,0.48293008252150366
1,4,123,0.4802355638434248
1,4,124,0.4776601487161271
1,4,125,0.47565200745383285
1,4,126,0.4746207822118615
1,4,127,0.47485388177945126
1,4,128,0.4764456154851527
1,4,129,0.4792387486811167
1,4,130,0.4827672686605479
1,4,131,0.4863830451641947
1,4,132,0.48946076536052024
1,4,133,0.49153033938932605
1,4,134,0.4923534738494667
1,4,135,0.4920295304285841
1,4,136,0.49093112602939915
1,4,137,0.4894923497102072
1,4,138,0.488095295661782
1,4,139,0.48699402185504476
1,4,140,0.4862485070627153
1,4,141,0.4857264471851812
1,4,142,0.4851340439674796
1,4,143,0.48414097768098036
1,4,144,0.48254374832816677
1,4,145,0.48033430980882175
1,4,146,0.4776918295275102
1,4,147,0.47490165343163715
1,4,148,0.47230558262084155
1,4,149,0.47027725816623595
1,4,150,0.4691761111862239
1,4,151,0.4692486330993596
1,4,152,0.470575022297835
1,4,153,0.47301818539186885
1,4,154,0.4762714285371712
1,4,155,0.47993596353243767
1,4,156,0.48354802788464196
1,4,157,0.48662444570967955
1,4,158,0.48880355248988583
1,4,159,0.48989609719346056
1,4,160,0.4898338327475189
1,4,161,0.48875328002148555
1,4,162,0.4869956713668321
1,4,163,0.484970834217335
1,4,164,0.48302772033439983
1,4,165,0.4813545255764875
1,4,166,0.48002612774383946
1,4,167,0.47904438467935023
1,4,168,0.4783649358280612
1,4,169,0.47790896789958587
1,4,170,0.4775885757900049
1,4,171,0.4774094696562018
1,4,172,0.4775104365873884
1,4,173,0.47806516603021026
1,4,174,0.4791264651467128
1,4,175,0.4806551721405618
1,4,176,0.48258458147879596
1,4,177,0.4847717227211735
1,4,178,0.4869856040919432
1,4,179,0.48886511473127386
1,4,180,0.4899775268445799
1,4,181,0.48998064049997997
1,4,182,0.4887193195570003
1,4,183,0.48623390661841875
1,4,184,0.4827325376667195
1,4,185,0.4786207328996553
1,4,186,0.4744555005038527
1,4,187,0.47084305854228553
1,4,188,0.4682930128208134
1,4,189,0.4670185521788442
1,4,190,0.46689296549496623
1,4,191,0.46758839377773037
1,4,192,0.4687779944883073
1,4,193,0.47015702711937035
1,4,194,0.4714800573438931
1,4,195,0.4726435761628853
1,4,196,0.47371487860727296
1,4,197,0.47484584489140447
1,4,198,0.4761890935029909
1,4,199,0.4777794835507472
1,4,200,0.4793658368729835
1,4,201,0.4805898345994272
1,4,202,0.4811745559852161
1,4,203,0.4808555146563478
1,4,204,0.4794984318279333
1,4,205,0.4772522709859863
1,4,206,0.4744542552255476
1,4,207,0.47151025729653
1,4,208,0.4688573219625432
1,4,209,0.4668861953411478
1,4,210,0.4658976125946626
1,4,211,0.4660130108027242
1,4,212,0.4671450571032485
1,4,213,0.46912581914536367
1,4,214,0.47175309347025984
1,4,215,0.4748547172255817
1,4,216,0.4783683265313768
1,4,217,0.48212921761049937
1,4,218,0.4858747943487245
1,4,219,0.48941844858920885
1,4,220,0.4925894543155736
1,4,221,0.49515559555432376
1,4,222,0.4968650370958318
1,4,223,0.4974995380588131
1,4,224,0.4969442033334236
1,4,225,0.49525674408752046
1,4,226,0.49266989370595765
1,4,227,0.48949312973526693
1,4,228,0.4861191187989391
1,4,229,0.48303204958979507
1,4,230,0.4806622455037505
1,4,231,0.4792788869964268
1,4,232,0.478946353498031
1,4,233,0.47944186169660896
1,4,234,0.4803698786693759
1,4,235,0.481396759046195
1,4,236,0.48227061479790645
1,4,237,0.48282798778959946
1,4,238,0.4830444799790939
1,4,239,0.4830544950876946
1,4,240,0.48311965073184593
1,4,241,0.48339996454201833
1,4,242,0.48379283315442795
1,4,243,0.484141186433674
1,4,244,0.48436798446600776
1,4,245,0.4844550905475921
1,4,246,0.48447368167242083
1,4,247,0.4845396103679346
1,4,248,0.4847707389977889
1,4,249,0.4854139249237588
1,4,250,0.4867397203251296
1,4,251,0.48884737336490014
1,4,252,0.49159184029557923
1,4,253,0.4946805495390373
1,4,254,0.49779753160715534
1,4,255,0.5006711019201683
1,4,256,0.5029926029561658
1,4,257,0.5044418048570377
1,4,258,0.5048690467700887
1,4,259,0.5042677821397994
1,4,260,0.5027862694910554
1,4,261,0.5007632176195461
1,4,262,0.49860059217935465
1,4,263,0.49667795975581813
1,4,264,0.49528493115294153
1,4,265,0.49458352323728316
1,4,266,0.49461389766408626
1,4,267,0.4952921020968111
1,4,268,0.49641207613527555
1,4,269,0.49768195175120794
1,4,270,0.49878581153067025
1,4,271,0.4995175974246331
1,4,272,0.4998340252545829
1,4,273,0.49972233602523913
1,4,274,0.49921789079942097
1,4,275,0.4984743437014345
1,4,276,0.49773167980021343
1,4,277,0.4971534891978634
1,4,278,0.49673359125800487
1,4,279,0.49634214744268246
1,4,280,0.4957365171582302
1,4,281,0.49459907723812524
1,4,282,0.49277009560951807
1,4,283,0.4903512242041946
1,4,284,0.48761022487550376
1,4,285,0.48496111594078717
1,4,286,0.48290063319953874
1,4,287,0.4817690312968958
1,4,288,0.48161201933692954
1,4,289,0.4822545298013446
1,4,290,0.4834273724745396
1,4,291,0.48485055198370275
1,4,292,0.48631212730621315
1,4,293,0.48778516799632754
1,4,294,0.48941103440999234
1,4,295,0.49130068328639315
1,4,296,0.4934214117248759
1,4,297,0.4956116986584523
1,4,298,0.4976194845274852
1,4,299,0.499155650825248
1,4,300,0.4999988149448547
1,4,301,0.5001015300883952
1,4,302,0.49955855597934434
1,4,303,0.4985413409770363
1,4,304,0.4972769223430965
1,4,305,0.49595296577839754
1,4,306,0.4946501794914635
1,4,307,0.49340798062247976
1,4,308,0.4922774988690009
1,4,309,0.4912724186710898
1,4,310,0.4903407236051581
1,4,311,0.489448746246247
1,4,312,0.48866733375916366
1,4,313,0.4880881696730557
1,4,314,0.487734090815249
1,4,315,0.4876022801760411
1,4,316,0.4877165174262279
1,4,317,0.488049338085965
1,4,318,0.4885171745311668
1,4,319,0.48902084935131607
1,4,320,0.48943092810908256
1,4,321,0.48966211515615543
1,4,322,0.48976500379190774
1,4,323,0.4898626357341326
1,4,324,0.4900607321152758
1,4,325,0.49042407343719085
1,4,326,0.4910224596577182
1,4,327,0.49189443470982563
1,4,328,0.49299833631684226
1,4,329,0.4942084525041796
1,4,330,0.4953541865835821
1,4,331,0.4963165731962749
1,4,332,0.4970096301440355
1,4,333,0.4973323558850146
1,4,334,0.49723480573822154
1,4,335,0.4967992080633828
1,4,336,0.4961883113683352
1,4,337,0.4954778393701395
1,4,338,0.49473678858204156
1,4,339,0.4940705986149197
1,4,340,0.49351034274696726
1,4,341,0.49299342597906864
1,4,342,0.4924370239030564
1,4,343,0.4917679408082127
1,4,344,0.49086249302302776
1,4,345,0.4896055966258567
1,4,346,0.4879823296596453
1,4,347,0.48602517340959767
1,4,348,0.4837698223963262
1,4,349,0.48136679360792073
1,4,350,0.4791844135313482
1,4,351,0.4775716965203952
1,4,352,0.4767568615408219
1,4,353,0.47685555994714357
1,4,354,0.4777850452544539
1,4,355,0.47926680196989196
1,4,356,0.4809703842696364
1,4,357,0.4827085791984791
1,4,358,0.4844178500580555
1,4,359,0.4860379304865422
1,4,360,0.48751359968818325
1,5,0,0.49802774782634524
1,5,1,0.496357341311189
1,5,2,0.49449444612046883
1,5,3,0.49259510787645994
1,5,4,0.4908281439130267
1,5,5,0.489318101123498
1,5,6,0.48818753920767877
1,5,7,0.4875996261119101
1,5,8,0.48772649992402567
1,5,9,0.4886161730826833
1,5,10,0.49029392730070365
1,5,11,0.49274608256120234
1,5,12,0.49580197946505655
1,5,13,0.4990464220508754
1,5,14,0.5018941934785631
1,5,15,0.5037193588155542
1,5,16,0.5040540482513871
1,5,17,0.5027096908744424
1,5,18,0.49989338115324655
1,5,19,0.49614867358285836
1,5,20,0.4922496159897621
1,5,21,0.4890677200207883
1,5,22,0.4872796113055935
1,5,23,0.4871594458861731
1,5,24,0.48855665841289686
1,5,25,0.49099826151887604
1,5,26,0.4939176984337861
1,5,27,0.49683076386403163
1,5,28,0.4993809056508288
1,5,29,0.5013663320691543
1,5,30,0.5027390347132511
1,5,31,0.5034462370382213
1,5,32,0.5033984712132293
1,5,33,0.5025021774858596
1,5,34,0.5006959248591221
1,5,35,0.49798797526631483
1,5,36,0.49449527919475095
1,5,37,0.49045000670840894
1,5,38,0.48620668519312255
1,5,39,0.4820880152231938
1,5,40,0.4783165869475236
1,5,41,0.47506403880261155
1,5,42,0.47239339003989844
1,5,43,0.47027395454563176
1,5,44,0.46864478089040396
1,5,45,0.46743970269683904
1,5,46,0.46661835761400594
1,5,47,0.4661511329074999
1,5,48,0.4659940462753496
1,5,49,0.46603391357716956
1,5,50,0.46616917089901594
1,5,51,0.46642514636478827
1,5,52,0.46691953881266673
1,5,53,0.4676972206802613
1,5,54,0.4686961566366768
1,5,55,0.46978910137298785
1,5,56,0.4708208021495112
1,5,57,0.47164243744005274
1,5,58,0.47207771442201535
1,5,59,0.47196804764084715
1,5,60,0.4712984663351083
1,5,61,0.47021917954407194
1,5,62,0.46896363761375576
1,5,63,0.4677124955127285
1,5,64,0.46653207268789537
1,5,65,0.4654300516614581
1,5,66,0.4644337701403615
1,5,67,0.463610290467789
1,5,68,0.46306484470924214
1,5,69,0.46295661359977125
1,5,70,0.46351735776540337
1,5,71,0.4649173420153567
1,5,72,0.46710921174605086
1,5,73,0.4698357082801985
1,5,74,0.4727077845440971
1,5,75,0.47530331490438626
1,5,76,0.47728367765269947
1,5,77,0.47851418611046787
1,5,78,0.47911800844442143
1,5,79,0.4794144514712729
1,5,80,0.47977554963753366
1,5,81,0.4804909690083611
1,5,82,0.48166589141921795
1,5,83,0.4831843621237713
1,5,84,0.4847666939157245
1,5,85,0.48606733880447706
1,5,86,0.48672715745410505
1,5,87,0.4865457075026081
1,5,88,0.48563148325079325
1,5,89,0.484301023885573
1,5,90,0.48294833932654524
1,5,91,0.4819820303790728
1,5,92,0.48174883194011986
1,5,93,0.48246651727309603
1,5,94,0.48419500843226987
1,5,95,0.4867823883167406
1,5,96,0.4898841795068921
1,5,97,0.49305392998121955
1,5,98,0.495795049960045
1,5,99,0.49767244177147674
1,5,100,0.49840377188131263
1,5,101,0.49786276644060684
1,5,102,0.4961614648584014
1,5,103,0.4936628101433107
1,5,104,0.4908830426473773
1,5,105,0.4883919823454404
1,5,106,0.48667887527148423
1,5,107,0.48602510913508307
1,5,108,0.48645981654232545
1,5,109,0.4877788410034387
1,5,110,0.48961199924760634
1,5,111,0.4915400574184948
1,5,112,0.49320364909462255
1,5,113,0.49436327812401376
1,5,114,0.4949678216312978
1,5,115,0.49510470302114723
1,5,116,0.49489231228105024
1,5,117,0.4944928357621569
1,5,118,0.49402821085136517
1,5,119,0.4934593766670316
1,5,120,0.49261988746574753
1,5,121,0.49137082873590643
1,5,122,0.4896689168746589
1,5,123,0.487640211129183
1,5,124,0.4856165124750344
1,5,125,0.48404767095170276
1,5,126,0.4833692423189254
1,5,127,0.4838883298372473
1,5,128,0.4857194433620011
1,5,129,0.4886887253785622
1,5,130,0.49228067408944703
1,5,131,0.4958296008825203
1,5,132,0.4987487458911226
1,5,133,0.5006573896936574
1,5,134,0.5014806752620736
1,5,135,0.5014945358197375
1,5,136,0.501150765494086
1,5,137,0.5008406921184902
1,5,138,0.5008029886983955
1,5,139,0.5011012613832734
1,5,140,0.5015935992444772
1,5,141,0.501947519595095
1,5,142,0.5017576378144356
1,5,143,0.5007296350499798
1,5,144,0.4988107773169619
1,5,145,0.4962029405607729
1,5,146,0.493250861924634
1,5,147,0.4902827436073855
1,5,148,0.4875777621551632
1,5,149,0.4853686629343628
1,5,150,0.48380469951354743
1,5,151,0.482918448259506
1,5,152,0.4826866768246236
1,5,153,0.4830399035962068
1,5,154,0.4838899227301948
1,5,155,0.4851404992918636
1,5,156,0.48663685719571204
1,5,157,0.48816074889887306
1,5,158,0.48947463782541395
1,5,159,0.49038439564369785
1,5,160,0.4907597886671378
1,5,161,0.49060821533565946
1,5,162,0.49007449786624596
1,5,163,0.48935155662602114
1,5,164,0.4886260533708146
1,5,165,0.4879809394257827
1,5,166,0.48740450775074534
1,5,167,0.48681898397174345
1,5,168,0.48613667258190535
1,5,169,0.485311396254594
1,5,170,0.4843866511385491
1,5,171,0.4835616732165758
1,5,172,0.48310580151129084
1,5,173,0.4832153001452742
1,5,174,0.4839313005235687
1,5,175,0.48519875302637866
1,5,176,0.4868853725034065
1,5,177,0.4887177823872477
1,5,178,0.49038399359791
1,5,179,0.49158028771614815
1,5,180,0.49203126608520265
1,5,181,0.49156202629999174
1,5,182,0.4901199144503207
1,5,183,0.487754803660293
1,5,184,0.48461198705597586
1,5,185,0.480982948511492
1,5,186,0.47728598466276606
1,5,187,0.4739735285978364
1,5,188,0.47145702497019987
1,5,189,0.4699893077310328
1,5,190,0.46956519484304005
1,5,191,0.46997795125479375
1,5,192,0.4709838356375487
1,5,193,0.472320622726348
1,5,194,0.4737306526032452
1,5,195,0.47506877083011606
1,5,196,0.4763323893354078
1,5,197,0.4775839547739791
1,5,198,0.4788820249377342
1,5,199,0.4802031113859201
1,5,200,0.48134785073840297
1,5,201,0.48210653054015107
1,5,202,0.48233874202563376
1,5,203,0.4818813622022815
1,5,204,0.48062719917474594
1,5,205,0.47865789510841555
1,5,206,0.4761628533273977
1,5,207,0.4733166713412369
1,5,208,0.4703428961836771
1,5,209,0.46757728494655854
1,5,210,0.4654502867800446
1,5,211,0.4643542205391688
1,5,212,0.464591823838542
1,5,213,0.4663234774038061
1,5,214,0.46942172975847435
1,5,215,0.47359522465077003
1,5,216,0.4784932810579035
1,5,217,0.48359129120910377
1,5,218,0.4883147656864896
1,5,219,0.4922901752291984
1,5,220,0.4953858847078305
1,5,221,0.4975703451502955
1,5,222,0.4988445223742064
1,5,223,0.4992412048812527
1,5,224,0.4988045141309663
1,5,225,0.4975667342349858
1,5,226,0.4956534029009927
1,5,227,0.49328656874674653
1,5,228,0.4907548509810653
1,5,229,0.4884766040948548
1,5,230,0.48686744311078733
1,5,231,0.4862103967682546
1,5,232,0.48660683914328057
1,5,233,0.4878583435034994
1,5,234,0.48956768704436887
1,5,235,0.49135226049227687
1,5,236,0.49291955942855525
1,5,237,0.49412957582960026
1,5,238,0.49496913747990945
1,5,239,0.4955356412942958
1,5,240,0.49604785347255775
1,5,241,0.4966431551155322
1,5,242,0.497185102801115
1,5,243,0.497456832081057
1,5,244,0.4973229166925528
1,5,245,0.49671041720163794
1,5,246,0.4956440058354256
1,5,247,0.49425786347630435
1,5,248,0.49279138607843237
1,5,249,0.49159677513576944
1,5,250,0.4910244122946408
1,5,251,0.49133763936576524
1,5,252,0.4925749948500741
1,5,253,0.49452910978016196
1,5,254,0.49686643105914996
1,5,255,0.4992221196603809
1,5,256,0.5011593702725637
1,5,257,0.502253212828399
1,5,258,0.5022802194021332
1,5,259,0.5012188739556429
1,5,260,0.49926078864183
1,5,261,0.4968241205762653
1,5,262,0.4944098976487438
1,5,263,0.4924297062364347
1,5,264,0.4911107780892727
1,5,265,0.49052741407889044
1,5,266,0.49064678067175976
1,5,267,0.4912931786439469
1,5,268,0.49218546322299744
1,5,269,0.49303561164474363
1,5,270,0.4936009940436223
1,5,271,0.4938241096358955
1,5,272,0.4938306091705421
1,5,273,0.49373193583432423
1,5,274,0.4936266852746954
1,5,275,0.49366790994356485
1,5,276,0.4940172446747172
1,5,277,0.49466890605499875
1,5,278,0.49537848037507043
1,5,279,0.49575899548753954
1,5,280,0.49541265827761544
1,5,281,0.49401577504416017
1,5,282,0.49147644926686856
1,5,283,0.488027155638176
1,5,284,0.4841370189373959
1,5,285,0.4804314558009526
1,5,286,0.47757572174357493
1,5,287,0.4759940198001284
1,5,288,0.4757262081056503
1,5,289,0.4765308643468166
1,5,290,0.4780398661876368
1,5,291,0.4798804597295731
1,5,292,0.48176870489845947
1,5,293,0.48364495786510864
1,5,294,0.4856860062842554
1,5,295,0.48808753145833306
1,5,296,0.49087816629387987
1,5,297,0.49392511540791384
1,5,298,0.4969812303705505
1,5,299,0.4996886371134184
1,5,300,0.5016823408940271
1,5,301,0.5027420611480097
1,5,302,0.5028120127134863
1,5,303,0.5019456749599732
1,5,304,0.5003011638009374
1,5,305,0.49808776888805784
1,5,306,0.4954657500149684
1,5,307,0.49261483793629846
1,5,308,0.4898235384756668
1,5,309,0.4873998443899289
1,5,310,0.48551871657233453
1,5,311,0.48424396004240516
1,5,312,0.4836352001358899
1,5,313,0.4836513219543585
1,5,314,0.484030868905305
1,5,315,0.48447623201839657
1,5,316,0.4848365499904645
1,5,317,0.48504317219908777
1,5,318,0.4850667327560909
1,5,319,0.4849274992963319
1,5,320,0.48465582070681473
1,5,321,0.4843306346906861
1,5,322,0.4841044239032582
1,5,323,0.48413218500011584
1,5,324,0.4845457939848617
1,5,325,0.48539554115488076
1,5,326,0.4867199843977959
1,5,327,0.4885443685751164
1,5,328,0.4907373169969422
1,5,329,0.4930120421202443
1,5,330,0.4950248128976662
1,5,331,0.4965092828525734
1,5,332,0.49727885627137897
1,5,333,0.49717695957563024
1,5,334,0.4961600784054032
1,5,335,0.4943831268449886
1,5,336,0.4921600613346733
1,5,337,0.48972698568418577
1,5,338,0.4873300698437446
1,5,339,0.48522956304322323
1,5,340,0.48360103289758294
1,5,341,0.48251954280528236
1,5,342,0.4819617755847942
1,5,343,0.4817714515783294
1,5,344,0.48161393556088794
1,5,345,0.48115713050913683
1,5,346,0.48020597042834695
1,5,347,0.47863761331533833
1,5,348,0.4764250771621452
1,5,349,0.47375635242755504
1,5,350,0.4711346548618746
1,5,351,0.4691032827587156
1,5,352,0.46806080499058345
1,5,353,0.4681706477827573
1,5,354,0.46929299227392657
1,5,355,0.47109848569961194
1,5,356,0.4732616988641667
1,5,357,0.4756502522199104
1,5,358,0.4782650780357893
1,5,359,0.4811335160311266
1,5,360,0.48430621933105267
1,6,0,0.5051114437619092
1,6,1,0.5024107797853333
1,6,2,0.4995157066993144
1,6,3,0.49672380511783615
1,6,4,0.49432198132599614
1,6,5,0.4924904587254113
1,6,6,0.49132853665319726
1,6,7,0.4908884004506525
1,6,8,0.4912243971553146
1,6,9,0.4922324486370278
1,6,10,0.4938033889052369
1,6,11,0.4958586260465668
1,6,12,0.49825911865856737
1,6,13,0.5007072161971313
1,6,14,0.5028271411548796
1,6,15,0.5042649743095166
1,6,16,0.5047633723442888
1,6,17,0.5042088100440123
1,6,18,0.5027175553169794
1,6,19,0.5006396130845925
1,6,20,0.49848581247789114
1,6,21,0.4967781705799396
1,6,22,0.4958446418252446
1,6,23,0.4957509428915053
1,6,24,0.4963113802948278
1,6,25,0.49717937299773773
1,6,26,0.49804283274408334
1,6,27,0.49868783940843636
1,6,28,0.49901390569540877
1,6,29,0.4990561915027272
1,6,30,0.498962081315076
1,6,31,0.4988147502638711
1,6,32,0.4985434087320257
1,6,33,0.4979904373308082
1,6,34,0.49699778967596747
1,6,35,0.49546872667826714
1,6,36,0.49344655677249055
1,6,37,0.4911198421493115
1,6,38,0.4887844737864236
1,6,39,0.48670026022296287
1,6,40,0.48500194621238824
1,6,41,0.48368957622967934
1,6,42,0.48262207008033564
1,6,43,0.4815495618377294
1,6,44,0.48020577008233095
1,6,45,0.47842636961774565
1,6,46,0.47621600359884664
1,6,47,0.47374951533397763
1,6,48,0.4712839426704071
1,6,49,0.469011811624041
1,6,50,0.46706793801380136
1,6,51,0.46557403153365506
1,6,52,0.464568601478883
1,6,53,0.46396795797476026
1,6,54,0.46362620146074746
1,6,55,0.4633999760854873
1,6,56,0.46322085477204
1,6,57,0.46310192012682017
1,6,58,0.46306354858502086
1,6,59,0.46312207531681676
1,6,60,0.46328894982224883
1,6,61,0.46355869561337504
1,6,62,0.46391132712178085
1,6,63,0.4642826989115527
1,6,64,0.46459132137940534
1,6,65,0.46482248951050203
1,6,66,0.4650350726013309
1,6,67,0.46537476730611094
1,6,68,0.4660514580440786
1,6,69,0.4672780082028569
1,6,70,0.46923743299319953
1,6,71,0.4719696862545999
1,6,72,0.4752774306076296
1,6,73,0.47879596623655474
1,6,74,0.48209123093922657
1,6,75,0.4847458394542505
1,6,76,0.48649030601684634
1,6,77,0.4873150182863292
1,6,78,0.4874721933140683
1,6,79,0.4873803664136136
1,6,80,0.4874330034217879
1,6,81,0.4878739557090064
1,6,82,0.4887527973682442
1,6,83,0.48990774339780835
1,6,84,0.49099324402073213
1,6,85,0.49160840561614455
1,6,86,0.4914325952772076
1,6,87,0.4903697236319518
1,6,88,0.4886447957488288
1,6,89,0.486666564649757
1,6,90,0.4848307810016638
1,6,91,0.4834713219210462
1,6,92,0.4828261299331785
1,6,93,0.4829877129363985
1,6,94,0.4839074580459869
1,6,95,0.4853868085368817
1,6,96,0.4871489418024951
1,6,97,0.4889435020496126
1,6,98,0.4905554307789997
1,6,99,0.49185636974798563
1,6,100,0.4928413546189665
1,6,101,0.4935206188082466
1,6,102,0.49392532865348776
1,6,103,0.4941470199412284
1,6,104,0.49429724045240386
1,6,105,0.49447752094800285
1,6,106,0.4947451359947407
1,6,107,0.4950475226636204
1,6,108,0.49525320358616876
1,6,109,0.4952631901988367
1,6,110,0.4950825413706992
1,6,111,0.49477219499279923
1,6,112,0.4944012111556405
1,6,113,0.49407162275600736
1,6,114,0.49396168275836017
1,6,115,0.49423079528380853
1,6,116,0.4949166023734423
1,6,117,0.4959897872222622
1,6,118,0.49732703541492473
1,6,119,0.49864460665159677
1,6,120,0.49959157421972067
1,6,121,0.4998681544955952
1,6,122,0.49925636479617047
1,6,123,0.49774478285635715
1,6,124,0.4955995512023159
1,6,125,0.49330300696499085
1,6,126,0.49142167984717605
1,6,127,0.4904656304362852
1,6,128,0.4907841662505234
1,6,129,0.4923966043855617
1,6,130,0.494917378195421
1,6,131,0.49773283757502307
1,6,132,0.5001939598415235
1,6,133,0.5018049673297768
1,6,134,0.5024378711104154
1,6,135,0.5024014732714263
1,6,136,0.5022252479264773
1,6,137,0.5024006077075163
1,6,138,0.5032267983314291
1,6,139,0.5047512847063382
1,6,140,0.5067197378176228
1,6,141,0.5086054971415829
1,6,142,0.5097920821235602
1,6,143,0.509802580038733
1,6,144,0.5084824770647467
1,6,145,0.5060490537532177
1,6,146,0.5029283489406551
1,6,147,0.49951759990191863
1,6,148,0.4961166558462675
1,6,149,0.4929668187659844
1,6,150,0.49021965719794897
1,6,151,0.48788359492119265
1,6,152,0.4859276133631877
1,6,153,0.4843682892364754
1,6,154,0.48329296480712386
1,6,155,0.48279708403354843
1,6,156,0.4828567198902476
1,6,157,0.48333202385802254
1,6,158,0.4840547426465931
1,6,159,0.48487378889080185
1,6,160,0.4856546392771624
1,6,161,0.4863630342719825
1,6,162,0.487045451503291
1,6,163,0.48777560310760676
1,6,164,0.4886391147107304
1,6,165,0.48962239684586856
1,6,166,0.49059813009811054
1,6,167,0.4913437335999657
1,6,168,0.4916453825162897
1,6,169,0.4914271970056257
1,6,170,0.4907558998366856
1,6,171,0.48982350089545146
1,6,172,0.4888935954758105
1,6,173,0.4882153351105861
1,6,174,0.48792688877849383
1,6,175,0.4880597742403335
1,6,176,0.48854663326767694
1,6,177,0.48918186922750473
1,6,178,0.4897324768662575
1,6,179,0.48998149370775745
1,6,180,0.48974408851689155
1,6,181,0.4889123811786264
1,6,182,0.4874721929462812
1,6,183,0.485493792080848
1,6,184,0.48308054361863095
1,6,185,0.4803960705328232
1,6,186,0.4777115521846966
1,6,187,0.47536136045816174
1,6,188,0.47368083841200426
1,6,189,0.472903574892438
1,6,190,0.4730821118107574
1,6,191,0.47410681955229766
1,6,192,0.4758163182135544
1,6,193,0.4780218314709844
1,6,194,0.48048375603106674
1,6,195,0.4829722056859331
1,6,196,0.4853406267343682
1,6,197,0.487541969472036
1,6,198,0.48953623646313055
1,6,199,0.4912001146472394
1,6,200,0.49230497876608975
1,6,201,0.4926970972270581
1,6,202,0.4923377725443105
1,6,203,0.4911862079391285
1,6,204,0.48926530829532555
1,6,205,0.48673407035073896
1,6,206,0.48375857140299133
1,6,207,0.48039922221570863
1,6,208,0.4767328446484764
1,6,209,0.4729919447138482
1,6,210,0.46957723425913844
1,6,211,0.4669316302993045
1,6,212,0.46553018762159865
1,6,213,0.4657883735606544
1,6,214,0.46780315658118526
1,6,215,0.47136967783418665
1,6,216,0.476052333593386
1,6,217,0.48113441471302654
1,6,218,0.4857734069472606
1,6,219,0.4893143341700739
1,6,220,0.49149644541054976
1,6,221,0.49233402934608717
1,6,222,0.49198615305189247
1,6,223,0.490735651837774
1,6,224,0.48894893044840915
1,6,225,0.4869233238423587
1,6,226,0.48492288967672065
1,6,227,0.4831785722299957
1,6,228,0.4818352888767393
1,6,229,0.48105265344492154
1,6,230,0.48097777444337925
1,6,231,0.48173836369995665
1,6,232,0.48339610499539964
1,6,233,0.48574989117467837
1,6,234,0.48847315534221314
1,6,235,0.49129973742386635
1,6,236,0.4940376444243323
1,6,237,0.49657191539215956
1,6,238,0.4987973432489704
1,6,239,0.5006451475495521
1,6,240,0.5021714731848571
1,6,241,0.503409039208114
1,6,242,0.504208634869447
1,6,243,0.5044059037545979
1,6,244,0.503925821627174
1,6,245,0.5027755288219647
1,6,246,0.5010577923592253
1,6,247,0.49894759211363743
1,6,248,0.49671191892986905
1,6,249,0.4946812148839688
1,6,250,0.49318690187477593
1,6,251,0.4925352040504599
1,6,252,0.49288935638977915
1,6,253,0.4942209556641304
1,6,254,0.49635114321006585
1,6,255,0.49898032200631837
1,6,256,0.5016788808197169
1,6,257,0.5039783456920947
1,6,258,0.5054979602849667
1,6,259,0.5060272918386173
1,6,260,0.505565275699878
1,6,261,0.5043644755486709
1,6,262,0.502832667299521
1,6,263,0.5013466193019501
1,6,264,0.5001577320742839
1,6,265,0.49938810234437786
1,6,266,0.4990707585209176
1,6,267,0.49912310976734625
1,6,268,0.49934707070825474
1,6,269,0.49946356454596363
1,6,270,0.49920889816776637
1,6,271,0.4985300629409811
1,6,272,0.49757703993023644
1,6,273,0.49653365029731444
1,6,274,0.49564075401733343
1,6,275,0.495240797511883
1,6,276,0.4956375458987986
1,6,277,0.49686078237044196
1,6,278,0.4986228873260871
1,6,279,0.5003635656979551
1,6,280,0.5013957056471344
1,6,281,0.5010979159441384
1,6,282,0.49915596731695466
1,6,283,0.49570323494913554
1,6,284,0.4912157847101355
1,6,285,0.48641345956710735
1,6,286,0.4821457111685334
1,6,287,0.4790540404873549
1,6,288,0.4773883683609641
1,6,289,0.47706253072477356
1,6,290,0.4777489512007533
1,6,291,0.4789900880525095
1,6,292,0.48041812656843413
1,6,293,0.48192465241635146
1,6,294,0.4835934410524161
1,6,295,0.4855114632297649
1,6,296,0.48767312377756766
1,6,297,0.49003132537820115
1,6,298,0.4924733783227375
1,6,299,0.4947552089096516
1,6,300,0.49659072441268975
1,6,301,0.4977862576234941
1,6,302,0.4982703120553017
1,6,303,0.4980275152957212
1,6,304,0.49708813828250414
1,6,305,0.49547374100713804
1,6,306,0.4931743511718202
1,6,307,0.4902613825433291
1,6,308,0.48696327127892747
1,6,309,0.4836144441022208
1,6,310,0.480535993412891
1,6,311,0.4780226152070137
1,6,312,0.4763475802179892
1,6,313,0.47563117293859813
1,6,314,0.4757216897056687
1,6,315,0.4763237031620089
1,6,316,0.4771793827886108
1,6,317,0.4780486353502622
1,6,318,0.4787286304684261
1,6,319,0.4791166912333109
1,6,320,0.4792526676427562
1,6,321,0.4793448955902371
1,6,322,0.4797004263876589
1,6,323,0.48060651791868
1,6,324,0.48226623022738657
1,6,325,0.4847021578505293
1,6,326,0.48778529245520974
1,6,327,0.4912612396346898
1,6,328,0.49473334260207547
1,6,329,0.49769031097920513
1,6,330,0.49962490811165755
1,6,331,0.5002454409124173
1,6,332,0.49947913091070395
1,6,333,0.49736404093385567
1,6,334,0.49410334075674456
1,6,335,0.49014826146359286
1,6,336,0.4861063424923566
1,6,337,0.4824408720131339
1,6,338,0.4795282109631948
1,6,339,0.4776875156852608
1,6,340,0.4771085744785896
1,6,341,0.47777243406101516
1,6,342,0.479450883709234
1,6,343,0.48173509022353145
1,6,344,0.48405340031921823
1,6,345,0.4859026608400948
1,6,346,0.48697829402952564
1,6,347,0.48706541461819797
1,6,348,0.4860200571851249
1,6,349,0.48395765506324223
1,6,350,0.4813595542354304
1,6,351,0.4787782772030646
1,6,352,0.4766631896003739
1,6,353,0.47528660154464647
1,6,354,0.4747048749825795
1,6,355,0.47489681457377214
1,6,356,0.4758477064320554
1,6,357,0.4775977561891423
1,6,358,0.48013373043182167
1,6,359,0.4833306979474808
1,6,360,0.4870526571247827
1,7,0,0.5094500138011248
1,7,1,0.5066318653887972
1,7,2,0.5036298125773496
1,7,3,0.5007619970514794
1,7,4,0.49832421689987205
1,7,5,0.4965286291779043
1,7,6,0.49551152409896715
1,7,7,0.4953100409653753
1,7,8,0.4959457156809041
1,7,9,0.4972291640007207
1,7,10,0.49894633181342063
1,7,11,0.5008861617477122
1,7,12,0.5028122095176518
1,7,13,0.5044240539736631
1,7,14,0.5054332663608825
1,7,15,0.5056599209090217
1,7,16,0.5049903080022735
1,7,17,0.5034022653439311
1,7,18,0.5010964696767811
1,7,19,0.49849085391982234
1,7,20,0.4961090870578332
1,7,21,0.4944175925977532
1,7,22,0.49363843829300436
1,7,23,0.49378664276688505
1,7,24,0.49466033275908505
1,7,25,0.49583045516677493
1,7,26,0.4968817877060359
1,7,27,0.49745132747795434
1,7,28,0.49730042288352383
1,7,29,0.4964744549771358
1,7,30,0.49521517243549035
1,7,31,0.4937234197396576
1,7,32,0.4921300115057561
1,7,33,0.49055967972859577
1,7,34,0.48907752357759515
1,7,35,0.48766041694751194
1,7,36,0.4862568429441231
1,7,37,0.48491626512187047
1,7,38,0.483766364044355
1,7,39,0.4828478621352675
1,7,40,0.4821449316065319
1,7,41,0.48159168686919057
1,7,42,0.48103518840970744
1,7,43,0.4802501093391952
1,7,44,0.47899991016881005
1,7,45,0.4771208938511186
1,7,46,0.474586996571116
1,7,47,0.47155870915983733
1,7,48,0.4683573916388917
1,7,49,0.4653082427170111
1,7,50,0.46265782392982896
1,7,51,0.46061684920581053
1,7,52,0.4592687841579589
1,7,53,0.4584971181745674
1,7,54,0.4580601052601491
1,7,55,0.45772995320209403
1,7,56,0.4574042488908165
1,7,57,0.457105645279289
1,7,58,0.4569297256476676
1,7,59,0.4570362608294593
1,7,60,0.45760169844700976
1,7,61,0.45868464342494136
1,7,62,0.4602069916084132
1,7,63,0.4620041609221212
1,7,64,0.4638531045238188
1,7,65,0.46556562931694184
1,7,66,0.46707115581237796
1,7,67,0.46842370068398365
1,7,68,0.469777659162889
1,7,69,0.4713449591115815
1,7,70,0.47335263240021513
1,7,71,0.47590847999448305
1,7,72,0.4788866075096028
1,7,73,0.4819871508776033
1,7,74,0.4848596877982863
1,7,75,0.48716499147563863
1,7,76,0.488662834844825
1,7,77,0.4893352803148185
1,7,78,0.4894004607626625
1,7,79,0.48918642539068574
1,7,80,0.48896285451909843
1,7,81,0.4888863662555142
1,7,82,0.48900941462685205
1,7,83,0.4892029737936408
1,7,84,0.48914199056497293
1,7,85,0.4884772196826954
1,7,86,0.4870141775198388
1,7,87,0.48477496362001665
1,7,88,0.4820251730500074
1,7,89,0.47919723649692453
1,7,90,0.47671679097930053
1,7,91,0.47490625595255725
1,7,92,0.47397893244713607
1,7,93,0.47402241108553805
1,7,94,0.47494881637370967
1,7,95,0.4765022411788919
1,7,96,0.4784040723011233
1,7,97,0.48041520127759185
1,7,98,0.4823197554717214
1,7,99,0.4839822647045074
1,7,100,0.48539185602119095
1,7,101,0.486556503661817
1,7,102,0.48746763243529806
1,7,103,0.4881311528275938
1,7,104,0.48855455927125474
1,7,105,0.4887165857038353
1,7,106,0.488567871836501
1,7,107,0.488030267416812
1,7,108,0.48704921604843743
1,7,109,0.48568439435230776
1,7,110,0.48417529600961473
1,7,111,0.4828428465908254
1,7,112,0.48195183752815707
1,7,113,0.48170972372002246
1,7,114,0.4822610780420256
1,7,115,0.48356544799595175
1,7,116,0.48536838843430774
1,7,117,0.4873456366359734
1,7,118,0.4891900563042492
1,7,119,0.4905837283851592
1,7,120,0.49121138466004094
1,7,121,0.4908438426397375
1,7,122,0.48938852746903916
1,7,123,0.48695248125681306
1,7,124,0.48385968581070515
1,7,125,0.4806324379675931
1,7,126,0.477914902228805
1,7,127,0.4763282557690486
1,7,128,0.4763449620048615
1,7,129,0.4780813030718717
1,7,130,0.48118542585611007
1,7,131,0.4849510491241397
1,7,132,0.4885249260310888
1,7,133,0.4911746144865128
1,7,134,0.49253746631217465
1,7,135,0.4927579424361271
1,7,136,0.49236351410986534
1,7,137,0.4920034729149162
1,7,138,0.49221078394427875
1,7,139,0.4932229246023912
1,7,140,0.49489850674657015
1,7,141,0.49678906905972325
1,7,142,0.4982856900765449
1,7,143,0.498792880928258
1,7,144,0.49795376952427367
1,7,145,0.49581459922354504
1,7,146,0.4927321383231234
1,7,147,0.48911203706745326
1,7,148,0.48530408966790467
1,7,149,0.4816474983008199
1,7,150,0.47843047890786944
1,7,151,0.4758091066387553
1,7,152,0.4738622664749267
1,7,153,0.4726701080261021
1,7,154,0.47230890715078633
1,7,155,0.47279332139803343
1,7,156,0.47397684792278316
1,7,157,0.47557516026422764
1,7,158,0.47729164971923893
1,7,159,0.47887385301193613
1,7,160,0.4801176900182669
1,7,161,0.4809457374491077
1,7,162,0.4813908782988588
1,7,163,0.4815830399671469
1,7,164,0.4817470741556496
1,7,165,0.48207240846470095
1,7,166,0.4826236990480176
1,7,167,0.48333109870680513
1,7,168,0.4840907202808461
1,7,169,0.4848646324509428
1,7,170,0.4856374648248824
1,7,171,0.48639285176253527
1,7,172,0.4871451238338897
1,7,173,0.48792798219345673
1,7,174,0.4887344940917079
1,7,175,0.4895247635047681
1,7,176,0.49024137587167843
1,7,177,0.49077421913341585
1,7,178,0.4910154480696165
1,7,179,0.49086719465676876
1,7,180,0.49027240594462446
1,7,181,0.489268807029215
1,7,182,0.48794599431970415
1,7,183,0.4863949693059791
1,7,184,0.4846516142200788
1,7,185,0.4827212159608566
1,7,186,0.4806788898342956
1,7,187,0.47867362820920406
1,7,188,0.4769143487511973
1,7,189,0.4755863404062633
1,7,190,0.4748209911079669
1,7,191,0.4747286362183319
1,7,192,0.47541759231225617
1,7,193,0.4769107843566521
1,7,194,0.47907510336883596
1,7,195,0.4816503030894737
1,7,196,0.4843377936675649
1,7,197,0.48686436447660436
1,7,198,0.48898634437620714
1,7,199,0.4904594496952296
1,7,200,0.49103071342400684
1,7,201,0.49054587432198943
1,7,202,0.4890131353242057
1,7,203,0.4865101302981453
1,7,204,0.48317088133603175
1,7,205,0.4792291104556054
1,7,206,0.4749362350022163
1,7,207,0.47043922654747755
1,7,208,0.46590024967519283
1,7,209,0.46160981687842717
1,7,210,0.45800264719685396
1,7,211,0.45548672172443827
1,7,212,0.4543962301064218
1,7,213,0.4549809947126159
1,7,214,0.45725567313907167
1,7,215,0.46094993415434143
1,7,216,0.46558324265604667
1,7,217,0.47047873274060653
1,7,218,0.4748517500116379
1,7,219,0.47808786480896953
1,7,220,0.48000638423604725
1,7,221,0.48072706152819134
1,7,222,0.48046885993300326
1,7,223,0.47949723869828054
1,7,224,0.47813718762959123
1,7,225,0.47662767680214085
1,7,226,0.47511115472059606
1,7,227,0.47364820976597605
1,7,228,0.47227524143671895
1,7,229,0.47110015602871735
1,7,230,0.4703107509785327
1,7,231,0.47018675579411495
1,7,232,0.4709302083669489
1,7,233,0.47246452953468465
1,7,234,0.4745915845960458
1,7,235,0.47711953597502044
1,7,236,0.4798570337682095
1,7,237,0.4826338494626961
1,7,238,0.4853070365764106
1,7,239,0.4878114679279401
1,7,240,0.4901773862285509
1,7,241,0.4923513944629159
1,7,242,0.4941170207446313
1,7,243,0.4952503699722937
1,7,244,0.49559395524048155
1,7,245,0.49513764987287506
1,7,246,0.49401617214255655
1,7,247,0.4924554709365013
1,7,248,0.4907865231595796
1,7,249,0.4893894523118605
1,7,250,0.48861623578804586
1,7,251,0.4887302292366051
1,7,252,0.4898097174639636
1,7,253,0.4917629348960679
1,7,254,0.494378170714959
1,7,255,0.49736993928099116
1,7,256,0.5004106776427864
1,7,257,0.5031852819109165
1,7,258,0.5054197717060448
1,7,259,0.5069218993183419
1,7,260,0.5076315442445465
1,7,261,0.5076986966861217
1,7,262,0.5073539120424234
1,7,263,0.5067686358906675
1,7,264,0.5060367754526799
1,7,265,0.5052174534433341
1,7,266,0.5043994287762239
1,7,267,0.5036643350390052
1,7,268,0.5029926084786719
1,7,269,0.5022584981578064
1,7,270,0.5013241984402101
1,7,271,0.5001621756812978
1,7,272,0.4988412002634234
1,7,273,0.4974012226308507
1,7,274,0.49592549184432505
1,7,275,0.49469973717998816
1,7,276,0.4940725188426788
1,7,277,0.49422176385501987
1,7,278,0.49510570782312147
1,7,279,0.4964195453631479
1,7,280,0.4976342510252024
1,7,281,0.4981556493570725
1,7,282,0.49754028730840655
1,7,283,0.4956738231387172
1,7,284,0.4927451133861047
1,7,285,0.4892316748007544
1,7,286,0.48582780894275346
1,7,287,0.48313542422800704
1,7,288,0.481487549521473
1,7,289,0.4809549454927678
1,7,290,0.48130413824050994
1,7,291,0.48207512227003924
1,7,292,0.4828730049302573
1,7,293,0.4835743392159396
1,7,294,0.4842441192685919
1,7,295,0.48497584637292196
1,7,296,0.48583484141539524
1,7,297,0.4868990022585726
1,7,298,0.4881590462031381
1,7,299,0.4894438376722664
1,7,300,0.49051748194007655
1,7,301,0.49117807939849606
1,7,302,0.4913558027468623
1,7,303,0.491129285373617
1,7,304,0.49062681161409377
1,7,305,0.48988090871964274
1,7,306,0.4888191008977613
1,7,307,0.4873792024529628
1,7,308,0.4855240985821598
1,7,309,0.48325199945486574
1,7,310,0.48062494035615744
1,7,311,0.4778307112821249
1,7,312,0.4752127002394696
1,7,313,0.47315877561698855
1,7,314,0.4719174996325685
1,7,315,0.4715240761826214
1,7,316,0.4718673500384796
1,7,317,0.4727318744141762
1,7,318,0.47383923659757654
1,7,319,0.4749048693330207
1,7,320,0.4757386784728062
1,7,321,0.4763659152787598
1,7,322,0.47699084871657293
1,7,323,0.4778722342990928
1,7,324,0.4792241708354303
1,7,325,0.4811110452188366
1,7,326,0.48344903096294134
1,7,327,0.4860302454108059
1,7,328,0.4885612556073405
1,7,329,0.49067661773556903
1,7,330,0.49200612732878485
1,7,331,0.4923674012801938
1,7,332,0.4917506847669176
1,7,333,0.49022223408663346
1,7,334,0.48800853063804034
1,7,335,0.4855578132888386
1,7,336,0.48337952035584053
1,7,337,0.4817901005110314
1,7,338,0.480965920396681
1,7,339,0.48102473734375223
1,7,340,0.48199372019377085
1,7,341,0.4836830643188652
1,7,342,0.48575604723321325
1,7,343,0.4878253227484188
1,7,344,0.48949285829886974
1,7,345,0.49052324047316864
1,7,346,0.49084617733045616
1,7,347,0.4903818820851537
1,7,348,0.48904071146274347
1,7,349,0.48696355341761793
1,7,350,0.48456725049742894
1,7,351,0.4822644647231707
1,7,352,0.48035618327227786
1,7,353,0.47904560950038605
1,7,354,0.4784193003345562
1,7,355,0.4785139189846857
1,7,356,0.47934932863854557
1,7,357,0.480937569750255
1,7,358,0.4831861385723323
1,7,359,0.4858850622794095
1,7,360,0.4888109341065722
1,8,0,0.5105504511232861
1,8,1,0.5081460804739357
1,8,2,0.5054427394808363
1,8,3,0.5026839606707069
1,8,4,0.5001340409437989
1,8,5,0.49804811679825683
1,8,6,0.49664632068003317
1,8,7,0.4960325965239726
1,8,8,0.49625523944801797
1,8,9,0.49718019247938783
1,8,10,0.4986259056046797
1,8,11,0.5003098317505521
1,8,12,0.5018699318587722
1,8,13,0.5029987431438157
1,8,14,0.5034905164217035
1,8,15,0.5032424229227772
1,8,16,0.5021794566288599
1,8,17,0.5002932454197052
1,8,18,0.4978089188803856
1,8,19,0.4951611250307464
1,8,20,0.4928259305156958
1,8,21,0.49116625574062084
1,8,22,0.49033313515240406
1,8,23,0.4903825921602127
1,8,24,0.4912724057240295
1,8,25,0.49268584044211716
1,8,26,0.49419412794713447
1,8,27,0.49540356086734166
1,8,28,0.4960406868047759
1,8,29,0.4960435087364899
1,8,30,0.4954649176516143
1,8,31,0.4943068013236237
1,8,32,0.4926184417026588
1,8,33,0.49062270553363074
1,8,34,0.48857573627516687
1,8,35,0.48662076855898856
1,8,36,0.48482613104505895
1,8,37,0.4833312491937182
1,8,38,0.482316566715047
1,8,39,0.4817465576065581
1,8,40,0.4814269105505787
1,8,41,0.4811397904295954
1,8,42,0.480664131452856
1,8,43,0.47975630001487685
1,8,44,0.47820380915381744
1,8,45,0.47592007485489685
1,8,46,0.47298784424202234
1,8,47,0.46965565137251936
1,8,48,0.46627575083968004
1,8,49,0.4631457497096219
1,8,50,0.4604506284212477
1,8,51,0.4583335210594688
1,8,52,0.45682178531725526
1,8,53,0.45574629232544805
1,8,54,0.4548371711275957
1,8,55,0.45390069425062785
1,8,56,0.452942386282895
1,8,57,0.45212290025597135
1,8,58,0.4516467495507644
1,8,59,0.45172457856408943
1,8,60,0.45255193007329314
1,8,61,0.4541639314414168
1,8,62,0.45637933312448487
1,8,63,0.45889502728414977
1,8,64,0.4613569321835077
1,8,65,0.46348893516674405
1,8,66,0.46520098186829284
1,8,67,0.46656578141183436
1,8,68,0.46779944748171787
1,8,69,0.46919669315818424
1,8,70,0.4710545287014403
1,8,71,0.4735137209508589
1,8,72,0.4764438774245043
1,8,73,0.4795009083176542
1,8,74,0.4822833202761701
1,8,75,0.48442928602830154
1,8,76,0.4856972914686791
1,8,77,0.486094226518824
1,8,78,0.4858895018472265
1,8,79,0.4854785584398407
1,8,80,0.4851879032497719
1,8,81,0.4851962815401612
1,8,82,0.48556062268738354
1,8,83,0.48615419663106324
1,8,84,0.48665062413865756
1,8,85,0.486701740287167
1,8,86,0.48609770883129216
1,8,87,0.484825673530839
1,8,88,0.4830998757519841
1,8,89,0.4812914804974797
1,8,90,0.4798029257380887
1,8,91,0.4789459488257194
1,8,92,0.4789182927362065
1,8,93,0.47982288546393415
1,8,94,0.481589148339412
1,8,95,0.4839691230691022
1,8,96,0.48667246384561075
1,8,97,0.48938105591365805
1,8,98,0.4917316771838512
1,8,99,0.49343659924173516
1,8,100,0.49434059421435084
1,8,101,0.49435345364187444
1,8,102,0.49350242946548717
1,8,103,0.49195424032040114
1,8,104,0.4899560738986077
1,8,105,0.48777297779828843
1,8,106,0.4856448747413194
1,8,107,0.48373411733816274
1,8,108,0.48209023447485677
1,8,109,0.48069937347876623
1,8,110,0.4795935568694183
1,8,111,0.4788219742719994
1,8,112,0.47840559103100466
1,8,113,0.47837423250690875
1,8,114,0.47875875231977133
1,8,115,0.4794606083829877
1,8,116,0.48023139698004075
1,8,117,0.48077895594050607
1,8,118,0.48082772691092823
1,8,119,0.4801169303286161
1,8,120,0.4784216336992464
1,8,121,0.475662898366658
1,8,122,0.4719615521436924
1,8,123,0.46764229995987533
1,8,124,0.4631989364745376
1,8,125,0.4592415860824715
1,8,126,0.45645585011311174
1,8,127,0.4554240347742676
1,8,128,0.45647894585045157
1,8,129,0.45957592885803933
1,8,130,0.4642677774269867
1,8,131,0.46976579254016504
1,8,132,0.4751011853697719
1,8,133,0.4793915425964423
1,8,134,0.4820875912421628
1,8,135,0.48316452108019403
1,8,136,0.4830763142597736
1,8,137,0.48251433490136486
1,8,138,0.48215367127623204
1,8,139,0.4824152690482349
1,8,140,0.48340091536391894
1,8,141,0.48490978852110617
1,8,142,0.48644887182545826
1,8,143,0.48735345022114474
1,8,144,0.4870791318714719
1,8,145,0.4854516796803939
1,8,146,0.4826578081417481
1,8,147,0.47904256643137566
1,8,148,0.4749954807955047
1,8,149,0.4709679439517245
1,8,150,0.4674157740641578
1,8,151,0.4646794071096583
1,8,152,0.46296685449515784
1,8,153,0.4623529743262161
1,8,154,0.4627943838098254
1,8,155,0.4641670630547544
1,8,156,0.46620362024753526
1,8,157,0.46851525352313084
1,8,158,0.47072955775119263
1,8,159,0.47258489119843544
1,8,160,0.4739306970591429
1,8,161,0.47476177792065194
1,8,162,0.47516458873494016
1,8,163,0.4752731418059738
1,8,164,0.4752611758666666
1,8,165,0.47525094571353865
1,8,166,0.47526628357635314
1,8,167,0.4752578249811575
1,8,168,0.47519725121360257
1,8,169,0.4751665735808242
1,8,170,0.4753148832995896
1,8,171,0.4758008873737821
1,8,172,0.47674942380474433
1,8,173,0.4781917629629224
1,8,174,0.4800115029669226
1,8,175,0.4819919363146117
1,8,176,0.4838654359714476
1,8,177,0.4853214423126121
1,8,178,0.48608545216406
1,8,179,0.4859567444960701
1,8,180,0.48489895507458575
1,8,181,0.48309889473531953
1,8,182,0.4808194121906137
1,8,183,0.47826784769326813
1,8,184,0.47559339643269816
1,8,185,0.47291227780491507
1,8,186,0.4703200411672184
1,8,187,0.4679224780821613
1,8,188,0.4658696471134806
1,8,189,0.4643150369761938
1,8,190,0.4634145582901582
1,8,191,0.46335135473167055
1,8,192,0.4643027052004561
1,8,193,0.4662340854045065
1,8,194,0.4688788177432217
1,8,195,0.47187415380966774
1,8,196,0.47485256873834103
1,8,197,0.47743768424263683
1,8,198,0.47933374004976453
1,8,199,0.4803884334149092
1,8,200,0.480481924699108
1,8,201,0.4795496958633752
1,8,202,0.47763296418481627
1,8,203,0.47475954890273636
1,8,204,0.47092680369903583
1,8,205,0.46621558951644726
1,8,206,0.46085741675904884
1,8,207,0.45509891609379527
1,8,208,0.4493040431071867
1,8,209,0.44398870340268964
1,8,210,0.43977557725810634
1,8,211,0.43717128466260974
1,8,212,0.4364431088871471
1,8,213,0.43763418424990597
1,8,214,0.4405108541859994
1,8,215,0.4445928463360313
1,8,216,0.44928127782606586
1,8,217,0.45392456950272353
1,8,218,0.4579354074646869
1,8,219,0.46096354045138
1,8,220,0.463009611159217
1,8,221,0.4642455522126592
1,8,222,0.4648753013212583
1,8,223,0.4650576288782605
1,8,224,0.4649501332085267
1,8,225,0.4646189697463871
1,8,226,0.46405747073133974
1,8,227,0.4632688769297397
1,8,228,0.46234358643707335
1,8,229,0.461476059172095
1,8,230,0.46088400228076426
1,8,231,0.4607781474484314
1,8,232,0.4612967516369226
1,8,233,0.4624323874285415
1,8,234,0.46408487023254114
1,8,235,0.466159421997986
1,8,236,0.46860971392220213
1,8,237,0.4714062102359943
1,8,238,0.47455152798732186
1,8,239,0.47802799598016443
1,8,240,0.48170734572753926
1,8,241,0.4852596545085019
1,8,242,0.488247941430852
1,8,243,0.4903424546588279
1,8,244,0.4913765375712185
1,8,245,0.4913876768237979
1,8,246,0.49059186859485115
1,8,247,0.4893299325126035
1,8,248,0.48798430465363857
1,8,249,0.486950449957273
1,8,250,0.4865828469302142
1,8,251,0.487075062610563
1,8,252,0.4884291671307849
1,8,253,0.49054297108185996
1,8,254,0.493250168795439
1,8,255,0.4963401407993587
1,8,256,0.49952084588062184
1,8,257,0.5024474513610125
1,8,258,0.5048052291660007
1,8,259,0.506332068814594
1,8,260,0.5068946365474882
1,8,261,0.5065996949240502
1,8,262,0.5056461147307901
1,8,263,0.5042475203824582
1,8,264,0.5026517361933316
1,8,265,0.5010944882731134
1,8,266,0.49980275201888186
1,8,267,0.49894652710127363
1,8,268,0.4985158277197681
1,8,269,0.4983697041949193
1,8,270,0.49831004611468915
1,8,271,0.49813954283584216
1,8,272,0.4977169833157855
1,8,273,0.4969156235053541
1,8,274,0.495676922177362
1,8,275,0.49414871145357614
1,8,276,0.4926021658754254
1,8,277,0.49129175848294004
1,8,278,0.4903851448375078
1,8,279,0.48986901527991916
1,8,280,0.4895558685529945
1,8,281,0.48917752843809387
1,8,282,0.48847518404469
1,8,283,0.48730903517126495
1,8,284,0.4856731511007704
1,8,285,0.48372025845983807
1,8,286,0.4817161259109987
1,8,287,0.47991180611572826
1,8,288,0.4784797354013854
1,8,289,0.477462126913911
1,8,290,0.4767438204037876
1,8,291,0.47615578422054794
1,8,292,0.47563921497450834
1,8,293,0.47534683424780994
1,8,294,0.475524398457262
1,8,295,0.47634873836929625
1,8,296,0.47783913222331903
1,8,297,0.47987104007966075
1,8,298,0.4821722657743784
1,8,299,0.4843445107060452
1,8,300,0.48597964642940356
1,8,301,0.4867907664204194
1,8,302,0.48682733439821313
1,8,303,0.48644640602042766
1,8,304,0.4860729212415471
1,8,305,0.4859875323028224
1,8,306,0.4862580667689107
1,8,307,0.486813728070357
1,8,308,0.48743179717975627
1,8,309,0.4878358389756038
1,8,310,0.487799320865925
1,8,311,0.4872249784126861
1,8,312,0.486262794761871
1,8,313,0.48522847658083634
1,8,314,0.4844319888455662
1,8,315,0.4839984928356941
1,8,316,0.4838806186885891
1,8,317,0.48394934941442735
1,8,318,0.4840457543020354
1,8,319,0.48402640465648783
1,8,320,0.48382277447985933
1,8,321,0.4835163050288224
1,8,322,0.48329950423179685
1,8,323,0.48341276802796435
1,8,324,0.48405352153745307
1,8,325,0.485276178754345
1,8,326,0.48700278947571085
1,8,327,0.4890411282323895
1,8,328,0.4911326211501756
1,8,329,0.4929750552416132
1,8,330,0.4942709119632906
1,8,331,0.494838035297231
1,8,332,0.4946112240559077
1,8,333,0.49364192182035005
1,8,334,0.4921796902949176
1,8,335,0.49062413610003724
1,8,336,0.48938048609661106
1,8,337,0.4887118837205143
1,8,338,0.48871189739985854
1,8,339,0.4893569111801751
1,8,340,0.4905158426315745
1,8,341,0.4919250529201438
1,8,342,0.49332780721009717
1,8,343,0.49451810716243305
1,8,344,0.49531280656811444
1,8,345,0.4956347672668945
1,8,346,0.4954930458040905
1,8,347,0.49485989739050434
1,8,348,0.4936779440074428
1,8,349,0.4920160228677229
1,8,350,0.49013543755484346
1,8,351,0.4883400451937948
1,8,352,0.4868828864784045
1,8,353,0.4859524839303168
1,8,354,0.48563315497418547
1,8,355,0.4859056546708574
1,8,356,0.4866871425460769
1,8,357,0.4878510939839331
1,8,358,0.4892071948807429
1,8,359,0.4905222788351657
1,8,360,0.49160196824409835
1,9,0,0.5076530538338309
1,9,1,0.5072256746948145
1,9,2,0.5065364653201079
1,9,3,0.5055925416130524
1,9,4,0.5044431786377431
1,9,5,0.5032015554071606
1,9,6,0.502062138399832
1,9,7,0.5012174160326888
1,9,8,0.5007863415958121
1,9,9,0.5007815769074755
1,9,10,0.5011738672385327
1,9,11,0.5018167091722037
1,9,12,0.5024431347901314
1,9,13,0.5028207946235407
1,9,14,0.5027969293867287
1,9,15,0.5023283410490798
1,9,16,0.501451122317872
1,9,17,0.5002473421615437
1,9,18,0.49893228414326546
1,9,19,0.4977991892968103
1,9,20,0.4970760588655197
1,9,21,0.4968516317025756
1,9,22,0.49707787055967945
1,9,23,0.49765189628706274
1,9,24,0.49844707001407335
1,9,25,0.4992133952449061
1,9,26,0.49968404900697894
1,9,27,0.4997081010482404
1,9,28,0.4992310176101621
1,9,29,0.4982502653518696
1,9,30,0.4968134375330055
1,9,31,0.494903331414038
1,9,32,0.4925397291114698
1,9,33,0.4899526619238488
1,9,34,0.487453327995807
1,9,35,0.48522575004477847
1,9,36,0.4833738862126946
1,9,37,0.4820421708304791
1,9,38,0.48136105024871934
1,9,39,0.4811846087380751
1,9,40,0.481134713668424
1,9,41,0.4808044279025996
1,9,42,0.47989882850212673
1,9,43,0.47819277850010294
1,9,44,0.47554353411703437
1,9,45,0.47197020334798545
1,9,46,0.4676599501074968
1,9,47,0.46296290006075264
1,9,48,0.4583092654117982
1,9,49,0.45403861111558735
1,9,50,0.4503565706033185
1,9,51,0.447419370413475
1,9,52,0.44532724037416616
1,9,53,0.4440278927018888
1,9,54,0.44336021048394125
1,9,55,0.4431688094080449
1,9,56,0.44341124843173935
1,9,57,0.4441423082773946
1,9,58,0.44540306577735256
1,9,59,0.4471729829897446
1,9,60,0.4493792282941648
1,9,61,0.45186756973696673
1,9,62,0.45438194640991714
1,9,63,0.45663100977749743
1,9,64,0.4583732496771943
1,9,65,0.4595172597168649
1,9,66,0.4601726308202713
1,9,67,0.46062209357907646
1,9,68,0.46128800636748607
1,9,69,0.462600899641416
1,9,70,0.46486475401016153
1,9,71,0.4681034017232543
1,9,72,0.4720106747104134
1,9,73,0.47606473331361754
1,9,74,0.4797000081166158
1,9,75,0.4824249365472927
1,9,76,0.4839369445964029
1,9,77,0.48427192211050685
1,9,78,0.48380444718740095
1,9,79,0.48309814513593186
1,9,80,0.4826225359112672
1,9,81,0.4825999913240406
1,9,82,0.48308375465014686
1,9,83,0.4839794240116062
1,9,84,0.48503721014093204
1,9,85,0.4859972880369968
1,9,86,0.48668573050407926
1,9,87,0.48704551557756287
1,9,88,0.48721507567168443
1,9,89,0.48742527221179427
1,9,90,0.4878861979466768
1,9,91,0.48872444118055264
1,9,92,0.4899573566455267
1,9,93,0.4915576612786455
1,9,94,0.4934498734070854
1,9,95,0.49547874529650887
1,9,96,0.49747355745649613
1,9,97,0.49922490681012743
1,9,98,0.5004113205803915
1,9,99,0.5007524376373774
1,9,100,0.5001016716871093
1,9,101,0.4983813878706509
1,9,102,0.495671511319826
1,9,103,0.49221949180732083
1,9,104,0.4884009691370559
1,9,105,0.48468545269568747
1,9,106,0.48152984546485306
1,9,107,0.4792488609722114
1,9,108,0.4779141719385388
1,9,109,0.4773896860153507
1,9,110,0.4774573465384809
1,9,111,0.47782680500102587
1,9,112,0.47817619063401196
1,9,113,0.47827479297067266
1,9,114,0.4780386109934829
1,9,115,0.4774822486065924
1,9,116,0.47666878113133304
1,9,117,0.47567654462554343
1,9,118,0.4745546226242946
1,9,119,0.47327420169473106
1,9,120,0.4717297836981851
1,9,121,0.46982511787957504
1,9,122,0.46756175805721495
1,9,123,0.46510153293042594
1,9,124,0.46275409611813423
1,9,125,0.4609305808138972
1,9,126,0.46012503644740543
1,9,127,0.46073521802254613
1,9,128,0.4628768064895937
1,9,129,0.46631642645889065
1,9,130,0.4705249479865304
1,9,131,0.4747476368690809
1,9,132,0.4782111401160883
1,9,133,0.4803716248709906
1,9,134,0.4810521805571447
1,9,135,0.48051121428821403
1,9,136,0.47935512446095824
1,9,137,0.47831859527738135
1,9,138,0.47800438349938396
1,9,139,0.4786777958343421
1,9,140,0.4802780229203406
1,9,141,0.4824655122489258
1,9,142,0.48466991808133386
1,9,143,0.4862328586801899
1,9,144,0.48666396207724866
1,9,145,0.4858020228136507
1,9,146,0.48379775340765957
1,9,147,0.4810092631276043
1,9,148,0.4778842646521972
1,9,149,0.4749265596287474
1,9,150,0.4726213028706749
1,9,151,0.4713140700782209
1,9,152,0.4711620511999442
1,9,153,0.4720969128265942
1,9,154,0.4738760497842393
1,9,155,0.4761863542509513
1,9,156,0.4786466696448787
1,9,157,0.4808609939988251
1,9,158,0.482544364699158
1,9,159,0.4836065199966901
1,9,160,0.48409190022188325
1,9,161,0.484156562175786
1,9,162,0.4839839714063076
1,9,163,0.483711160038315
1,9,164,0.4833970682957507
1,9,165,0.4829933944057435
1,9,166,0.48239587829045893
1,9,167,0.4814972437228183
1,9,168,0.48026166689114547
1,9,169,0.47883490370990783
1,9,170,0.4774997214268962
1,9,171,0.4765764623695933
1,9,172,0.4763272419306993
1,9,173,0.47687842563112626
1,9,174,0.47814553026407886
1,9,175,0.47987238508641217
1,9,176,0.4817015947580027
1,9,177,0.4832177599570608
1,9,178,0.484038256217366
1,9,179,0.4838589847045655
1,9,180,0.48256967232755843
1,9,181,0.48031524458219577
1,9,182,0.47734344983129173
1,9,183,0.4739043460310501
1,9,184,0.47028153806296874
1,9,185,0.4668127837546552
1,9,186,0.463795678639966
1,9,187,0.4614680511191094
1,9,188,0.46005207574587836
1,9,189,0.459703041766722
1,9,190,0.4604784358150638
1,9,191,0.46233321822904916
1,9,192,0.465157876541098
1,9,193,0.46864445646746117
1,9,194,0.4723140775067527
1,9,195,0.4757294858432654
1,9,196,0.4785753639367684
1,9,197,0.48059826650260573
1,9,198,0.48166907175990686
1,9,199,0.4818763723434981
1,9,200,0.48133680730867034
1,9,201,0.4800804519960731
1,9,202,0.47809841604907494
1,9,203,0.47534604266524383
1,9,204,0.4717417558148633
1,9,205,0.46720626584382985
1,9,206,0.46184936075606886
1,9,207,0.4559285537283495
1,9,208,0.44984957641547446
1,9,209,0.44414000845994794
1,9,210,0.439438038674321
1,9,211,0.43625037807860756
1,9,212,0.43479608442570833
1,9,213,0.43507241683115905
1,9,214,0.43686549664791746
1,9,215,0.43976253243643365
1,9,216,0.4431911095304445
1,9,217,0.4465558804089193
1,9,218,0.44942342071185254
1,9,219,0.45154698092203854
1,9,220,0.4528934519217267
1,9,221,0.4536049498507592
1,9,222,0.4539355306447736
1,9,223,0.4540810121378327
1,9,224,0.45421504145907665
1,9,225,0.4544292449433261
1,9,226,0.4546988766498318
1,9,227,0.454961671281617
1,9,228,0.4552155672066268
1,9,229,0.4555493018156872
1,9,230,0.45603648987741474
1,9,231,0.4567047955966197
1,9,232,0.45758459393310835
1,9,233,0.4587112191343582
1,9,234,0.4600906074737922
1,9,235,0.46172892140145727
1,9,236,0.4636772767993242
1,9,237,0.46599583516044535
1,9,238,0.4687741814057618
1,9,239,0.47206537142138283
1,9,240,0.47576439823182937
1,9,241,0.47953955455623404
1,9,242,0.48295935126736284
1,9,243,0.48572711934889673
1,9,244,0.48771552294343257
1,9,245,0.4889230125497643
1,9,246,0.4894482040951342
1,9,247,0.4894729104347478
1,9,248,0.4892254531568491
1,9,249,0.48900218176049637
1,9,250,0.4890847131787645
1,9,251,0.48959276575684985
1,9,252,0.49054115853551455
1,9,253,0.4919744015867344
1,9,254,0.4939129772180001
1,9,255,0.49629500721465863
1,9,256,0.49891794159186575
1,9,257,0.5014574597708571
1,9,258,0.5035679966309077
1,9,259,0.5048876834851513
1,9,260,0.5051382452973077
1,9,261,0.5042917548863883
1,9,262,0.5024931784329506
1,9,263,0.5000488782127145
1,9,264,0.4974501514772754
1,9,265,0.4951743376934073
1,9,266,0.49358862167292594
1,9,267,0.4929457891338142
1,9,268,0.49324512247655794
1,9,269,0.4942262542338139
1,9,270,0.4954850722398274
1,9,271,0.49662027191414976
1,9,272,0.49735315622453147
1,9,273,0.4975494559896111
1,9,274,0.4972207662476041
1,9,275,0.4965080323035287
1,9,276,0.4956016901747799
1,9,277,0.49466237300590077
1,9,278,0.49379682100725275
1,9,279,0.4929559020877161
1,9,280,0.491921734999727
1,9,281,0.49046378843330685
1,9,282,0.4884685461808183
1,9,283,0.48598394809486106
1,9,284,0.4831726439245814
1,9,285,0.48027005144482743
1,9,286,0.4774884067838584
1,9,287,0.4749929303766945
1,9,288,0.472932090419282
1,9,289,0.4713328354626145
1,9,290,0.47010215747678497
1,9,291,0.46914415974134765
1,9,292,0.4684793341775414
1,9,293,0.46830362013286625
1,9,294,0.46885413554087396
1,9,295,0.47027434967050874
1,9,296,0.47250876391994673
1,9,297,0.4753128394134913
1,9,298,0.4783547170626506
1,9,299,0.4812731161512881
1,9,300,0.48370916053288776
1,9,301,0.48538679612349656
1,9,302,0.486327398608529
1,9,303,0.48680431772438454
1,9,304,0.48715489550660684
1,9,305,0.4876065665114962
1,9,306,0.4882056005811443
1,9,307,0.4889126359631077
1,9,308,0.4895937308633621
1,9,309,0.49015979802184767
1,9,310,0.4905952104269998
1,9,311,0.49091479231443547
1,9,312,0.49120732228607744
1,9,313,0.49154797456490745
1,9,314,0.4919627822152402
1,9,315,0.4923232707344958
1,9,316,0.4923845799050898
1,9,317,0.49192810814786314
1,9,318,0.49088847394619534
1,9,319,0.4894134844599116
1,9,320,0.48782303499674734
1,9,321,0.4865623623543048
1,9,322,0.48604916206808874
1,9,323,0.48656857330203584
1,9,324,0.48821219986966646
1,9,325,0.4908472420266163
1,9,326,0.49417500605624765
1,9,327,0.49778766724804446
1,9,328,0.5012639059042086
1,9,329,0.5042022984189528
1,9,330,0.5062299299038626
1,9,331,0.507056428426402
1,9,332,0.5065125669945792
1,9,333,0.5046006777538392
1,9,334,0.5015214671162367
1,9,335,0.4976693005445082
1,9,336,0.4936068250620285
1,9,337,0.48990104912839594
1,9,338,0.48703559118975764
1,9,339,0.4853610137404167
1,9,340,0.4849749373606014
1,9,341,0.4857342308082603
1,9,342,0.48740521432848144
1,9,343,0.4896875535660492
1,9,344,0.4921914008879658
1,9,345,0.4945474253820102
1,9,346,0.4965027431220291
1,9,347,0.497878412723888
1,9,348,0.49850466289842565
1,9,349,0.4983141261462161
1,9,350,0.49744862055045463
1,9,351,0.4961581026200386
1,9,352,0.49473122326076496
1,9,353,0.4934513280439589
1,9,354,0.492523642690823
1,9,355,0.49208249885279876
1,9,356,0.49218613987588844
1,9,357,0.49279533352248595
1,9,358,0.4937711654991279
1,9,359,0.4948908200448191
1,9,360,0.4959643355826726
1,10,0,0.49771849375546756
1,10,1,0.4977523255268397
1,10,2,0.4977236297242783
1,10,3,0.4976540767892747
1,10,4,0.49757238540080345
1,10,5,0.4975077749500798
1,10,6,0.49750740561503876
1,10,7,0.4975874919460535
1,10,8,0.49767968338934093
1,10,9,0.4976867358442126
1,10,10,0.49753782738603963
1,10,11,0.4971504828838491
1,10,12,0.496470941925734
1,10,13,0.4955133171756305
1,10,14,0.49429234575346337
1,10,15,0.4928909446326554
1,10,16,0.4914396768684596
1,10,17,0.49004769426970957
1,10,18,0.48890873680438834
1,10,19,0.48822348255040904
1,10,20,0.4881001829500219
1,10,21,0.48858170547595736
1,10,22,0.48966561660473
1,10,23,0.4912475586531842
1,10,24,0.4930936401646564
1,10,25,0.4948128916403545
1,10,26,0.4959659430838843
1,10,27,0.496248887596335
1,10,28,0.4954994747644728
1,10,29,0.49369180464728746
1,10,30,0.4909925628033708
1,10,31,0.48763550250837145
1,10,32,0.48399416792637145
1,10,33,0.48062201346624694
1,10,34,0.4779799332361717
1,10,35,0.4762318329979437
1,10,36,0.4753437744477425
1,10,37,0.47520551011883055
1,10,38,0.4756390612156937
1,10,39,0.476321720697809
1,10,40,0.476810807572403
1,10,41,0.4766869032684141
1,10,42,0.4757184409653779
1,10,43,0.47381727718487765
1,10,44,0.4709728730791373
1,10,45,0.46724752944517184
1,10,46,0.46279359868362757
1,10,47,0.4579328435362637
1,10,48,0.45308996891677417
1,10,49,0.44865059697077764
1,10,50,0.44491244307165206
1,10,51,0.44210076643889673
1,10,52,0.4403449652029446
1,10,53,0.43959592925128366
1,10,54,0.4396343984467953
1,10,55,0.440161542748962
1,10,56,0.44093438445518285
1,10,57,0.4418303011514098
1,10,58,0.44280490127612127
1,10,59,0.44383496178061693
1,10,60,0.44491227127417704
1,10,61,0.4460507885354125
1,10,62,0.4472269493109291
1,10,63,0.44835504669078635
1,10,64,0.4493399037056372
1,10,65,0.45016501764728467
1,10,66,0.45094702995530767
1,10,67,0.45192249423291986
1,10,68,0.4534202479827631
1,10,69,0.4557322940302889
1,10,70,0.4590062048937075
1,10,71,0.4631301667724028
1,10,72,0.4677228327256718
1,10,73,0.47224390571306585
1,10,74,0.4761340049620338
1,10,75,0.47891997688215454
1,10,76,0.48033096033093986
1,10,77,0.48043650948172006
1,10,78,0.4796236837794021
1,10,79,0.47846310421776844
1,10,80,0.4774669746134489
1,10,81,0.4769199901682861
1,10,82,0.47690761832913187
1,10,83,0.4773632099905521
1,10,84,0.47810541157445563
1,10,85,0.478955176180756
1,10,86,0.479790281471917
1,10,87,0.4805533372942058
1,10,88,0.4813351475546823
1,10,89,0.48227904038623515
1,10,90,0.48346406017776516
1,10,91,0.4848731515586608
1,10,92,0.48637071117499125
1,10,93,0.48778432791209353
1,10,94,0.48898644109519235
1,10,95,0.48993324418779877
1,10,96,0.49065646791453466
1,10,97,0.49115458002191975
1,10,98,0.4912741164562801
1,10,99,0.49083522031804094
1,10,100,0.48970452700778266
1,10,101,0.4877417264197941
1,10,102,0.4848939882814567
1,10,103,0.48127443364264755
1,10,104,0.4772239002052505
1,10,105,0.4733204178293013
1,10,106,0.47021366550545207
1,10,107,0.46840140274159986
1,10,108,0.46805078060450045
1,10,109,0.4689996608708909
1,10,110,0.47086732502169293
1,10,111,0.4731092163734194
1,10,112,0.4751280389826809
1,10,113,0.4764930327666987
1,10,114,0.47706713389852395
1,10,115,0.47700002253304924
1,10,116,0.4766278228977544
1,10,117,0.4763228070144026
1,10,118,0.47633503556946954
1,10,119,0.4767113904122316
1,10,120,0.4772846751197853
1,10,121,0.47776183028806124
1,10,122,0.4778813083557679
1,10,123,0.477549074795819
1,10,124,0.4768688284097104
1,10,125,0.47614318768325936
1,10,126,0.4758349394543261
1,10,127,0.476324880206977
1,10,128,0.47770641749356
1,10,129,0.4797402145117606
1,10,130,0.4819361358503612
1,10,131,0.48366582024274757
1,10,132,0.4843539665773431
1,10,133,0.48372916786884207
1,10,134,0.48193572090008757
1,10,135,0.47950204388968626
1,10,136,0.47717673812534306
1,10,137,0.4756905248191378
1,10,138,0.47548371100153985
1,10,139,0.47660599417001787
1,10,140,0.4788211884211378
1,10,141,0.4816517281718322
1,10,142,0.4844229403965757
1,10,143,0.48641826658650744
1,10,144,0.48713494185115297
1,10,145,0.4864150579740614
1,10,146,0.4843819437672493
1,10,147,0.4813729930673668
1,10,148,0.4778734095440054
1,10,149,0.47447956060438273
1,10,150,0.4717873344581799
1,10,151,0.47024843728531174
1,10,152,0.47007359814112937
1,10,153,0.4711763227646313
1,10,154,0.473234384080726
1,10,155,0.4758452172723697
1,10,156,0.47859063842366306
1,10,157,0.48109138979528077
1,10,158,0.4830906103332186
1,10,159,0.48450607879296914
1,10,160,0.48535498975033964
1,10,161,0.48574881282109866
1,10,162,0.4858544755080984
1,10,163,0.48580771944772794
1,10,164,0.4856435647800434
1,10,165,0.48528329773742684
1,10,166,0.4846212968609676
1,10,167,0.48358770314319177
1,10,168,0.48215170998932744
1,10,169,0.48040074920916304
1,10,170,0.47854795006127177
1,10,171,0.47690679212074477
1,10,172,0.47582500283947154
1,10,173,0.4755537825356043
1,10,174,0.4761292485260952
1,10,175,0.47738641106641816
1,10,176,0.47904184221884166
1,10,177,0.4807459503879317
1,10,178,0.4821313927960413
1,10,179,0.4828245639346877
1,10,180,0.4825618225506417
1,10,181,0.4813098302581152
1,10,182,0.4791870768244426
1,10,183,0.4763565825505991
1,10,184,0.4730045244087768
1,10,185,0.46941797757801795
1,10,186,0.46598045714743686
1,10,187,0.46308968153832925
1,10,188,0.46114990175486203
1,10,189,0.46045872808638955
1,10,190,0.46112186448438086
1,10,191,0.46303551487816197
1,10,192,0.46594566730089926
1,10,193,0.46938585498822066
1,10,194,0.4727242924893299
1,10,195,0.475406052753537
1,10,196,0.47710469907921116
1,10,197,0.47772748809386156
1,10,198,0.4774278786874304
1,10,199,0.4765902889750012
1,10,200,0.47560618990059134
1,10,201,0.4746332714397986
1,10,202,0.47359704023194366
1,10,203,0.4723083560054908
1,10,204,0.4705326666004386
1,10,205,0.467996981663091
1,10,206,0.464565832276503
1,10,207,0.4603214824026355
1,10,208,0.4555242460309858
1,10,209,0.45059803684276156
1,10,210,0.4461470133543339
1,10,211,0.44264311837382014
1,10,212,0.4402768496667231
1,10,213,0.4391014661405673
1,10,214,0.43911455615853323
1,10,215,0.44021502956190023
1,10,216,0.44211078462252795
1,10,217,0.44440206172301083
1,10,218,0.4467772820307437
1,10,219,0.44901174982893477
1,10,220,0.4509764925034703
1,10,221,0.4527036613703358
1,10,222,0.45430003403421826
1,10,223,0.4557693419088427
1,10,224,0.4571283745047409
1,10,225,0.4584116906777938
1,10,226,0.4595749964169994
1,10,227,0.460530291537771
1,10,228,0.46126367076375374
1,10,229,0.46187009474585355
1,10,230,0.46244725142235354
1,10,231,0.46303072759090297
1,10,232,0.4635983054650423
1,10,233,0.464100699774519
1,10,234,0.4644796446604777
1,10,235,0.46468277171923966
1,10,236,0.46476826672850463
1,10,237,0.4649349017645569
1,10,238,0.46545885442340723
1,10,239,0.4666130654749327
1,10,240,0.4685381483314576
1,10,241,0.47107031397022203
1,10,242,0.4737949545213378
1,10,243,0.4763094181400736
1,10,244,0.4782987906459296
1,10,245,0.47956018512572046
1,10,246,0.4800265240389858
1,10,247,0.47977712799872635
1,10,248,0.47906543644879285
1,10,249,0.4782816267931552
1,10,250,0.47782545200477133
1,10,251,0.47796507770928437
1,10,252,0.4788140850295466
1,10,253,0.48044328047589285
1,10,254,0.4828517534845685
1,10,255,0.4858964460053992
1,10,256,0.4892653334743152
1,10,257,0.49253447187377225
1,10,258,0.4952631237531324
1,10,259,0.49703908667389074
1,10,260,0.4976370989273567
1,10,261,0.49714416150819557
1,10,262,0.4958313116708195
1,10,263,0.4941077000463891
1,10,264,0.4924999262545231
1,10,265,0.4914302216968079
1,10,266,0.49110118385497675
1,10,267,0.49156803060784
1,10,268,0.49270746372143315
1,10,269,0.4941851266661036
1,10,270,0.49559608111906495
1,10,271,0.4966553759349664
1,10,272,0.497255993186818
1,10,273,0.4974219802036435
1,10,274,0.49725578380504687
1,10,275,0.49688457307185213
1,10,276,0.4964017397341301
1,10,277,0.4958394405394565
1,10,278,0.49519006540530186
1,10,279,0.4943114595921629
1,10,280,0.49288916198579097
1,10,281,0.49060755368960224
1,10,282,0.48735886483888774
1,10,283,0.4832904024774023
1,10,284,0.4787206813409175
1,10,285,0.4741275791509992
1,10,286,0.47004249614985466
1,10,287,0.4669319284532301
1,10,288,0.46513901060606283
1,10,289,0.4647345583382194
1,10,290,0.4654937743834083
1,10,291,0.46698593613228745
1,10,292,0.46879529572181555
1,10,293,0.47071788699191636
1,10,294,0.47274304241849113
1,10,295,0.47496204760606214
1,10,296,0.4774491108068003
1,10,297,0.4802151006391143
1,10,298,0.48321646759660564
1,10,299,0.4863406402839105
1,10,300,0.4893408213514226
1,10,301,0.49183804890395166
1,10,302,0.49351039488765136
1,10,303,0.4941808328019999
1,10,304,0.49387222990514135
1,10,305,0.49270025622417707
1,10,306,0.4907831344372234
1,10,307,0.48834191223096995
1,10,308,0.4857486272265463
1,10,309,0.4835574285033583
1,10,310,0.48232659801478733
1,10,311,0.48240414360606715
1,10,312,0.48380645516603393
1,10,313,0.4862367623236607
1,10,314,0.48921493713759623
1,10,315,0.49207803713756976
1,10,316,0.49409698472395774
1,10,317,0.49470608336702565
1,10,318,0.49374278366054364
1,10,319,0.49154456456876006
1,10,320,0.4888039999624641
1,10,321,0.48633103280819184
1,10,322,0.484806124566761
1,10,323,0.48465636412772756
1,10,324,0.48601442134428835
1,10,325,0.48875143807284643
1,10,326,0.49248306913144035
1,10,327,0.49663075833190473
1,10,328,0.5006475763081212
1,10,329,0.5040636033460396
1,10,330,0.506431152060971
1,10,331,0.5074008164230631
1,10,332,0.5067605790912505
1,10,333,0.5044472226588985
1,10,334,0.500597084155933
1,10,335,0.4956265507948617
1,10,336,0.49021265142790604
1,10,337,0.4850599284988948
1,10,338,0.48084393808271286
1,10,339,0.47812963234335853
1,10,340,0.4771641578393306
1,10,341,0.47783524592171234
1,10,342,0.47982975073385875
1,10,343,0.48268853441908327
1,10,344,0.4858087354292167
1,10,345,0.4886384102823724
1,10,346,0.49084107735986254
1,10,347,0.4922495968544772
1,10,348,0.49275904283182625
1,10,349,0.4923790751186737
1,10,350,0.49132348906977547
1,10,351,0.4898793290048088
1,10,352,0.48835549050237376
1,10,353,0.48705581712783386
1,10,354,0.48621056519112954
1,10,355,0.48597561297292013
1,10,356,0.48641684383941075
1,10,357,0.4875071139222533
1,10,358,0.48911803837941786
1,10,359,0.4910075518598745
1,10,360,0.4929325340383978
1,11,0,0.48867260876148116
1,11,1,0.48732056273985586
1,11,2,0.4861689405937979
1,11,3,0.485515931816469
1,11,4,0.4855949131204773
1,11,5,0.4864786203884907
1,11,6,0.48803024865339806
1,11,7,0.4899306086735415
1,11,8,0.4917981083630173
1,11,9,0.4932181458505312
1,11,10,0.4939119522689636
1,11,11,0.49373439160251675
1,11,12,0.4927479634426401
1,11,13,0.49118989067725216
1,11,14,0.4892825227729855
1,11,15,0.4872140654075913
1,11,16,0.48510569314537144
1,11,17,0.482990772242485
1,11,18,0.4809805021636623
1,11,19,0.47924368742934315
1,11,20,0.4779198440792794
1,11,21,0.47714605771238533
1,11,22,0.4770685075902838
1,11,23,0.47775825627803986
1,11,24,0.47911534430223407
1,11,25,0.4807455623049187
1,11,26,0.48209724452301217
1,11,27,0.48273964929280544
1,11,28,0.48240443586770976
1,11,29,0.4810096579718705
1,11,30,0.47866711120216376
1,11,31,0.4755894494268718
1,11,32,0.4721907691328192
1,11,33,0.46904930980659204
1,11,34,0.4665999747820273
1,11,35,0.46500047354479124
1,11,36,0.4642227650263028
1,11,37,0.46415206520013325
1,11,38,0.46463918064034493
1,11,39,0.4654077785558073
1,11,40,0.46603706086262936
1,11,41,0.4661110628755056
1,11,42,0.4653499792639187
1,11,43,0.463631191721159
1,11,44,0.4609612035239153
1,11,45,0.4574433073476184
1,11,46,0.4532918399822222
1,11,47,0.4489054673578774
1,11,48,0.44473651811161585
1,11,49,0.4411356332111496
1,11,50,0.4383230600432946
1,11,51,0.43638514009541635
1,11,52,0.4352759327829347
1,11,53,0.43479170194635436
1,11,54,0.43460774755032183
1,11,55,0.4344252035488439
1,11,56,0.43410569903968127
1,11,57,0.43369784562353575
1,11,58,0.43339679231600103
1,11,59,0.43344031762970175
1,11,60,0.43400877245516106
1,11,61,0.4351929107805432
1,11,62,0.4369305391831735
1,11,63,0.4389746943773786
1,11,64,0.44098984936740576
1,11,65,0.442696518025989
1,11,66,0.44400584943919597
1,11,67,0.4450822067286524
1,11,68,0.44629385322444975
1,11,69,0.4480518975199326
1,11,70,0.4506801354763291
1,11,71,0.4542569703050534
1,11,72,0.45856327265660723
1,11,73,0.46315640291298854
1,11,74,0.4674895241134027
1,11,75,0.47103041913096305
1,11,76,0.47339736164288176
1,11,77,0.4745047002618693
1,11,78,0.47458935851538037
1,11,79,0.4740730049823077
1,11,80,0.4733696615953796
1,11,81,0.47279024783027435
1,11,82,0.47251492950173
1,11,83,0.4725861871612873
1,11,84,0.4729510629624601
1,11,85,0.4735313636909579
1,11,86,0.4742623824303056
1,11,87,0.47511271248428905
1,11,88,0.47613709860256725
1,11,89,0.47738032424513566
1,11,90,0.47879400967130564
1,11,91,0.48025396688711813
1,11,92,0.48160719387873663
1,11,93,0.4827097333224955
1,11,94,0.4834652215268664
1,11,95,0.4838901212254013
1,11,96,0.484069019038134
1,11,97,0.4840266682899883
1,11,98,0.48365964789068705
1,11,99,0.4828210148923184
1,11,100,0.4814039397414032
1,11,101,0.47935209849136456
1,11,102,0.4767222614054275
1,11,103,0.47373343794615047
1,11,104,0.4708029924900858
1,11,105,0.46850779196868286
1,11,106,0.46738813848931404
1,11,107,0.46771452964774984
1,11,108,0.469375483095258
1,11,109,0.4719682570928392
1,11,110,0.474956276508671
1,11,111,0.47776832512661715
1,11,112,0.47993145001620247
1,11,113,0.48122093654940534
1,11,114,0.4816930990046334
1,11,115,0.4816113986135987
1,11,116,0.4812992367166891
1,11,117,0.48101955791204265
1,11,118,0.48086824818406076
1,11,119,0.48078738445797564
1,11,120,0.48062306920714853
1,11,121,0.4802052275253729
1,11,122,0.4794679403214439
1,11,123,0.47850927387939723
1,11,124,0.47755061204431615
1,11,125,0.4768668195977491
1,11,126,0.4767471639089891
1,11,127,0.47733927042724067
1,11,128,0.4785417838382181
1,11,129,0.48003292507819734
1,11,130,0.4813642574537553
1,11,131,0.4820868945706524
1,11,132,0.48184751701648715
1,11,133,0.48051662001224255
1,11,134,0.4782928546199074
1,11,135,0.4756833572159304
1,11,136,0.4733480005851228
1,11,137,0.471861511925148
1,11,138,0.4715185691615882
1,11,139,0.4723001348325194
1,11,140,0.4740126677595538
1,11,141,0.47629621369798947
1,11,142,0.47857134846348165
1,11,143,0.48017224125753444
1,11,144,0.4806194940082638
1,11,145,0.47975784636611735
1,11,146,0.4777021051899603
1,11,147,0.47473297864762
1,11,148,0.47123218771677405
1,11,149,0.467701862213464
1,11,150,0.46468837455516404
1,11,151,0.4626132922382205
1,11,152,0.4616846289847824
1,11,153,0.46186055224286354
1,11,154,0.4629133668857945
1,11,155,0.464565352019766
1,11,156,0.4665075997101214
1,11,157,0.4684368988614468
1,11,158,0.47015781781914845
1,11,159,0.47160283558441846
1,11,160,0.4727639702934023
1,11,161,0.47369107679813227
1,11,162,0.4744635072370507
1,11,163,0.47513241954022506
1,11,164,0.47567595475865876
1,11,165,0.4759555526452212
1,11,166,0.47577811865095726
1,11,167,0.47501186911668397
1,11,168,0.47361071168625357
1,11,169,0.47167635183749845
1,11,170,0.4694938664446264
1,11,171,0.467519807441436
1,11,172,0.46627798071455306
1,11,173,0.466145539646382
1,11,174,0.4672449430761707
1,11,175,0.4694495569936115
1,11,176,0.4724301269127257
1,11,177,0.4757148756967226
1,11,178,0.4787750755239573
1,11,179,0.4810693325485226
1,11,180,0.4821751914291305
1,11,181,0.4819526982807809
1,11,182,0.4805276536317308
1,11,183,0.47814711348868427
1,11,184,0.47506957759325646
1,11,185,0.47162430088650625
1,11,186,0.4682491326907925
1,11,187,0.46538400480795633
1,11,188,0.46343348221475794
1,11,189,0.46265940424428764
1,11,190,0.4630927587779144
1,11,191,0.4645661261308864
1,11,192,0.4668327372467666
1,11,193,0.4695063482522193
1,11,194,0.47205197937439114
1,11,195,0.4739587083231272
1,11,196,0.47494864081496097
1,11,197,0.4750454323914289
1,11,198,0.4745574113714749
1,11,199,0.4739638076720719
1,11,200,0.4736821144122049
1,11,201,0.47386039827465426
1,11,202,0.47431290493378403
1,11,203,0.47464274136780826
1,11,204,0.47437809196778635
1,11,205,0.4730300059263896
1,11,206,0.4702929221986821
1,11,207,0.4661949870324657
1,11,208,0.4611107548008321
1,11,209,0.4556894528577867
1,11,210,0.45079852856830166
1,11,211,0.44717636225914165
1,11,212,0.4451798903749309
1,11,213,0.4448545920640309
1,11,214,0.44609236846223704
1,11,215,0.44865840923178046
1,11,216,0.4520660039881524
1,11,217,0.4556620183101558
1,11,218,0.45892996400953145
1,11,219,0.461562798708234
1,11,220,0.4634542167071674
1,11,221,0.46470264622376767
1,11,222,0.4655060418434738
1,11,223,0.46599319740074996
1,11,224,0.4662875963047176
1,11,225,0.466566076319124
1,11,226,0.46693749329044243
1,11,227,0.467378798878185
1,11,228,0.46788371023262315
1,11,229,0.4685428327621096
1,11,230,0.4694207928713576
1,11,231,0.47043809590373153
1,11,232,0.47138715337921244
1,11,233,0.4720066515152202
1,11,234,0.4720867127960238
1,11,235,0.47148873447814027
1,11,236,0.4703031905299084
1,11,237,0.4689049064003659
1,11,238,0.4677795111907254
1,11,239,0.4673986780660522
1,11,240,0.4680442708452218
1,11,241,0.4695913604702233
1,11,242,0.4715437531270812
1,11,243,0.47330558117865745
1,11,244,0.47433916181800034
1,11,245,0.4743025246526192
1,11,246,0.4731047197378492
1,11,247,0.47093420122354535
1,11,248,0.46830527833514923
1,11,249,0.4658504607935916
1,11,250,0.4641513694276978
1,11,251,0.4636715976507925
1,11,252,0.46465582439457176
1,11,253,0.4671349884869754
1,11,254,0.47093070199424447
1,11,255,0.47567303503698666
1,11,256,0.48084374387779844
1,11,257,0.48582091817298023
1,11,258,0.48996026248426966
1,11,259,0.4927577335671172
1,11,260,0.4940441966153888
1,11,261,0.49404624553951904
1,11,262,0.4932207157215254
1,11,263,0.4921214869379609
1,11,264,0.4912562107272999
1,11,265,0.49090348853706234
1,11,266,0.4910821130710769
1,11,267,0.4916365552523971
1,11,268,0.49227072748223283
1,11,269,0.492617859453987
1,11,270,0.492474843339768
1,11,271,0.4919321322167552
1,11,272,0.49123404668503307
1,11,273,0.4906215975931003
1,11,274,0.49027172854582846
1,11,275,0.4902659593410516
1,11,276,0.49053471147268707
1,11,277,0.4908949736343206
1,11,278,0.49112468833423273
1,11,279,0.4909346048005624
1,11,280,0.48997432552817083
1,11,281,0.4879721048574898
1,11,282,0.48489705079797657
1,11,283,0.48091264019858393
1,11,284,0.47628969786398845
1,11,285,0.4715232238319651
1,11,286,0.4672423436403592
1,11,287,0.4640171176977556
1,11,288,0.46225130071718873
1,11,289,0.46208859796527557
1,11,290,0.46340193097162236
1,11,291,0.46581436911928303
1,11,292,0.4688775673776161
1,11,293,0.4722773488031637
1,11,294,0.47586346703485055
1,11,295,0.47953988488804034
1,11,296,0.48320264934720797
1,11,297,0.4867574750179736
1,11,298,0.4900707204990786
1,11,299,0.4929937696993118
1,11,300,0.4953733558872459
1,11,301,0.49703024390173506
1,11,302,0.49782135545536277
1,11,303,0.4977071437985675
1,11,304,0.4968359344665053
1,11,305,0.4953750284123075
1,11,306,0.49338057487785275
1,11,307,0.4909313466800075
1,11,308,0.4882666094047646
1,11,309,0.48583643500486123
1,11,310,0.4841397774001053
1,11,311,0.48359056133387346
1,11,312,0.48436416227176
1,11,313,0.48630205215349337
1,11,314,0.48899096865023106
1,11,315,0.49181558830191685
1,11,316,0.4940435952057183
1,11,317,0.494998610049367
1,11,318,0.494369964651605
1,11,319,0.492359408773919
1,11,320,0.48958452150460124
1,11,321,0.48686185800269577
1,11,322,0.48492142395127674
1,11,323,0.48423933740519354
1,11,324,0.4849442422833129
1,11,325,0.48687789678359117
1,11,326,0.489664147586842
1,11,327,0.492763847193883
1,11,328,0.49568905574720606
1,11,329,0.49808274714936757
1,11,330,0.4996846389806253
1,11,331,0.5003527543793277
1,11,332,0.5000684569820706
1,11,333,0.4988409992868513
1,11,334,0.49673157648187305
1,11,335,0.4939741535311263
1,11,336,0.49097314942325493
1,11,337,0.4881556070364485
1,11,338,0.48594946346904266
1,11,339,0.48474378508210714
1,11,340,0.4847160533061813
1,11,341,0.48576614269359625
1,11,342,0.48763580754235347
1,11,343,0.4899336097566066
1,11,344,0.49211606453630213
1,11,345,0.4936755966741173
1,11,346,0.4943305768709964
1,11,347,0.4940068133935264
1,11,348,0.4927555415303777
1,11,349,0.49077336442063146
1,11,350,0.488439328538909
1,11,351,0.4861646282194859
1,11,352,0.4842779659204381
1,11,353,0.4830019319058524
1,11,354,0.4824301380732103
1,11,355,0.4825441826376339
1,11,356,0.4832441296428883
1,11,357,0.4844254336709801
1,11,358,0.48597581370498216
1,11,359,0.4877097731028596
1,11,360,0.48943132328309086
1,12,0,0.4904717125235048
1,12,1,0.4884527799319826
1,12,2,0.48666694493003654
1,12,3,0.48545249318693573
1,12,4,0.4850386192380431
1,12,5,0.48545871313851086
1,12,6,0.48653210101419025
1,12,7,0.4879131971120304
1,12,8,0.48925370791209283
1,12,9,0.49014998884698074
1,12,10,0.49038360992088376
1,12,11,0.4899407107411066
1,12,12,0.48899265189508206
1,12,13,0.48777839399843204
1,12,14,0.486450052388635
1,12,15,0.4851051674572004
1,12,16,0.4837463340283966
1,12,17,0.48230474945296437
1,12,18,0.48076103496928746
1,12,19,0.4792110584029429
1,12,20,0.4778186735111978
1,12,21,0.4767628313744227
1,12,22,0.47619442731937095
1,12,23,0.47618480145136677
1,12,24,0.47662936632794545
1,12,25,0.4771262552048425
1,12,26,0.47720221095448484
1,12,27,0.47655124289167355
1,12,28,0.47505000915512
1,12,29,0.4727970509474649
1,12,30,0.470034407879375
1,12,31,0.46705406309766145
1,12,32,0.4641869176762647
1,12,33,0.4617680307639229
1,12,34,0.45995932138912654
1,12,35,0.4587285291054513
1,12,36,0.4579517064676775
1,12,37,0.45752432528241604
1,12,38,0.4574269904613778
1,12,39,0.45751388617070804
1,12,40,0.45746830357998947
1,12,41,0.4569353013781968
1,12,42,0.4556313843497293
1,12,43,0.4534042117134416
1,12,44,0.45025459029336634
1,12,45,0.4463596202966236
1,12,46,0.4420847373910827
1,12,47,0.43799098402094794
1,12,48,0.43460839310725513
1,12,49,0.4322338027995837
1,12,50,0.43093598655367366
1,12,51,0.4305711096312566
1,12,52,0.4308556454270034
1,12,53,0.43142100800681044
1,12,54,0.43188566110599547
1,12,55,0.43201517368890513
1,12,56,0.43182138802901127
1,12,57,0.431512266837149
1,12,58,0.43141314806697706
1,12,59,0.4318693473524812
1,12,60,0.43309621968556233
1,12,61,0.43511468647462376
1,12,62,0.43774417744211735
1,12,63,0.44061176006173886
1,12,64,0.4432672157816717
1,12,65,0.44533472258090906
1,12,66,0.44665912140698466
1,12,67,0.44739267346646694
1,12,68,0.44791389949619037
1,12,69,0.4486946071653957
1,12,70,0.4501926719937526
1,12,71,0.45266164011247023
1,12,72,0.4560419060785819
1,12,73,0.460034280383196
1,12,74,0.4642227928056345
1,12,75,0.4681248396179353
1,12,76,0.4712941104863614
1,12,77,0.47349979061921466
1,12,78,0.47479254549603
1,12,79,0.47537394606855604
1,12,80,0.4754413917960085
1,12,81,0.4752090125003465
1,12,82,0.4749088923649785
1,12,83,0.4747115042869764
1,12,84,0.4746928368366806
1,12,85,0.47487417635106377
1,12,86,0.4752606200400869
1,12,87,0.47582850821934747
1,12,88,0.4765964717432092
1,12,89,0.47756219159458624
1,12,90,0.47864561657009164
1,12,91,0.4797282517693874
1,12,92,0.4807320312323885
1,12,93,0.48163407972352523
1,12,94,0.4823932622026409
1,12,95,0.4829521646584757
1,12,96,0.4832384529380541
1,12,97,0.48311866143748927
1,12,98,0.4823924262996398
1,12,99,0.48089513640171894
1,12,100,0.4786640406168088
1,12,101,0.47594579458645647
1,12,102,0.4731418644841276
1,12,103,0.4707367269687815
1,12,104,0.4692656131849581
1,12,105,0.4691782344471679
1,12,106,0.47060260615865207
1,12,107,0.47323833322015735
1,12,108,0.47645045205149833
1,12,109,0.47950232964591427
1,12,110,0.48175841121042284
1,12,111,0.482798100611144
1,12,112,0.4825264415195786
1,12,113,0.4811736268494067
1,12,114,0.4791620408111223
1,12,115,0.4769608815625889
1,12,116,0.4749035435312991
1,12,117,0.47312029735364236
1,12,118,0.47155022907022776
1,12,119,0.4700346234602372
1,12,120,0.4684207661891185
1,12,121,0.466606611191536
1,12,122,0.464634282894002
1,12,123,0.4627343217092654
1,12,124,0.46122288351685004
1,12,125,0.4603550585745907
1,12,126,0.4603215102309469
1,12,127,0.4611937303262711
1,12,128,0.4628289133806096
1,12,129,0.46489597588425424
1,12,130,0.46694578941235354
1,12,131,0.4685309564013939
1,12,132,0.4692783189809608
1,12,133,0.46894770807327296
1,12,134,0.46758665490634166
1,12,135,0.46555536722244406
1,12,136,0.4634093073050788
1,12,137,0.46168261000488453
1,12,138,0.46074029475848177
1,12,139,0.46071431736695395
1,12,140,0.4615649476788842
1,12,141,0.46307848480846164
1,12,142,0.46479933484952796
1,12,143,0.4661286376393713
1,12,144,0.46660554416414624
1,12,145,0.46606456762618914
1,12,146,0.46460972230271375
1,12,147,0.462473801014253
1,12,148,0.45995001184018197
1,12,149,0.4573999037121606
1,12,150,0.45520387499934184
1,12,151,0.45360147615033697
1,12,152,0.4526424507595725
1,12,153,0.45225298341045966
1,12,154,0.4522961742131241
1,12,155,0.45265092701193327
1,12,156,0.4532146531222027
1,12,157,0.45386426977861966
1,12,158,0.45455159534369755
1,12,159,0.45530150221049565
1,12,160,0.4561144905165848
1,12,161,0.45696973343890235
1,12,162,0.4578292949525828
1,12,163,0.45862102801106475
1,12,164,0.4592470614493793
1,12,165,0.4595374164925113
1,12,166,0.45925626222432886
1,12,167,0.45823932183563915
1,12,168,0.45645679292293695
1,12,169,0.45405993020530727
1,12,170,0.4514253293958048
1,12,171,0.4490747692791085
1,12,172,0.4475452938794771
1,12,173,0.4472300263774902
1,12,174,0.4482625048091527
1,12,175,0.45049569693706426
1,12,176,0.4535649919561633
1,12,177,0.45695803833078863
1,12,178,0.4601177808180996
1,12,179,0.4625031218523291
1,12,180,0.4637051967670751
1,12,181,0.46360001221150293
1,12,182,0.4623326514055329
1,12,183,0.46016295718123645
1,12,184,0.45735188200165694
1,12,185,0.4542194732653716
1,12,186,0.45116301979704043
1,12,187,0.4485663989515823
1,12,188,0.4467720658472596
1,12,189,0.4459947291591918
1,12,190,0.44623518150385816
1,12,191,0.44738151493721456
1,12,192,0.4493593267785033
1,12,193,0.45198052756756424
1,12,194,0.4548904901965668
1,12,195,0.4576863338634881
1,12,196,0.46009642728927036
1,12,197,0.46205851489821814
1,12,198,0.46367200063460723
1,12,199,0.46510582822517404
1,12,200,0.46646412382448316
1,12,201,0.46771802517632904
1,12,202,0.4686667916512787
1,12,203,0.46903403084623024
1,12,204,0.4685102695262616
1,12,205,0.4667905387406515
1,12,206,0.46375312493274473
1,12,207,0.45952883288735213
1,12,208,0.4545440121803908
1,12,209,0.4494017501626843
1,12,210,0.4448214286558194
1,12,211,0.44142755233156256
1,12,212,0.4395460602149147
1,12,213,0.4392532711515248
1,12,214,0.4404978223136296
1,12,215,0.44310821605033335
1,12,216,0.44666140344118976
1,12,217,0.4505245586692402
1,12,218,0.4541068366834395
1,12,219,0.45698108864452186
1,12,220,0.4588610381571048
1,12,221,0.4596225550575221
1,12,222,0.4593570093948787
1,12,223,0.45824627106509036
1,12,224,0.45658853025508267
1,12,225,0.4548610384699532
1,12,226,0.4535268412771171
1,12,227,0.4528537621266553
1,12,228,0.45301150283488884
1,12,229,0.45413961543796394
1,12,230,0.4562516833491492
1,12,231,0.4591150343320651
1,12,232,0.46226819231104416
1,12,233,0.46515432302985216
1,12,234,0.46734026546889323
1,12,235,0.4685681906217966
1,12,236,0.46885259392479134
1,12,237,0.4685040682162725
1,12,238,0.46797489261368674
1,12,239,0.46773500403565815
1,12,240,0.46810010295058485
1,12,241,0.46903324710958705
1,12,242,0.4701458933778904
1,12,243,0.4709282100265328
1,12,244,0.47095602109247847
1,12,245,0.47003620897432274
1,12,246,0.46820149550700524
1,12,247,0.4656980066033033
1,12,248,0.4630034532173593
1,12,249,0.460631263636415
1,12,250,0.45896371520268187
1,12,251,0.4582433470911583
1,12,252,0.45859956110794325
1,12,253,0.46007154383261706
1,12,254,0.46262336909127844
1,12,255,0.46615470589145064
1,12,256,0.47047458730413083
1,12,257,0.47523927910294345
1,12,258,0.47995441751943024
1,12,259,0.4841095826200054
1,12,260,0.4873253728993974
1,12,261,0.48947329924301436
1,12,262,0.4906235705901848
1,12,263,0.49099870629356
1,12,264,0.4908524839990357
1,12,265,0.49034709502468815
1,12,266,0.48957531200064275
1,12,267,0.48856995099636213
1,12,268,0.48727194566418797
1,12,269,0.48559902429253277
1,12,270,0.48366130386959394
1,12,271,0.4818286743660746
1,12,272,0.48052639754151627
1,12,273,0.48002770393615324
1,12,274,0.480426969573423
1,12,275,0.4816228694114745
1,12,276,0.483236412142924
1,12,277,0.4847354220817086
1,12,278,0.4855993550291909
1,12,279,0.48537082796069125
1,12,280,0.4837109561527727
1,12,281,0.48055074665459
1,12,282,0.47619613547077777
1,12,283,0.47115529441455567
1,12,284,0.46595265015692067
1,12,285,0.46117663887920707
1,12,286,0.45736607883008706
1,12,287,0.45484683399723297
1,12,288,0.45369082017836065
1,12,289,0.4537802433905242
1,12,290,0.4548654601551271
1,12,291,0.45659808758213116
1,12,292,0.4586758878986869
1,12,293,0.4610222189496556
1,12,294,0.46374549860637776
1,12,295,0.4669088005257923
1,12,296,0.4704816077674383
1,12,297,0.47438917139930664
1,12,298,0.47842661879754406
1,12,299,0.4823109601064509
1,12,300,0.4857717231266897
1,12,301,0.48858095773176
1,12,302,0.4906113255296219
1,12,303,0.4918735327684991
1,12,304,0.4925556674362821
1,12,305,0.49281783871898116
1,12,306,0.49262407893586235
1,12,307,0.4918889939021545
1,12,308,0.490642347303927
1,12,309,0.4890770812531366
1,12,310,0.48746420187178163
1,12,311,0.4861702821702465
1,12,312,0.4855737115305733
1,12,313,0.4858301710536546
1,12,314,0.48686426130937427
1,12,315,0.4883663467692222
1,12,316,0.48980847382802295
1,12,317,0.4905706248626099
1,12,318,0.49024268086275846
1,12,319,0.4887882740764133
1,12,320,0.4865233633990321
1,12,321,0.48403738810449876
1,12,322,0.48196599995152095
1,12,323,0.4807903630578175
1,12,324,0.480678999383856
1,12,325,0.48153963779735004
1,12,326,0.48315780835322597
1,12,327,0.4852020067684133
1,12,328,0.4873573680281162
1,12,329,0.48940233267265115
1,12,330,0.49119583361326824
1,12,331,0.49267750750034944
1,12,332,0.49381664679206466
1,12,333,0.4945099568108659
1,12,334,0.4946225495223222
1,12,335,0.4941409392329969
1,12,336,0.4932166937795424
1,12,337,0.49208364289151985
1,12,338,0.49103632770522787
1,12,339,0.4904176339456695
1,12,340,0.49047744356267625
1,12,341,0.4912441491318692
1,12,342,0.49258311387834824
1,12,343,0.49420483604977916
1,12,344,0.4956408450100071
1,12,345,0.4964195868984017
1,12,346,0.4962741052404015
1,12,347,0.4951714706415697
1,12,348,0.49322821986001447
1,12,349,0.4907268901082324
1,12,350,0.4881302488787137
1,12,351,0.4858805140182334
1,12,352,0.4842404691235993
1,12,353,0.48325380731337614
1,12,354,0.4827659370516793
1,12,355,0.4825265524521634
1,12,356,0.4823072222285019
1,12,357,0.48204336531439357
1,12,358,0.48184154306370475
1,12,359,0.48182351123230466
1,12,360,0.4820588712102921
1,13,0,0.4887042050044531
1,13,1,0.4876045435288559
1,13,2,0.4869078319033065
1,13,3,0.4868009075068418
1,13,4,0.48733915144101236
1,13,5,0.48842597740331667
1,13,6,0.48984251662589673
1,13,7,0.4912871661174502
1,13,8,0.4925145418980244
1,13,9,0.4932775165828092
1,13,10,0.49349414555872606
1,13,11,0.49320560519666123
1,13,12,0.492478938635708
1,13,13,0.491320456947735
1,13,14,0.4896931449612673
1,13,15,0.48764877334686724
1,13,16,0.48531139135836066
1,13,17,0.4828926239638081
1,13,18,0.4806952558708427
1,13,19,0.4790453801988387
1,13,20,0.4782058082829116
1,13,21,0.47826031273802105
1,13,22,0.47906276259490876
1,13,23,0.4803173515216404
1,13,24,0.4815751933015775
1,13,25,0.482256707941629
1,13,26,0.4819278529431859
1,13,27,0.4804528394228714
1,13,28,0.47795716760887813
1,13,29,0.4747931720372714
1,13,30,0.4713849843598688
1,13,31,0.4681152253220671
1,13,32,0.46532259376829294
1,13,33,0.463236538317522
1,13,34,0.4618875853410409
1,13,35,0.46113241624720724
1,13,36,0.4607267974975029
1,13,37,0.4604601400740046
1,13,38,0.4602475566181073
1,13,39,0.45995602436430527
1,13,40,0.45936537786914916
1,13,41,0.4582757226840517
1,13,42,0.4565734999577267
1,13,43,0.45422813713586285
1,13,44,0.4512636328149449
1,13,45,0.44778471754837473
1,13,46,0.4440609542869048
1,13,47,0.4405281438546831
1,13,48,0.4376020207720851
1,13,49,0.43554473885287165
1,13,50,0.4344751620210849
1,13,51,0.4343268556478849
1,13,52,0.434883436460255
1,13,53,0.43580472924419505
1,13,54,0.436654438148945
1,13,55,0.4371036101091015
1,13,56,0.4370717131683891
1,13,57,0.4367029327174038
1,13,58,0.4362685976342226
1,13,59,0.4360779222037017
1,13,60,0.4363867150922234
1,13,61,0.43731138194867314
1,13,62,0.4387889759985049
1,13,63,0.4405622536262132
1,13,64,0.4422850434646382
1,13,65,0.44367544229918726
1,13,66,0.44465349111038466
1,13,67,0.4454046841939544
1,13,68,0.4462381180201625
1,13,69,0.44748092556979147
1,13,70,0.44945224122389216
1,13,71,0.45231666973357015
1,13,72,0.45595825743874874
1,13,73,0.46002969756889295
1,13,74,0.4640823428829225
1,13,75,0.4676270288025936
1,13,76,0.4702580266506535
1,13,77,0.47181233102505504
1,13,78,0.47239607730521366
1,13,79,0.47226786841192786
1,13,80,0.47169345550684155
1,13,81,0.4709962402813374
1,13,82,0.4705247209655632
1,13,83,0.4704847478244435
1,13,84,0.4708802543009499
1,13,85,0.47160327243604516
1,13,86,0.4725043247326045
1,13,87,0.4733876765771264
1,13,88,0.474151638784652
1,13,89,0.47477707601764413
1,13,90,0.47527680605639133
1,13,91,0.47569705804372275
1,13,92,0.4761252988679985
1,13,93,0.4766581693941636
1,13,94,0.47728223833317673
1,13,95,0.47788909914698713
1,13,96,0.47829247887713766
1,13,97,0.4782307468631546
1,13,98,0.4774364678445135
1,13,99,0.47578547506593016
1,13,100,0.47342205928699993
1,13,101,0.47067290020102104
1,13,102,0.4679858539146282
1,13,103,0.4658572403667314
1,13,104,0.46478366694120593
1,13,105,0.4651029298213716
1,13,106,0.46679132075893853
1,13,107,0.46944738125697083
1,13,108,0.47241325339344
1,13,109,0.47501156971271746
1,13,110,0.47670694277069586
1,13,111,0.4771494502356438
1,13,112,0.4762793352633868
1,13,113,0.47436247416072075
1,13,114,0.47186436505798357
1,13,115,0.4692866732218187
1,13,116,0.4669948468595611
1,13,117,0.46515019269912744
1,13,118,0.4637105810597165
1,13,119,0.4624962921618848
1,13,120,0.46124960493298833
1,13,121,0.4597003461348354
1,13,122,0.45771698286702683
1,13,123,0.4554227891337649
1,13,124,0.4531452235459448
1,13,125,0.45127558958792796
1,13,126,0.45025622534195386
1,13,127,0.4504675034107533
1,13,128,0.4520187334763777
1,13,129,0.45467022082297864
1,13,130,0.4578910778132465
1,13,131,0.46103221357475
1,13,132,0.46343640152499965
1,13,133,0.46460171411954454
1,13,134,0.4644043211649681
1,13,135,0.4631075093988639
1,13,136,0.4612409680487602
1,13,137,0.45944190453392464
1,13,138,0.45826014352251987
1,13,139,0.4579767230183536
1,13,140,0.45862744420421936
1,13,141,0.4600608754886417
1,13,142,0.4619202920915481
1,13,143,0.4636854920025278
1,13,144,0.46488668428029883
1,13,145,0.465280260554754
1,13,146,0.4648344584852324
1,13,147,0.46361299291767183
1,13,148,0.4617660698325492
1,13,149,0.45954705753819114
1,13,150,0.4572723523736262
1,13,151,0.45524845126139024
1,13,152,0.45368524936955845
1,13,153,0.45267540145842805
1,13,154,0.4522184961636069
1,13,155,0.45225190284826733
1,13,156,0.4526547628159408
1,13,157,0.4532182503025778
1,13,158,0.453736609847567
1,13,159,0.454069991666522
1,13,160,0.45411960033463483
1,13,161,0.453877188960231
1,13,162,0.4534232592475169
1,13,163,0.452877757858094
1,13,164,0.45237260011998015
1,13,165,0.45197988505972364
1,13,166,0.45164656791556557
1,13,167,0.45125020367669894
1,13,168,0.4506808572843129
1,13,169,0.44993470567750754
1,13,170,0.4491515318002592
1,13,171,0.4485677086103406
1,13,172,0.44846493785209857
1,13,173,0.44908082933498394
1,13,174,0.45049204981034724
1,13,175,0.45257656637885196
1,13,176,0.4550630251775043
1,13,177,0.45756208330431325
1,13,178,0.4596565233579362
1,13,179,0.46093845861195165
1,13,180,0.4610864752968337
1,13,181,0.460015059385171
1,13,182,0.4578500529551967
1,13,183,0.45482810041108235
1,13,184,0.45120801041305125
1,13,185,0.44730653060823145
1,13,186,0.4435288019475769
1,13,187,0.4403053994380133
1,13,188,0.43802336762671285
1,13,189,0.4369111862027334
1,13,190,0.4370000522467502
1,13,191,0.438231076809481
1,13,192,0.4405557046618345
1,13,193,0.44378079087935657
1,13,194,0.4475513974549746
1,13,195,0.45145035865008026
1,13,196,0.45512435947057567
1,13,197,0.45834560562555643
1,13,198,0.4609901063820879
1,13,199,0.46302007732751516
1,13,200,0.46437991879033924
1,13,201,0.4650249492494088
1,13,202,0.464925614076191
1,13,203,0.46407300456137884
1,13,204,0.4624627933539104
1,13,205,0.4601280941546319
1,13,206,0.45718391588505775
1,13,207,0.4537564187474408
1,13,208,0.4500685416988046
1,13,209,0.4463864083451102
1,13,210,0.4430008380171486
1,13,211,0.44017224272381866
1,13,212,0.43807020791528584
1,13,213,0.43687905464211585
1,13,214,0.436798156298969
1,13,215,0.43795582559656787
1,13,216,0.44026890547319364
1,13,217,0.44336049155332585
1,13,218,0.44667955865495756
1,13,219,0.4496739792854577
1,13,220,0.451825934649287
1,13,221,0.4527662559178125
1,13,222,0.4524592873520093
1,13,223,0.45113799670239746
1,13,224,0.44926332678243086
1,13,225,0.44748663340135436
1,13,226,0.4463923214930101
1,13,227,0.4462939951846886
1,13,228,0.44727309340522814
1,13,229,0.4492456080713316
1,13,230,0.45200734064808534
1,13,231,0.4552011527956468
1,13,232,0.4583678166280666
1,13,233,0.4610944241793017
1,13,234,0.46316505881929665
1,13,235,0.46454576518063034
1,13,236,0.46539048255828186
1,13,237,0.4659851688095437
1,13,238,0.46661388211208027
1,13,239,0.4675097441810747
1,13,240,0.4687727588297708
1,13,241,0.4702305001614453
1,13,242,0.47142858362609646
1,13,243,0.471856858170613
1,13,244,0.4711918707268037
1,13,245,0.4693744083014263
1,13,246,0.46654285913564597
1,13,247,0.4630265213981426
1,13,248,0.4593638805272045
1,13,249,0.45613586251026506
1,13,250,0.4537912017687984
1,13,251,0.45255544881495025
1,13,252,0.4524656872602088
1,13,253,0.45348720079089105
1,13,254,0.45556436275227363
1,13,255,0.4586200791785562
1,13,256,0.4624919872379032
1,13,257,0.46688734127451736
1,13,258,0.47142662978212246
1,13,259,0.47569987722647744
1,13,260,0.47931646740523853
1,13,261,0.48201727299432295
1,13,262,0.48370442753093906
1,13,263,0.48447788928479973
1,13,264,0.4845841380046461
1,13,265,0.4842616324867661
1,13,266,0.48372175759952735
1,13,267,0.4831467039636005
1,13,268,0.4826040201372154
1,13,269,0.48204160182558065
1,13,270,0.4814530323116182
1,13,271,0.48099988024947876
1,13,272,0.48091920843889385
1,13,273,0.48136041642006655
1,13,274,0.4824046224167864
1,13,275,0.484028774947748
1,13,276,0.4859303851443154
1,13,277,0.4875942842998593
1,13,278,0.4884861245897962
1,13,279,0.4880980928660388
1,13,280,0.48602420293183407
1,13,281,0.4821710612340902
1,13,282,0.4769013064997852
1,13,283,0.4708844461489073
1,13,284,0.464876036141967
1,13,285,0.4596550151419145
1,13,286,0.4558610468460072
1,13,287,0.4537946627531713
1,13,288,0.453365529459774
1,13,289,0.4542462174680439
1,13,290,0.45596748257785374
1,13,291,0.4579798145401441
1,13,292,0.45987491688712057
1,13,293,0.4615963157813653
1,13,294,0.4633630207117059
1,13,295,0.4654222631833846
1,13,296,0.4679836909502254
1,13,297,0.4712074452202986
1,13,298,0.47506656383963863
1,13,299,0.4793434584464422
1,13,300,0.483712667553452
1,13,301,0.48778708318308045
1,13,302,0.4911913761463463
1,13,303,0.49365015689029357
1,13,304,0.4950974980257847
1,13,305,0.4955542883991951
1,13,306,0.4949951004341736
1,13,307,0.49346854971364507
1,13,308,0.4912039285485645
1,13,309,0.48860114830872914
1,13,310,0.48611729412089116
1,13,311,0.4842080334087739
1,13,312,0.4832468776172907
1,13,313,0.4833822665869789
1,13,314,0.4845467044709072
1,13,315,0.48641529793023786
1,13,316,0.4884275786183219
1,13,317,0.48992993633522625
1,13,318,0.4904297336927602
1,13,319,0.489755351559105
1,13,320,0.48806319050128216
1,13,321,0.48577301727541816
1,13,322,0.48338945634388514
1,13,323,0.48139390272474936
1,13,324,0.48012510589371116
1,13,325,0.47970538994754486
1,13,326,0.48008959868071005
1,13,327,0.48108741429600627
1,13,328,0.48247657282173784
1,13,329,0.4840540867687687
1,13,330,0.4856455193870011
1,13,331,0.4871656170594733
1,13,332,0.4885539729242786
1,13,333,0.48967398110029176
1,13,334,0.49036991644756156
1,13,335,0.49057190707550313
1,13,336,0.4903169807713851
1,13,337,0.48970370012141157
1,13,338,0.48891473909955213
1,13,339,0.4882188629385516
1,13,340,0.48788463618514494
1,13,341,0.4880656252584059
1,13,342,0.4887795341152923
1,13,343,0.48984213668652143
1,13,344,0.49086329643686905
1,13,345,0.49142094729988384
1,13,346,0.4912276459031205
1,13,347,0.49018666981601244
1,13,348,0.4883731802967771
1,13,349,0.48606084169103225
1,13,350,0.48373414374763085
1,13,351,0.481870070837375
1,13,352,0.48075202965672165
1,13,353,0.48036452553440345
1,13,354,0.4803889142370095
1,13,355,0.48038164722357224
1,13,356,0.4799590366094424
1,13,357,0.47894328956117554
1,13,358,0.47742920642749637
1,13,359,0.4756924411291368
1,13,360,0.47408020353697766
1,14,0,0.488138118766477
1,14,1,0.4869196110516756
1,14,2,0.48607724445282446
1,14,3,0.4858159628264415
1,14,4,0.486206706421054
1,14,5,0.48712586040344796
1,14,6,0.48828378531799316
1,14,7,0.4893162963106848
1,14,8,0.4899493036590426
1,14,9,0.4900115110306937
1,14,10,0.48954969406047394
1,14,11,0.48875574384050086
1,14,12,0.4878314926795757
1,14,13,0.4869140661150103
1,14,14,0.48604940014504916
1,14,15,0.4852202178075259
1,14,16,0.4843944232018777
1,14,17,0.48362344947946523
1,14,18,0.48310072630970746
1,14,19,0.4830532392570341
1,14,20,0.48370526575949263
1,14,21,0.4851912995725501
1,14,22,0.4874153410413808
1,14,23,0.4900466633674414
1,14,24,0.4925388852577434
1,14,25,0.4942323235231077
1,14,26,0.49460743060879525
1,14,27,0.4934574231139975
1,14,28,0.49090777363564453
1,14,29,0.4873303059620024
1,14,30,0.48320740966542586
1,14,31,0.4790521617190694
1,14,32,0.4753877103563893
1,14,33,0.4725368621034431
1,14,34,0.47053236637347
1,14,35,0.4692255182023165
1,14,36,0.46835282473616097
1,14,37,0.46762814112788903
1,14,38,0.4668479901607211
1,14,39,0.4658080865360817
1,14,40,0.46431886924989463
1,14,41,0.4622695254300842
1,14,42,0.459665054204252
1,14,43,0.4565864655089197
1,14,44,0.45309951305815416
1,14,45,0.44927073074136537
1,14,46,0.44531463889593104
1,14,47,0.4416126923078026
1,14,48,0.438526994288483
1,14,49,0.43630699018270835
1,14,50,0.43510585769278903
1,14,51,0.43489958677522644
1,14,52,0.4355058399059484
1,14,53,0.43656227271367687
1,14,54,0.4375589821348281
1,14,55,0.4380666585672144
1,14,56,0.4379087928450835
1,14,57,0.4372166573981489
1,14,58,0.4363370868520132
1,14,59,0.43568456430171315
1,14,60,0.43562673704486715
1,14,61,0.4364062713394715
1,14,62,0.4380624506848585
1,14,63,0.4403423887357961
1,14,64,0.4427875549828477
1,14,65,0.44493037556788667
1,14,66,0.446492226794574
1,14,67,0.44749105365342806
1,14,68,0.4481653169464567
1,14,69,0.448873994665154
1,14,70,0.45003659970041215
1,14,71,0.4519876790444503
1,14,72,0.4548007772600888
1,14,73,0.45827112314035856
1,14,74,0.4619865727660292
1,14,75,0.46541522977306976
1,14,76,0.4680703185715357
1,14,77,0.46966294662599334
1,14,78,0.47016397323341985
1,14,79,0.4697758658335791
1,14,80,0.46882047297742435
1,14,81,0.4677036327576849
1,14,82,0.4668440056936919
1,14,83,0.46653177889881425
1,14,84,0.4668232717886779
1,14,85,0.46760728160555365
1,14,86,0.46869496623697937
1,14,87,0.46982398258789043
1,14,88,0.4708040890277497
1,14,89,0.47157961550769983
1,14,90,0.4721906188760028
1,14,91,0.4727457435404198
1,14,92,0.47337618639725737
1,14,93,0.47417223803135317
1,14,94,0.47510883042005686
1,14,95,0.4760845195520799
1,14,96,0.4768897368301768
1,14,97,0.477230161246531
1,14,98,0.47683683656620485
1,14,99,0.4755737052710363
1,14,100,0.473528109379168
1,14,101,0.47093341363399127
1,14,102,0.46812613213712473
1,14,103,0.46552539683702887
1,14,104,0.463604798525589
1,14,105,0.4627914183535707
1,14,106,0.46329461845701864
1,14,107,0.46503134083790326
1,14,108,0.467620254897229
1,14,109,0.47053097567708235
1,14,110,0.4732169720423533
1,14,111,0.4751314230038916
1,14,112,0.4758710924839447
1,14,113,0.4753263642270295
1,14,114,0.47371641022872596
1,14,115,0.471542376605221
1,14,116,0.46937318930265953
1,14,117,0.4676364128072612
1,14,118,0.46650897956817544
1,14,119,0.46593548221356273
1,14,120,0.46562319065070223
1,14,121,0.46510764313140934
1,14,122,0.46397866673159904
1,14,123,0.4620679023129165
1,14,124,0.4595344503262367
1,14,125,0.45680649548208163
1,14,126,0.4545249671746696
1,14,127,0.4533241608038556
1,14,128,0.45354979873392326
1,14,129,0.45517516678507103
1,14,130,0.45782875409009766
1,14,131,0.46090187816792094
1,14,132,0.4636524587665665
1,14,133,0.46546703745305296
1,14,134,0.46613562646245554
1,14,135,0.4658300902743101
1,14,136,0.4649888340450839
1,14,137,0.4641972755007229
1,14,138,0.4639977736059947
1,14,139,0.46469859195639057
1,14,140,0.46636096635033525
1,14,141,0.46881432322824135
1,14,142,0.47165156995744695
1,14,143,0.47430163619480337
1,14,144,0.4762188732562533
1,14,145,0.47705519221581305
1,14,146,0.47665003877657064
1,14,147,0.4749578468541205
1,14,148,0.47214154790542184
1,14,149,0.46860217205232996
1,14,150,0.46487098656410764
1,14,151,0.46153194948068255
1,14,152,0.4590682581903391
1,14,153,0.45774911472799723
1,14,154,0.4576393137171707
1,14,155,0.4586194832836546
1,14,156,0.460360030489811
1,14,157,0.46235358052090425
1,14,158,0.464083997902871
1,14,159,0.46518326676179667
1,14,160,0.46546692796202105
1,14,161,0.4649662653729186
1,14,162,0.46392348105245845
1,14,163,0.46272862528720476
1,14,164,0.4618061146663888
1,14,165,0.4614568885761126
1,14,166,0.4617575100979108
1,14,167,0.4625694214859557
1,14,168,0.46361333394915427
1,14,169,0.4646331129843226
1,14,170,0.4654842315368766
1,14,171,0.4661682137341705
1,14,172,0.4668260495910931
1,14,173,0.4676618032959065
1,14,174,0.4688533590557637
1,14,175,0.47044873884634686
1,14,176,0.47229322664640594
1,14,177,0.47404443003837593
1,14,178,0.47531258689490813
1,14,179,0.4757102270358724
1,14,180,0.4749296050849439
1,14,181,0.47289628751937257
1,14,182,0.4697692504155937
1,14,183,0.4658628134525126
1,14,184,0.4615334822484372
1,14,185,0.45715170933999316
1,14,186,0.4530840537714028
1,14,187,0.44962733179436876
1,14,188,0.4469903712543993
1,14,189,0.4452677301617501
1,14,190,0.4444573390797262
1,14,191,0.44452114444188195
1,14,192,0.44547641671673754
1,14,193,0.4472813348978501
1,14,194,0.4497974468429784
1,14,195,0.4528217922496122
1,14,196,0.4561237067914846
1,14,197,0.4594384988379031
1,14,198,0.46252203753516147
1,14,199,0.4652008033503368
1,14,200,0.4672948525034141
1,14,201,0.46867597796031985
1,14,202,0.46928154507929937
1,14,203,0.46908397881606806
1,14,204,0.4681240582661803
1,14,205,0.4664799415991844
1,14,206,0.46421308831583563
1,14,207,0.4613398158136354
1,14,208,0.4579437167296009
1,14,209,0.45415765009570597
1,14,210,0.45022377038654326
1,14,211,0.4464611870817571
1,14,212,0.44320504485523804
1,14,213,0.44083517432295755
1,14,214,0.43968194907308716
1,14,215,0.43992934354660174
1,14,216,0.4414864798169285
1,14,217,0.44389278122253506
1,14,218,0.44650401008821256
1,14,219,0.44871702219144993
1,14,220,0.45000038617780763
1,14,221,0.45005989916093325
1,14,222,0.4490297250099649
1,14,223,0.44733222015518964
1,14,224,0.44553725789795934
1,14,225,0.4442752079418973
1,14,226,0.44401972924594585
1,14,227,0.4449281883816075
1,14,228,0.44688149363492563
1,14,229,0.4495865591042557
1,14,230,0.4526493290515801
1,14,231,0.4556086980432167
1,14,232,0.4580711908063061
1,14,233,0.4598402354183917
1,14,234,0.46089429203522786
1,14,235,0.46133340354068875
1,14,236,0.4614018434244909
1,14,237,0.4614226575632425
1,14,238,0.46165193743664684
1,14,239,0.4622753519602723
1,14,240,0.4633541877562043
1,14,241,0.4647248334870692
1,14,242,0.4659804521435804
1,14,243,0.4666719605941735
1,14,244,0.4664807474597938
1,14,245,0.46525473735053174
1,14,246,0.46302726330049215
1,14,247,0.4600751929007977
1,14,248,0.4569238307232656
1,14,249,0.45419915663918053
1,14,250,0.4524976900163058
1,14,251,0.45221466923739834
1,14,252,0.4534328799006762
1,14,253,0.4560381939355201
1,14,254,0.45976381331046334
1,14,255,0.46424083600573607
1,14,256,0.4690147662345755
1,14,257,0.4735945000901205
1,14,258,0.4775638483869441
1,14,259,0.48063941583759284
1,14,260,0.4827112989732289
1,14,261,0.4838691036438142
1,14,262,0.4843332166855869
1,14,263,0.48440118987334757
1,14,264,0.4844170231758795
1,14,265,0.4846433246556574
1,14,266,0.48517426633764077
1,14,267,0.4859831685992916
1,14,268,0.48694003830901217
1,14,269,0.4877907900616626
1,14,270,0.4883036357444559
1,14,271,0.48844295593828585
1,14,272,0.4883017399626858
1,14,273,0.4879698645197323
1,14,274,0.4875755205806044
1,14,275,0.4872798017824069
1,14,276,0.4871253053746272
1,14,277,0.48697632742667896
1,14,278,0.4866192539242464
1,14,279,0.48579739189959775
1,14,280,0.48425866262851924
1,14,281,0.4818791117426365
1,14,282,0.4787657687667881
1,14,283,0.47518313140045737
1,14,284,0.47149101733055937
1,14,285,0.46818352797965934
1,14,286,0.4657803635826552
1,14,287,0.46459678026119855
1,14,288,0.4646734082745032
1,14,289,0.4658781837092302
1,14,290,0.46794632490671306
1,14,291,0.4704735323101564
1,14,292,0.4730486088380624
1,14,293,0.47542145127974256
1,14,294,0.4775423739333469
1,14,295,0.4794953543264477
1,14,296,0.4814668701899754
1,14,297,0.4836686251385812
1,14,298,0.4862091256841069
1,14,299,0.4890482458503864
1,14,300,0.4920351297824924
1,14,301,0.4949294726800936
1,14,302,0.49740457955122236
1,14,303,0.4991347743081738
1,14,304,0.4999193181192042
1,14,305,0.49968317098493764
1,14,306,0.4984212005307825
1,14,307,0.4962588394411385
1,14,308,0.4934419529415718
1,14,309,0.49030720294505037
1,14,310,0.4872573842686233
1,14,311,0.48467802181273856
1,14,312,0.48286118967513525
1,14,313,0.48198418455066805
1,14,314,0.4820639491579148
1,14,315,0.48292250410867826
1,14,316,0.48421500853056576
1,14,317,0.48552419537745317
1,14,318,0.4864880284900536
1,14,319,0.48687258261974703
1,14,320,0.4866215320646086
1,14,321,0.4859126361023475
1,14,322,0.48504248997043586
1,14,323,0.4843436669738811
1,14,324,0.4841410729935568
1,14,325,0.48462167950883406
1,14,326,0.4857779323125406
1,14,327,0.48747162671742195
1,14,328,0.48950607277566516
1,14,329,0.4916332930050908
1,14,330,0.49358557142281434
1,14,331,0.4952137460289398
1,14,332,0.49647623019899656
1,14,333,0.49730810059889097
1,14,334,0.49764212931130986
1,14,335,0.49748456955349846
1,14,336,0.49691003594230854
1,14,337,0.4960195712564224
1,14,338,0.4949976101966035
1,14,339,0.4940793716706325
1,14,340,0.49346808136889625
1,14,341,0.49331164810814376
1,14,342,0.4936721125016304
1,14,343,0.49440469225043576
1,14,344,0.4951679995925013
1,14,345,0.49562575621672195
1,14,346,0.49558068439150854
1,14,347,0.4949837833604185
1,14,348,0.493917717769241
1,14,349,0.4926044688374592
1,14,350,0.49140375921507806
1,14,351,0.49061720444737406
1,14,352,0.49037048431202535
1,14,353,0.4905431658692048
1,14,354,0.49073839564634864
1,14,355,0.4905168398646837
1,14,356,0.4896134465609359
1,14,357,0.48797257014330014
1,14,358,0.4857462867486972
1,14,359,0.4832432099274792
1,14,360,0.4808676637229565
1,15,0,0.49514152540773626
1,15,1,0.49352097400502765
1,15,2,0.4921651838123572
1,15,3,0.4913400278696073
1,15,4,0.49123015477554816
1,15,5,0.49179215582390284
1,15,6,0.49271268310142924
1,15,7,0.493564246640716
1,15,8,0.4940275618806524
1,15,9,0.49388759414701305
1,15,10,0.4931344748129177
1,15,11,0.49197217384272707
1,15,12,0.4907204938693768
1,15,13,0.48972703195073936
1,15,14,0.4892419848353886
1,15,15,0.4893062827901374
1,15,16,0.4897918373913752
1,15,17,0.490535067711515
1,15,18,0.49150402213611055
1,15,19,0.49272969373668296
1,15,20,0.49429443127539885
1,15,21,0.4963085064885679
1,15,22,0.49875812587942564
1,15,23,0.5014232828128763
1,15,24,0.5038518869043247
1,15,25,0.5054138834380241
1,15,26,0.5055367474518573
1,15,27,0.5039847435661537
1,15,28,0.5009245760940698
1,15,29,0.49678116254368476
1,15,30,0.492142019557819
1,15,31,0.48772077459680635
1,15,32,0.4842293324313477
1,15,33,0.4819927079183846
1,15,34,0.48086808319653457
1,15,35,0.48048904749747984
1,15,36,0.4803723488703709
1,15,37,0.4800815427867126
1,15,38,0.4794241993691604
1,15,39,0.47826866454880657
1,15,40,0.4764920557819706
1,15,41,0.4740437157822167
1,15,42,0.4709673069836786
1,15,43,0.46735383558800064
1,15,44,0.46320870334194886
1,15,45,0.4585237762967873
1,15,46,0.45352066564011806
1,15,47,0.44866035752092576
1,15,48,0.4444002556709065
1,15,49,0.4410833696025179
1,15,50,0.43886655101346295
1,15,51,0.4376173414517862
1,15,52,0.4370568508225607
1,15,53,0.4367650503976684
1,15,54,0.43622420844834214
1,15,55,0.4350760963687832
1,15,56,0.43329053216245955
1,15,57,0.4312042826491284
1,15,58,0.4293728787591259
1,15,59,0.4283395085385366
1,15,60,0.42850617202861857
1,15,61,0.4300992914204626
1,15,62,0.433073018051164
1,15,63,0.43701324006112713
1,15,64,0.44126742785677414
1,15,65,0.44515362848809914
1,15,66,0.44816671939254155
1,15,67,0.45012115508107764
1,15,68,0.45114244181011826
1,15,69,0.4515893325188644
1,15,70,0.4519676057053321
1,15,71,0.4528000078757751
1,15,72,0.4544127533398576
1,15,73,0.45685901860303774
1,15,74,0.4599431211611102
1,15,75,0.46326306061252803
1,15,76,0.4663104808857413
1,15,77,0.4686392360858434
1,15,78,0.470006136943483
1,15,79,0.4704164690933235
1,15,80,0.4700642106684139
1,15,81,0.46923756001828
1,15,82,0.4682798060837999
1,15,83,0.46752986931068224
1,15,84,0.46718445296279676
1,15,85,0.46730600653386195
1,15,86,0.4678849616784362
1,15,87,0.4687880568105243
1,15,88,0.46986712448328466
1,15,89,0.47108871053960993
1,15,90,0.47245639242542153
1,15,91,0.4739532407087989
1,15,92,0.47552701149618637
1,15,93,0.47706740180789386
1,15,94,0.47840535838532927
1,15,95,0.47934650310233506
1,15,96,0.4796615379692558
1,15,97,0.4791539688078021
1,15,98,0.4777853959640484
1,15,99,0.4756844858966068
1,15,100,0.47315903397180026
1,15,101,0.47059922265743925
1,15,102,0.4683089299255183
1,15,103,0.4665044638303329
1,15,104,0.46540573859469875
1,15,105,0.4652214270405152
1,15,106,0.46603167493585507
1,15,107,0.46773766844380754
1,15,108,0.4700688683071945
1,15,109,0.47267124292610696
1,15,110,0.4751863969520114
1,15,111,0.4771749942902045
1,15,112,0.4782040977687998
1,15,113,0.47801633754545786
1,15,114,0.4766216249106622
1,15,115,0.4744012145642226
1,15,116,0.47190883045852855
1,15,117,0.4695711843784399
1,15,118,0.46762565126005057
1,15,119,0.46620268813493315
1,15,120,0.4652669073938351
1,15,121,0.46454745471857584
1,15,122,0.46373843391404146
1,15,123,0.46267953191326583
1,15,124,0.46143255072058126
1,15,125,0.4602562650400507
1,15,126,0.4595106299366508
1,15,127,0.45950286008894203
1,15,128,0.4603429842097752
1,15,129,0.4619865181077155
1,15,130,0.46422826350308055
1,15,131,0.4666784658101113
1,15,132,0.46883727789854446
1,15,133,0.47031934779563905
1,15,134,0.4710749555172628
1,15,135,0.4712855256721538
1,15,136,0.4712461958001076
1,15,137,0.47129420617837225
1,15,138,0.4716714449461073
1,15,139,0.4724882897455584
1,15,140,0.4737313183851699
1,15,141,0.47524186889809944
1,15,142,0.4767252062306766
1,15,143,0.4778689881615402
1,15,144,0.4784713694011969
1,15,145,0.4784523885472107
1,15,146,0.47778053460827674
1,15,147,0.4764145839553778
1,15,148,0.47442207217731774
1,15,149,0.4720292074608827
1,15,150,0.4695550774041241
1,15,151,0.4673712432360961
1,15,152,0.46580506710336184
1,15,153,0.46508017064906904
1,15,154,0.46531754506407963
1,15,155,0.46651169128498265
1,15,156,0.46846111638691496
1,15,157,0.4707776384566385
1,15,158,0.47304963428289826
1,15,159,0.47497606993337826
1,15,160,0.4763536761178792
1,15,161,0.47709364596106285
1,15,162,0.4772574127689845
1,15,163,0.4770663908706225
1,15,164,0.47682943042051174
1,15,165,0.47680098318252895
1,15,166,0.47710760301240807
1,15,167,0.47771593618628105
1,15,168,0.47844858745407576
1,15,169,0.47911413770349653
1,15,170,0.47959040000456316
1,15,171,0.4798813630771226
1,15,172,0.48012347043169695
1,15,173,0.4805344581508787
1,15,174,0.48132056744972734
1,15,175,0.48256551287382543
1,15,176,0.48413556612134706
1,15,177,0.4857151324436046
1,15,178,0.4869095921061929
1,15,179,0.48728348263815024
1,15,180,0.48652310255560716
1,15,181,0.4846050708316606
1,15,182,0.48174155797494406
1,15,183,0.47828667429166
1,15,184,0.4746169987315449
1,15,185,0.47105382267220075
1,15,186,0.4678281749522828
1,15,187,0.4650413637001001
1,15,188,0.4626893089653926
1,15,189,0.46072803517686467
1,15,190,0.459092892109387
1,15,191,0.4577765512684905
1,15,192,0.4569675771517236
1,15,193,0.4568413192045954
1,15,194,0.45746472288784534
1,15,195,0.45884870733014355
1,15,196,0.46090343922714977
1,15,197,0.463361672590565
1,15,198,0.4658972140226265
1,15,199,0.46821187174165424
1,15,200,0.4700240992289551
1,15,201,0.47114663550573077
1,15,202,0.47152196743657665
1,15,203,0.4712727384740738
1,15,204,0.47066007254347936
1,15,205,0.46979745776763093
1,15,206,0.4686297102603369
1,15,207,0.4670219854356049
1,15,208,0.4648287975254576
1,15,209,0.4618699164174019
1,15,210,0.458105089233458
1,15,211,0.4536792192442866
1,15,212,0.44898828506239524
1,15,213,0.44470469455055694
1,15,214,0.441551704397724
1,15,215,0.4400468129943062
1,15,216,0.4402856854084381
1,15,217,0.441915593612704
1,15,218,0.44438537469800815
1,15,219,0.44707043036411304
1,15,220,0.4492424802515862
1,15,221,0.4503435402930528
1,15,222,0.4502854858454696
1,15,223,0.44934456815842855
1,15,224,0.4480511850591284
1,15,225,0.44704080522871914
1,15,226,0.4468093810900656
1,15,227,0.44758789495640816
1,15,228,0.4494074514586086
1,15,229,0.45211298854574516
1,15,230,0.45528684434554195
1,15,231,0.4583025123143839
1,15,232,0.46058061258240157
1,15,233,0.46185254226236233
1,15,234,0.4620857162047843
1,15,235,0.4614427361886044
1,15,236,0.46029192299359056
1,15,237,0.45911273981664164
1,15,238,0.458363121785676
1,15,239,0.45843546383504324
1,15,240,0.45948636715035523
1,15,241,0.46130522048033756
1,15,242,0.46343981216643904
1,15,243,0.4654147510399498
1,15,244,0.4668470674825162
1,15,245,0.46746263565274115
1,15,246,0.4671401082175566
1,15,247,0.46606592908270944
1,15,248,0.4646824444833204
1,15,249,0.4635194995332316
1,15,250,0.4630663835317579
1,15,251,0.463633435469836
1,15,252,0.465237931887568
1,15,253,0.4677405023671328
1,15,254,0.47088668283794505
1,15,255,0.4743032809757255
1,15,256,0.477628559310518
1,15,257,0.48057341403429865
1,15,258,0.48295137540135064
1,15,259,0.48470571841874194
1,15,260,0.48587261517092367
1,15,261,0.48658132643555785
1,15,262,0.48700395318218737
1,15,263,0.4873396667744099
1,15,264,0.4877755555498196
1,15,265,0.4884544024511158
1,15,266,0.4894099658070746
1,15,267,0.4905894995024022
1,15,268,0.49192527032713707
1,15,269,0.49323372528962517
1,15,270,0.4942761101786169
1,15,271,0.49489453395728195
1,15,272,0.49499313248541876
1,15,273,0.4944786146016635
1,15,274,0.49325844179241507
1,15,275,0.4913554102043833
1,15,276,0.4889158167375134
1,15,277,0.4861260407468887
1,15,278,0.48321262120344594
1,15,279,0.480417134364117
1,15,280,0.47797556708105726
1,15,281,0.4761090454542966
1,15,282,0.47497642316619604
1,15,283,0.4745356064546942
1,15,284,0.4746241452027364
1,15,285,0.4751277801636773
1,15,286,0.4760791487450936
1,15,287,0.4775887373434219
1,15,288,0.4797163078874923
1,15,289,0.48246714592381035
1,15,290,0.4858111552482206
1,15,291,0.4896096088707883
1,15,292,0.4935992655609863
1,15,293,0.49741351203322637
1,15,294,0.5006370586708052
1,15,295,0.5029635351355201
1,15,296,0.504358153300449
1,15,297,0.5049723870160845
1,15,298,0.5050307041385094
1,15,299,0.5047326924154656
1,15,300,0.504227834162581
1,15,301,0.5036266531098299
1,15,302,0.5029459114181253
1,15,303,0.5021226731674139
1,15,304,0.5010655352391126
1,15,305,0.49970275133344144
1,15,306,0.4979981199933197
1,15,307,0.49598679233115395
1,15,308,0.49369821498788974
1,15,309,0.49113420758808973
1,15,310,0.4883929425496728
1,15,311,0.48564357343991693
1,15,312,0.48311239965618824
1,15,313,0.4811163433849928
1,15,314,0.47988041822446403
1,15,315,0.4794418591768294
1,15,316,0.4796794007610045
1,15,317,0.4803613721081016
1,15,318,0.4811770109582538
1,15,319,0.4817675114634272
1,15,320,0.4818563507572113
1,15,321,0.4814974551842633
1,15,322,0.48103357745026215
1,15,323,0.4808741568516553
1,15,324,0.48141006603628256
1,15,325,0.4828760606632734
1,15,326,0.4852554366057497
1,15,327,0.4883564774517037
1,15,328,0.49186262682968157
1,15,329,0.49533932883798365
1,15,330,0.49830745711371244
1,15,331,0.5004390422590727
1,15,332,0.5015759624444827
1,15,333,0.5015881455396122
1,15,334,0.5004397074357808
1,15,335,0.49833404284447785
1,15,336,0.4956501061054987
1,15,337,0.4928188856158754
1,15,338,0.4903676240606866
1,15,339,0.48881893185151726
1,15,340,0.48851042011027135
1,15,341,0.48953594933483036
1,15,342,0.49171623781224166
1,15,343,0.4945990462508429
1,15,344,0.49758747351689225
1,15,345,0.5001972587003375
1,15,346,0.5021851083135456
1,15,347,0.5034562531346666
1,15,348,0.5040146919518197
1,15,349,0.504023792908465
1,15,350,0.5037642693594999
1,15,351,0.5034085846286268
1,15,352,0.5030014652181236
1,15,353,0.5024821166104203
1,15,354,0.5016302369546211
1,15,355,0.50021875914498
1,15,356,0.49816048301170607
1,15,357,0.49546914160508954
1,15,358,0.4922248647788657
1,15,359,0.4885696253799023
1,15,360,0.4847590227937612
2,1,0,0.5137596020130794
2,1,1,0.5144875309508683
2,1,2,0.5155579518398029
2,1,3,0.5164750566836088
2,1,4,0.5168050054585959
2,1,5,0.5162471699065803
2,1,6,0.514709839219592
2,1,7,0.5123405549301742
2,1,8,0.5094209070483958
2,1,9,0.5063493390252812
2,1,10,0.5035280422211861
2,1,11,0.5012136124697177
2,1,12,0.499557859394509
2,1,13,0.49861938874781725
2,1,14,0.4983201138657127
2,1,15,0.4984679531402395
2,1,16,0.4987497722079021
2,1,17,0.49888511316358214
2,1,18,0.49874459639446045
2,1,19,0.4982411382394145
2,1,20,0.4973627433153906
2,1,21,0.4961978966947441
2,1,22,0.49495039006901553
2,1,23,0.49390757944044966
2,1,24,0.49331510063825496
2,1,25,0.4932564786631217
2,1,26,0.49370122268676636
2,1,27,0.49461396660116363
2,1,28,0.4960129381558333
2,1,29,0.49792241784341035
2,1,30,0.5003191218062241
2,1,31,0.5032339912011413
2,1,32,0.5067886649785498
2,1,33,0.5110799566686165
2,1,34,0.5160401913404827
2,1,35,0.5214710715372837
2,1,36,0.5271024360535632
2,1,37,0.5326738879497387
2,1,38,0.5379762699000438
2,1,39,0.5428927822281531
2,1,40,0.5475029059355914
2,1,41,0.5520880531416995
2,1,42,0.5570940336194017
2,1,43,0.5628658975843822
2,1,44,0.569378929074869
2,1,45,0.5763931074284602
2,1,46,0.5833443086975083
2,1,47,0.5895312942497712
2,1,48,0.5942910430026417
2,1,49,0.5972474947757938
2,1,50,0.5984093474255756
2,1,51,0.5981687179589402
2,1,52,0.5972118848245849
2,1,53,0.5962293427567392
2,1,54,0.5956322592424497
2,1,55,0.5954449654330786
2,1,56,0.5954382043410502
2,1,57,0.5952076704110129
2,1,58,0.5942077421960552
2,1,59,0.5921751541700919
2,1,60,0.5891802832172592
2,1,61,0.5854691918136122
2,1,62,0.5813374548085987
2,1,63,0.5771824469277896
2,1,64,0.573286262209436
2,1,65,0.569695583628417
2,1,66,0.5663470734761303
2,1,67,0.5631344569461397
2,1,68,0.5600043658618084
2,1,69,0.5570564589366024
2,1,70,0.5545357043867837
2,1,71,0.5526882585641938
2,1,72,0.5516195187224662
2,1,73,0.5512468314597346
2,1,74,0.5513508773057563
2,1,75,0.551576262571263
2,1,76,0.5514849173809018
2,1,77,0.5508977661289793
2,1,78,0.5499321980218703
2,1,79,0.5489269889552192
2,1,80,0.5483683078589302
2,1,81,0.54868521351646
2,1,82,0.5501190582923772
2,1,83,0.5526618823246288
2,1,84,0.5560414059628401
2,1,85,0.5597339258160884
2,1,86,0.5631168181428738
2,1,87,0.5656995538197023
2,1,88,0.5671707776687113
2,1,89,0.5673593265003464
2,1,90,0.5661555229213063
2,1,91,0.5636341661900051
2,1,92,0.5600743000792602
2,1,93,0.555897585906659
2,1,94,0.5515860307098495
2,1,95,0.5475776621983697
2,1,96,0.5442327030979278
2,1,97,0.5417361038266474
2,1,98,0.5400802553839805
2,1,99,0.5390565615515439
2,1,100,0.5382547585208342
2,1,101,0.5373172004908788
2,1,102,0.5360412014010348
2,1,103,0.5343755786242308
2,1,104,0.5323282955582448
2,1,105,0.5299920067372578
2,1,106,0.5275674475199125
2,1,107,0.5253102072953101
2,1,108,0.5234832125221901
2,1,109,0.5222840173135198
2,1,110,0.5217947692943078
2,1,111,0.5219895585567628
2,1,112,0.522750212805178
2,1,113,0.5237953265146283
2,1,114,0.5246233494998597
2,1,115,0.5246916727112266
2,1,116,0.5236427997226324
2,1,117,0.5214170004385612
2,1,118,0.5182806215683031
2,1,119,0.5148786090344916
2,1,120,0.5120476819122631
2,1,121,0.5105188468987488
2,1,122,0.5108344095040682
2,1,123,0.5132455390639321
2,1,124,0.5175490436836117
2,1,125,0.5231202973973903
2,1,126,0.5290660127115223
2,1,127,0.5344762656723903
2,1,128,0.538643194147213
2,1,129,0.5411875338506323
2,1,130,0.5420615596917518
2,1,131,0.5414936660938806
2,1,132,0.5399036712521916
2,1,133,0.5379028461393337
2,1,134,0.5361727055510781
2,1,135,0.5352255509862905
2,1,136,0.5353141760359645
2,1,137,0.5364727689140194
2,1,138,0.5384416886714452
2,1,139,0.5407427560461154
2,1,140,0.5428597360787408
2,1,141,0.5443750882559579
2,1,142,0.5450737249826602
2,1,143,0.5450078221875998
2,1,144,0.5444484859351922
2,1,145,0.5437372539307797
2,1,146,0.5431305764735461
2,1,147,0.5427709593518211
2,1,148,0.5426631152591945
2,1,149,0.5427018556329373
2,1,150,0.5427731698817457
2,1,151,0.5429124227462468
2,1,152,0.5433558609773144
2,1,153,0.5443526855980124
2,1,154,0.5460767846737655
2,1,155,0.5485177523869506
2,1,156,0.5513783997257203
2,1,157,0.5541752847134469
2,1,158,0.5564380914576219
2,1,159,0.5577897094906668
2,1,160,0.5579797125355496
2,1,161,0.5569802279553541
2,1,162,0.5549725205608862
2,1,163,0.55219616595873
2,1,164,0.5488592089699469
2,1,165,0.5451405156663679
2,1,166,0.5412532248969188
2,1,167,0.5374437468065174
2,1,168,0.534028230031439
2,1,169,0.5313855405210862
2,1,170,0.5297905475966528
2,1,171,0.5292698006225055
2,1,172,0.5296310823421404
2,1,173,0.5304111568516666
2,1,174,0.5308994186574587
2,1,175,0.5303964447069396
2,1,176,0.528527097409041
2,1,177,0.5253602196916236
2,1,178,0.5213791472129623
2,1,179,0.5173307724734022
2,1,180,0.514026014873518
2,1,181,0.5121104266492256
2,1,182,0.511898593622967
2,1,183,0.5133015575828557
2,1,184,0.5158637192416416
2,1,185,0.5189421476602645
2,1,186,0.5219670855938462
2,1,187,0.524541931339762
2,1,188,0.5264474733940356
2,1,189,0.527696270732939
2,1,190,0.5284743817191296
2,1,191,0.5289645009851448
2,1,192,0.5293108530275726
2,1,193,0.5296101433774085
2,1,194,0.529907971692439
2,1,195,0.5302390442016984
2,1,196,0.5306557072018511
2,1,197,0.5311584379135236
2,1,198,0.5316205641228968
2,1,199,0.5318815638928255
2,1,200,0.5318882233518032
2,1,201,0.5316501216854135
2,1,202,0.5310781824142411
2,1,203,0.5300276902182107
2,1,204,0.5284645438490428
2,1,205,0.5264301589355561
2,1,206,0.5239768198646314
2,1,207,0.5212579809527097
2,1,208,0.5185330638454777
2,1,209,0.5161483763502939
2,1,210,0.5145439826101985
2,1,211,0.5142021216405082
2,1,212,0.5154867835368871
2,1,213,0.518464150829668
2,1,214,0.5228715061452196
2,1,215,0.5281804551160182
2,1,216,0.5337780167379433
2,1,217,0.5390125436539281
2,1,218,0.5432652008059279
2,1,219,0.546086294544125
2,1,220,0.5472585672492762
2,1,221,0.5468340736623938
2,1,222,0.5451314876855963
2,1,223,0.5425870293374198
2,1,224,0.5396222096084242
2,1,225,0.5366554043963644
2,1,226,0.5341342794139562
2,1,227,0.5324975134669792
2,1,228,0.5320544741764202
2,1,229,0.532881975311686
2,1,230,0.5349532599081862
2,1,231,0.5381098356502081
2,1,232,0.5419375846288572
2,1,233,0.5458946486860873
2,1,234,0.5493896266296987
2,1,235,0.551826328544515
2,1,236,0.5527357238668811
2,1,237,0.5518428215739595
2,1,238,0.5491562481566687
2,1,239,0.5450051970954868
2,1,240,0.5399369161791421
2,1,241,0.5345581039474109
2,1,242,0.529395374429989
2,1,243,0.5249180606075224
2,1,244,0.5215100133604014
2,1,245,0.519330221778775
2,1,246,0.5182418097850994
2,1,247,0.5180222065124342
2,1,248,0.5183741019734289
2,1,249,0.5189028736338283
2,1,250,0.5192756131416442
2,1,251,0.5193055313076727
2,1,252,0.5189435612673803
2,1,253,0.5182624833618031
2,1,254,0.5174449303507128
2,1,255,0.5166908861402661
2,1,256,0.516039903548309
2,1,257,0.5154147290474298
2,1,258,0.5147484694822139
2,1,259,0.514055521106977
2,1,260,0.5133713458888961
2,1,261,0.5127916674645512
2,1,262,0.5125840196797162
2,1,263,0.5130226335804318
2,1,264,0.5142242458065732
2,1,265,0.5161483642275225
2,1,266,0.5185733336259635
2,1,267,0.521016027283011
2,1,268,0.5229076187887289
2,1,269,0.5238338252090678
2,1,270,0.5235434460445931
2,1,271,0.5218991697992476
2,1,272,0.5188910249819897
2,1,273,0.5147502507745607
2,1,274,0.5099541426052902
2,1,275,0.5050143450150554
2,1,276,0.5003638115936269
2,1,277,0.49629880097459117
2,1,278,0.4929555866712138
2,1,279,0.49038359383330354
2,1,280,0.4886632382129221
2,1,281,0.4878196784142858
2,1,282,0.48780208982125184
2,1,283,0.488593433553663
2,1,284,0.49019466420581553
2,1,285,0.4924851570032424
2,1,286,0.49519988833637146
2,1,287,0.4979281221449215
2,1,288,0.5001965488991422
2,1,289,0.5016678854710357
2,1,290,0.5021900274623916
2,1,291,0.5016727822061543
2,1,292,0.500055288231612
2,1,293,0.4973931826084828
2,1,294,0.4939513568020873
2,1,295,0.49016661804518935
2,1,296,0.4865316951670852
2,1,297,0.483503116085041
2,1,298,0.48146162635221107
2,1,299,0.4806057565842172
2,1,300,0.48091876869479827
2,1,301,0.4821450702813619
2,1,302,0.4838379279647941
2,1,303,0.4855648570234672
2,1,304,0.48709207854352676
2,1,305,0.4884399525297058
2,1,306,0.48982087789279355
2,1,307,0.4914896578378907
2,1,308,0.49360821451884923
2,1,309,0.49614678793930106
2,1,310,0.49882386263560735
2,1,311,0.5011861005229992
2,1,312,0.5028057070166094
2,1,313,0.5034314382760366
2,1,314,0.5030792470208302
2,1,315,0.502020067898767
2,1,316,0.5007016595258026
2,1,317,0.49965941018344356
2,1,318,0.4993872592753903
2,1,319,0.5001881407465064
2,1,320,0.5020737048485148
2,1,321,0.5047297905416914
2,1,322,0.5076125115056463
2,1,323,0.5101261520247379
2,1,324,0.5117556696493948
2,1,325,0.5121227099958251
2,1,326,0.5110392315951172
2,1,327,0.5085813578733186
2,1,328,0.505082965236317
2,1,329,0.5010566577679899
2,1,330,0.497084543176996
2,1,331,0.4936623590429845
2,1,332,0.4910956374601754
2,1,333,0.48948250884313643
2,1,334,0.4888088443589085
2,1,335,0.48897408000685255
2,1,336,0.4897676306264264
2,1,337,0.4909581720859372
2,1,338,0.49236531062109706
2,1,339,0.493852324470428
2,1,340,0.4953152740560696
2,1,341,0.49665607867841904
2,1,342,0.4977496634605144
2,1,343,0.4984971648140406
2,1,344,0.498826295301463
2,1,345,0.4986657721116276
2,1,346,0.4979792131658806
2,1,347,0.4967161689306149
2,1,348,0.49490896022982545
2,1,349,0.49280744658127656
2,1,350,0.49071435699759136
2,1,351,0.48886677199323647
2,1,352,0.4874516772105057
2,1,353,0.4866132479216423
2,1,354,0.4864836063806748
2,1,355,0.48712791712664044
2,1,356,0.4884252422691862
2,1,357,0.4901271682839118
2,1,358,0.49198693176434966
2,1,359,0.4938032392998921
2,1,360,0.49543943981923405
2,2,0,0.5194401242118393
2,2,1,0.5193015049957451
2,2,2,0.5190180514927283
2,2,3,0.5182352047997594
2,2,4,0.5167578795884684
2,2,5,0.5146023061136654
2,2,6,0.5119211305899247
2,2,7,0.5089846213833101
2,2,8,0.5061888199553906
2,2,9,0.5039697896105462
2,2,10,0.5026290628811526
2,2,11,0.5021733066011024
2,2,12,0.5023860492357541
2,2,13,0.502989552648509
2,2,14,0.5036803390827145
2,2,15,0.5041854986880019
2,2,16,0.5042522254183923
2,2,17,0.5037485151989065
2,2,18,0.5028206294667209
2,2,19,0.5017966152535611
2,2,20,0.5010221741160021
2,2,21,0.5006789917902649
2,2,22,0.5008869536211309
2,2,23,0.5017454069938551
2,2,24,0.5032746988289477
2,2,25,0.5053313833552187
2,2,26,0.5076378176247349
2,2,27,0.5099679149430241
2,2,28,0.5121981948320858
2,2,29,0.5142438248546357
2,2,30,0.5160416952799688
2,2,31,0.5175394556964165
2,2,32,0.5187228513434315
2,2,33,0.5195863792934948
2,2,34,0.5200463039058121
2,2,35,0.5198726016087196
2,2,36,0.5188415673977846
2,2,37,0.5169053575093703
2,2,38,0.5141918242642322
2,2,39,0.5109506274665433
2,2,40,0.5075707928703819
2,2,41,0.5045892776339221
2,2,42,0.5025317994023848
2,2,43,0.5016670927725146
2,2,44,0.5019206100170766
2,2,45,0.5030098265803211
2,2,46,0.5044572167403272
2,2,47,0.5057533599522664
2,2,48,0.5065291802970261
2,2,49,0.5067072611032718
2,2,50,0.5064586575730343
2,2,51,0.5060764718126318
2,2,52,0.505860238288365
2,2,53,0.506013938395665
2,2,54,0.506556127738645
2,2,55,0.5072469724656756
2,2,56,0.5076464757498625
2,2,57,0.5073146686243988
2,2,58,0.5059413077757884
2,2,59,0.5036068140402501
2,2,60,0.5007505116760443
2,2,61,0.4980047822608949
2,2,62,0.4959895481442037
2,2,63,0.4952593389873329
2,2,64,0.4960613155754321
2,2,65,0.4982173764347867
2,2,66,0.5011660308290918
2,2,67,0.5040989840835397
2,2,68,0.5062674373504149
2,2,69,0.5071979923536044
2,2,70,0.506814594153618
2,2,71,0.5054486447329932
2,2,72,0.5036607751448196
2,2,73,0.5020887672555646
2,2,74,0.5012844287682894
2,2,75,0.5015644790399557
2,2,76,0.5028923720630442
2,2,77,0.5050217663658018
2,2,78,0.5075258394719752
2,2,79,0.5098886774973774
2,2,80,0.5117183725512836
2,2,81,0.5128421458759173
2,2,82,0.5133003581153781
2,2,83,0.5132315766067471
2,2,84,0.5128690610574768
2,2,85,0.512478602782283
2,2,86,0.51224060835787
2,2,87,0.5122325398585902
2,2,88,0.5123736504571602
2,2,89,0.5124013128407147
2,2,90,0.5118915757542313
2,2,91,0.510482605786747
2,2,92,0.5080471221518399
2,2,93,0.5047070370747326
2,2,94,0.5008170804769031
2,2,95,0.4968747578562478
2,2,96,0.49342082550577443
2,2,97,0.4908412503878248
2,2,98,0.4892950868408319
2,2,99,0.4886948769147038
2,2,100,0.48866128945741644
2,2,101,0.48875768827563437
2,2,102,0.48871907292705946
2,2,103,0.48854938966651684
2,2,104,0.4883811665076189
2,2,105,0.4884236118543961
2,2,106,0.4889231686937146
2,2,107,0.4900395140585853
2,2,108,0.4918212331203234
2,2,109,0.49417245167837043
2,2,110,0.49684808656011725
2,2,111,0.4995104423588018
2,2,112,0.5018228249370901
2,2,113,0.5035043907043942
2,2,114,0.5042905708122095
2,2,115,0.5039453911743497
2,2,116,0.5023615759601622
2,2,117,0.4996736634239099
2,2,118,0.49628933818088
2,2,119,0.4928663655908264
2,2,120,0.49010689763372867
2,2,121,0.4885821423236729
2,2,122,0.4887087477459487
2,2,123,0.490620093414186
2,2,124,0.4940488982164853
2,2,125,0.4983927472867601
2,2,126,0.5028767488652307
2,2,127,0.5067622047849667
2,2,128,0.5095100038766058
2,2,129,0.510872067300739
2,2,130,0.5108771690516108
2,2,131,0.5097657899445946
2,2,132,0.5079337005187993
2,2,133,0.5059065031727272
2,2,134,0.5041793703518452
2,2,135,0.5031329430254013
2,2,136,0.5030339588691873
2,2,137,0.5039836601252092
2,2,138,0.5058503167469074
2,2,139,0.5082948066654169
2,2,140,0.5108568157236467
2,2,141,0.5130871466478103
2,2,142,0.5146580818542419
2,2,143,0.5154183743185955
2,2,144,0.5154114674404114
2,2,145,0.5148331052347381
2,2,146,0.513930716988432
2,2,147,0.5129310540845818
2,2,148,0.5119519757939676
2,2,149,0.510996254060181
2,2,150,0.5100060962300997
2,2,151,0.5089758269638756
2,2,152,0.5080644233820159
2,2,153,0.5075174837560283
2,2,154,0.5075448262068373
2,2,155,0.5081715777092889
2,2,156,0.509194255562065
2,2,157,0.5101878619731601
2,2,158,0.5106760417364904
2,2,159,0.510247193843175
2,2,160,0.508623277712139
2,2,161,0.5058191980984262
2,2,162,0.5021935440744755
2,2,163,0.4983103090125909
2,2,164,0.49473965707788975
2,2,165,0.4919438293816933
2,2,166,0.49024423921803617
2,2,167,0.4897854174094858
2,2,168,0.4905618011514158
2,2,169,0.4924577771882713
2,2,170,0.4952804876829818
2,2,171,0.49867363554236804
2,2,172,0.5021883301645528
2,2,173,0.5053471488286533
2,2,174,0.5076466073719097
2,2,175,0.5086928910396988
2,2,176,0.5083798451293959
2,2,177,0.5069368054005077
2,2,178,0.5048875469266226
2,2,179,0.5029212183851836
2,2,180,0.5017006733597863
2,2,181,0.5016977141875568
2,2,182,0.5030462367208958
2,2,183,0.5055016478802282
2,2,184,0.5085885087748695
2,2,185,0.5117701119276852
2,2,186,0.5145521936958983
2,2,187,0.516601753431405
2,2,188,0.5178467190288252
2,2,189,0.5184603674559337
2,2,190,0.5187326789543134
2,2,191,0.5189004653326399
2,2,192,0.5191155612265284
2,2,193,0.5194326194043469
2,2,194,0.5197900082335749
2,2,195,0.52009700120603
2,2,196,0.5202944108298878
2,2,197,0.5203177017832481
2,2,198,0.5200516509488295
2,2,199,0.5193822264751629
2,2,200,0.5182965476571936
2,2,201,0.5168853949600225
2,2,202,0.5152429280644076
2,2,203,0.5134507367805109
2,2,204,0.5116323866697808
2,2,205,0.5098993213797225
2,2,206,0.5083009910277079
2,2,207,0.5068595499517433
2,2,208,0.5055860457017171
2,2,209,0.5044681786713727
2,2,210,0.5035514491484421
2,2,211,0.5030281230039243
2,2,212,0.5031845493476882
2,2,213,0.5041956627211347
2,2,214,0.5060186510589602
2,2,215,0.5084206061094818
2,2,216,0.5110910868559153
2,2,217,0.5136256031106528
2,2,218,0.5156522069323766
2,2,219,0.5169413815768013
2,2,220,0.517438785921388
2,2,221,0.5172524344412568
2,2,222,0.5166317237768813
2,2,223,0.5157812748142138
2,2,224,0.5147362770821301
2,2,225,0.5134540292236379
2,2,226,0.5119657313046619
2,2,227,0.5104503395095239
2,2,228,0.5092312217872577
2,2,229,0.5086855272458202
2,2,230,0.509226131051001
2,2,231,0.5110888447774281
2,2,232,0.5141515345716776
2,2,233,0.5179748304715461
2,2,234,0.5218380443658238
2,2,235,0.5248889215652537
2,2,236,0.5264253183239437
2,2,237,0.5260812720975695
2,2,238,0.5239137315175305
2,2,239,0.5203752665868905
2,2,240,0.5161722881017092
2,2,241,0.5120433166235578
2,2,242,0.5085756801342074
2,2,243,0.5062240179438329
2,2,244,0.5052500325659922
2,2,245,0.5056514908543241
2,2,246,0.5071405263047921
2,2,247,0.5093244209918056
2,2,248,0.5117780353478585
2,2,249,0.5140309517619364
2,2,250,0.5156606564765788
2,2,251,0.516382436397775
2,2,252,0.5160919717227545
2,2,253,0.5149067555985808
2,2,254,0.5131462023616316
2,2,255,0.5111819480739963
2,2,256,0.5092663161938994
2,2,257,0.5075901132134227
2,2,258,0.5063588222712868
2,2,259,0.505788864842327
2,2,260,0.5060430420228297
2,2,261,0.5071940264001783
2,2,262,0.5092660287535589
2,2,263,0.5121804075321468
2,2,264,0.5156768055872704
2,2,265,0.5193122047728491
2,2,266,0.5225046336151333
2,2,267,0.5246286219641448
2,2,268,0.5252044354886727
2,2,269,0.5240429919812767
2,2,270,0.5212334382378591
2,2,271,0.5170199949775879
2,2,272,0.511738556273689
2,2,273,0.5058480901420614
2,2,274,0.4998850798503559
2,2,275,0.4943418095892511
2,2,276,0.4896087782201607
2,2,277,0.485905768802006
2,2,278,0.4832664781084301
2,2,279,0.48161896306762364
2,2,280,0.48090304708092263
2,2,281,0.4810295828029592
2,2,282,0.4818240262174001
2,2,283,0.48311828711416627
2,2,284,0.48479073983674204
2,2,285,0.48669370412130963
2,2,286,0.48862472366434856
2,2,287,0.49031268950473644
2,2,288,0.49143802352764004
2,2,289,0.4917658163891854
2,2,290,0.4912684844205394
2,2,291,0.49009131567927067
2,2,292,0.48847064599075746
2,2,293,0.48668358069804757
2,2,294,0.4850499902831443
2,2,295,0.48388689889398845
2,2,296,0.48339651066670664
2,2,297,0.4836245124450932
2,2,298,0.48450283595666016
2,2,299,0.4858528452998637
2,2,300,0.4874403688425441
2,2,301,0.48902732351422284
2,2,302,0.49040043266215305
2,2,303,0.49144422993456427
2,2,304,0.49216799114883947
2,2,305,0.49268210624623465
2,2,306,0.493185457774704
2,2,307,0.4938683390152496
2,2,308,0.4948128552744039
2,2,309,0.49595959037132614
2,2,310,0.4971143455144195
2,2,311,0.4980261829054356
2,2,312,0.4985170395364089
2,2,313,0.4985264433716223
2,2,314,0.49808177436587525
2,2,315,0.4972812056990213
2,2,316,0.4963109968109559
2,2,317,0.4953752771573912
2,2,318,0.4946331837882065
2,2,319,0.49417098347171595
2,2,320,0.49403349382157663
2,2,321,0.494219094385049
2,2,322,0.49466519136383724
2,2,323,0.49524825727456334
2,2,324,0.4957828864420864
2,2,325,0.49603741365470727
2,2,326,0.4958180164017631
2,2,327,0.49505570818319783
2,2,328,0.49379792854524834
2,2,329,0.4921586376142928
2,2,330,0.4903547499976907
2,2,331,0.48863742599655396
2,2,332,0.48717323446533123
2,2,333,0.48598525783721525
2,2,334,0.4850198028327337
2,2,335,0.48421733942719175
2,2,336,0.483549744088211
2,2,337,0.4830589650436534
2,2,338,0.4828586625203715
2,2,339,0.4830402320516799
2,2,340,0.4836371870775027
2,2,341,0.4846521361244026
2,2,342,0.48600829940666307
2,2,343,0.48751929393220866
2,2,344,0.48891970784751343
2,2,345,0.4899183121450237
2,2,346,0.49030223719141774
2,2,347,0.4899331830506628
2,2,348,0.48877067435532817
2,2,349,0.48696546255900597
2,2,350,0.48479507428523394
2,2,351,0.48258631805655694
2,2,352,0.48074315433686093
2,2,353,0.47965727532801067
2,2,354,0.47960767379221514
2,2,355,0.480732537499754
2,2,356,0.4829965681581501
2,2,357,0.4861886012071062
2,2,358,0.4899464872494786
2,2,359,0.493742989367202
2,2,360,0.49700245425990686
2,3,0,0.5184257540269638
2,3,1,0.5166840192619464
2,3,2,0.5143068775546767
2,3,3,0.5112621747318411
2,3,4,0.5076658169006445
2,3,5,0.5038103801218728
2,3,6,0.5000157267360091
2,3,7,0.49655900799110514
2,3,8,0.49375902270222183
2,3,9,0.4919334623249862
2,3,10,0.4912780184155577
2,3,11,0.49176791012680227
2,3,12,0.4931659703677889
2,3,13,0.4951380525002504
2,3,14,0.49732199021179624
2,3,15,0.4994130656608847
2,3,16,0.5011568346740463
2,3,17,0.5023580150344327
2,3,18,0.5030133037747615
2,3,19,0.5033517824680059
2,3,20,0.503694532053919
2,3,21,0.5041812911663528
2,3,22,0.5048895602454183
2,3,23,0.5059186927220358
2,3,24,0.5073632446821862
2,3,25,0.5092392769138603
2,3,26,0.5113964537408758
2,3,27,0.5136591912332502
2,3,28,0.5158906522234417
2,3,29,0.5179486403233544
2,3,30,0.519689099571634
2,3,31,0.520922342853227
2,3,32,0.5214418389856106
2,3,33,0.521064947084557
2,3,34,0.5196258153630842
2,3,35,0.5168031927994374
2,3,36,0.5122780131516345
2,3,37,0.5060123602349443
2,3,38,0.49826349619489235
2,3,39,0.48950763745792114
2,3,40,0.480374451865796
2,3,41,0.47165359230636916
2,3,42,0.46407630393647764
2,3,43,0.4580902947213046
2,3,44,0.4537960122107806
2,3,45,0.4510140121497705
2,3,46,0.44935737341900234
2,3,47,0.4484009863935695
2,3,48,0.44789539439359
2,3,49,0.44781186361092123
2,3,50,0.44824350030082344
2,3,51,0.4492661975302404
2,3,52,0.4507954479099589
2,3,53,0.45257975177803894
2,3,54,0.4542469883238331
2,3,55,0.4553457242622959
2,3,56,0.4553943542357728
2,3,57,0.45413543241255405
2,3,58,0.45167316103324406
2,3,59,0.44855268122020014
2,3,60,0.4455971107702487
2,3,61,0.4436949709281203
2,3,62,0.44355997366638505
2,3,63,0.44558350448166606
2,3,64,0.4497244381433149
2,3,65,0.45545774617685475
2,3,66,0.4618433699886939
2,3,67,0.4677147518414165
2,3,68,0.47204113248587815
2,3,69,0.47416444623478127
2,3,70,0.4739354301573822
2,3,71,0.471771163656446
2,3,72,0.4685155515240928
2,3,73,0.46527018411195376
2,3,74,0.463125261404374
2,3,75,0.46288906135045965
2,3,76,0.4648333940545752
2,3,77,0.46870822450980587
2,3,78,0.4738015161130396
2,3,79,0.4790620210320627
2,3,80,0.4834667841102953
2,3,81,0.48633627097029325
2,3,82,0.4874244114486506
2,3,83,0.4868164058486816
2,3,84,0.48493985847172766
2,3,85,0.48244878636502103
2,3,86,0.47994653801974146
2,3,87,0.47783032534733355
2,3,88,0.4762440585698045
2,3,89,0.47507741223166783
2,3,90,0.4739578974874018
2,3,91,0.4724815474166191
2,3,92,0.4704342583535188
2,3,93,0.4678362388229006
2,3,94,0.464925925305415
2,3,95,0.46210814690928975
2,3,96,0.4598565722735281
2,3,97,0.4585143681654652
2,3,98,0.4581966210244695
2,3,99,0.4587749763134579
2,3,100,0.4598489829463987
2,3,101,0.46095196539123984
2,3,102,0.46182268570204177
2,3,103,0.4625334508676769
2,3,104,0.4633260089939556
2,3,105,0.4645284695728968
2,3,106,0.46648500485976724
2,3,107,0.4694379425167505
2,3,108,0.4734395276436543
2,3,109,0.4782841613531306
2,3,110,0.48356189804352745
2,3,111,0.4887625650846758
2,3,112,0.49338174375097055
2,3,113,0.49701562860629034
2,3,114,0.499358954310461
2,3,115,0.5001858139107035
2,3,116,0.4994391231574709
2,3,117,0.4973566472250226
2,3,118,0.49445693257120793
2,3,119,0.49142650595601206
2,3,120,0.4889203890047791
2,3,121,0.48744902448243277
2,3,122,0.4873324825532051
2,3,123,0.48854823451542756
2,3,124,0.49068513812823716
2,3,125,0.4930655700006853
2,3,126,0.49495530992545067
2,3,127,0.4957723715278209
2,3,128,0.4952358183197173
2,3,129,0.4934372579403212
2,3,130,0.49077885443153396
2,3,131,0.4878434242714007
2,3,132,0.4852685399770302
2,3,133,0.48360444773170175
2,3,134,0.48312821732252015
2,3,135,0.483832239354311
2,3,136,0.485526828938871
2,3,137,0.48789924600969964
2,3,138,0.49056369948446377
2,3,139,0.49312163518129176
2,3,140,0.4952320164613918
2,3,141,0.4966899279623021
2,3,142,0.4974387336008006
2,3,143,0.49754214425473037
2,3,144,0.4971168876552909
2,3,145,0.4962778115735481
2,3,146,0.49513242076131625
2,3,147,0.4937689923828907
2,3,148,0.4922138547697408
2,3,149,0.49044158533063154
2,3,150,0.488434638347892
2,3,151,0.48630732075591765
2,3,152,0.48440626715190177
2,3,153,0.4831844817873399
2,3,154,0.4829593579081329
2,3,155,0.4837422919395798
2,3,156,0.4852366724166872
2,3,157,0.4868498203506443
2,3,158,0.4878548651815783
2,3,159,0.4875637226586443
2,3,160,0.4854964220852217
2,3,161,0.4816082540066044
2,3,162,0.47637209878236986
2,3,163,0.4706211026813712
2,3,164,0.46525704228896486
2,3,165,0.4610329451743873
2,3,166,0.45848470389645396
2,3,167,0.457902735804192
2,3,168,0.45930207802742257
2,3,169,0.4624388391667144
2,3,170,0.466938191801578
2,3,171,0.47226021339492474
2,3,172,0.47778257140270214
2,3,173,0.4829257359622403
2,3,174,0.4871586151544909
2,3,175,0.49006813254391884
2,3,176,0.49148423456578355
2,3,177,0.491541789921906
2,3,178,0.49068969225651743
2,3,179,0.489557217986133
2,3,180,0.4887428604624061
2,3,181,0.48867423843124674
2,3,182,0.4894852323661581
2,3,183,0.49097886496678894
2,3,184,0.492793684392537
2,3,185,0.49450951994242515
2,3,186,0.4957083782685548
2,3,187,0.4961712342098009
2,3,188,0.49600201913336345
2,3,189,0.4955678446287259
2,3,190,0.4953468540604371
2,3,191,0.4957236821379304
2,3,192,0.4968932230206446
2,3,193,0.49883613674472754
2,3,194,0.501327987617534
2,3,195,0.5040357977922795
2,3,196,0.5066124782136575
2,3,197,0.5087508598327878
2,3,198,0.5102144003828643
2,3,199,0.5108600092860577
2,3,200,0.5106788933483064
2,3,201,0.5098106223364648
2,3,202,0.5084537760904217
2,3,203,0.5067957997166709
2,3,204,0.5050352325099987
2,3,205,0.5033499597743936
2,3,206,0.501832715183586
2,3,207,0.5004786580825128
2,3,208,0.49923296894715957
2,3,209,0.49800714797952456
2,3,210,0.4967636304490192
2,3,211,0.4956063950169796
2,3,212,0.4947473926363374
2,3,213,0.49435724697704875
2,3,214,0.4944545260879458
2,3,215,0.49492621601667947
2,3,216,0.49559990641043916
2,3,217,0.4962220028503338
2,3,218,0.49660078381797973
2,3,219,0.4966769480380342
2,3,220,0.4965514776623857
2,3,221,0.49643326098111706
2,3,222,0.49654353048711075
2,3,223,0.49692189717124247
2,3,224,0.49735606566929347
2,3,225,0.49752627104636193
2,3,226,0.4971848499950407
2,3,227,0.4963087079579163
2,3,228,0.4951627445885412
2,3,229,0.49421391538974163
2,3,230,0.4940103970522745
2,3,231,0.49494567352939883
2,3,232,0.4971085209987699
2,3,233,0.500225790179987
2,3,234,0.503638231049936
2,3,235,0.506484513322577
2,3,236,0.5080196511064468
2,3,237,0.507848883490564
2,3,238,0.5060124707251913
2,3,239,0.5029474324118268
2,3,240,0.49937054951105364
2,3,241,0.49605502022202913
2,3,242,0.49365080301433273
2,3,243,0.492660192077695
2,3,244,0.4933266822618467
2,3,245,0.4955350830847787
2,3,246,0.49886739013744075
2,3,247,0.5027863562012571
2,3,248,0.5067129123226112
2,3,249,0.510066995243496
2,3,250,0.5123689494769723
2,3,251,0.5133356859290802
2,3,252,0.512919527267148
2,3,253,0.5112967539706144
2,3,254,0.5088141361239842
2,3,255,0.5058786240028263
2,3,256,0.5028943106027312
2,3,257,0.500270096406568
2,3,258,0.498403894931829
2,3,259,0.4976061911319551
2,3,260,0.4980943506824842
2,3,261,0.4999569243360018
2,3,262,0.5031184918587609
2,3,263,0.507287699592792
2,3,264,0.5119103021382462
2,3,265,0.5162350890756825
2,3,266,0.5194901056605765
2,3,267,0.5210867986940664
2,3,268,0.5207309784075476
2,3,269,0.5184489099251052
2,3,270,0.5145834475632979
2,3,271,0.509667589785744
2,3,272,0.5042792172516151
2,3,273,0.4989573920630436
2,3,274,0.4941116307645862
2,3,275,0.48998365112921566
2,3,276,0.4866953868227001
2,3,277,0.48425050045846585
2,3,278,0.48253126306842387
2,3,279,0.4813346641471493
2,3,280,0.48049267195539963
2,3,281,0.4799288060540126
2,3,282,0.4795867371944545
2,3,283,0.47945953096979954
2,3,284,0.4795943586277269
2,3,285,0.4800000311272721
2,3,286,0.48062893731758405
2,3,287,0.48140550374399205
2,3,288,0.48214863504665195
2,3,289,0.4826179336605024
2,3,290,0.48269101240805873
2,3,291,0.48243134851077935
2,3,292,0.48206065060895403
2,3,293,0.48182569981710155
2,3,294,0.48189756479978324
2,3,295,0.4823367621367253
2,3,296,0.48307818522449997
2,3,297,0.4839651771051124
2,3,298,0.4848312820813345
2,3,299,0.48553798338119
2,3,300,0.48600579095903107
2,3,301,0.4862864979821697
2,3,302,0.4865540960438191
2,3,303,0.48702789325586865
2,3,304,0.4878397481168976
2,3,305,0.4889640288929588
2,3,306,0.4903230286382063
2,3,307,0.49180064740181745
2,3,308,0.4931989937079339
2,3,309,0.4942510755391325
2,3,310,0.4947043279517498
2,3,311,0.4944254901460452
2,3,312,0.4934553060567874
2,3,313,0.4919832884440375
2,3,314,0.4902543397810152
2,3,315,0.4885119245100818
2,3,316,0.487022942882829
2,3,317,0.4859939218066104
2,3,318,0.48545950931775067
2,3,319,0.485306352769133
2,3,320,0.4854212197815991
2,3,321,0.48570443740635744
2,3,322,0.486045435505223
2,3,323,0.48633520740766945
2,3,324,0.4864691466024157
2,3,325,0.4863416377967989
2,3,326,0.4858972531794975
2,3,327,0.48518436973384343
2,3,328,0.48429364912752826
2,3,329,0.48328959969215834
2,3,330,0.48231244903394466
2,3,331,0.48155172694109244
2,3,332,0.4810686802420252
2,3,333,0.4807642675461325
2,3,334,0.48051729094501533
2,3,335,0.480249919016674
2,3,336,0.4799481629175479
2,3,337,0.4796942045667285
2,3,338,0.47966894506634794
2,3,339,0.48003333774054496
2,3,340,0.48081319713862575
2,3,341,0.4819095835546977
2,3,342,0.48312421213205037
2,3,343,0.4841689124897037
2,3,344,0.48474761014697104
2,3,345,0.48465884825837685
2,3,346,0.48386155405416664
2,3,347,0.48246174010999354
2,3,348,0.48065431921536433
2,3,349,0.478716359289694
2,3,350,0.4769393701273515
2,3,351,0.475541655023045
2,3,352,0.474746082924859
2,3,353,0.47479532752144826
2,3,354,0.47588208269402466
2,3,355,0.47809801570585597
2,3,356,0.4814252028532413
2,3,357,0.4856912335939675
2,3,358,0.49052016970314055
2,3,359,0.49531865821637233
2,3,360,0.499348015458405
2,4,0,0.5175126096429024
2,4,1,0.5143464177940095
2,4,2,0.5107217906683953
2,4,3,0.5070297944457983
2,4,4,0.5036651679626142
2,4,5,0.500982740143813
2,4,6,0.4991565400091495
2,4,7,0.4981723594212897
2,4,8,0.4979471886993079
2,4,9,0.4983342330281765
2,4,10,0.49915172586552853
2,4,11,0.5002455472934747
2,4,12,0.5014486473745338
2,4,13,0.5026151528473173
2,4,14,0.5036640693310902
2,4,15,0.5046023961924058
2,4,16,0.5054638892376079
2,4,17,0.5062203250070696
2,4,18,0.506820403456246
2,4,19,0.5073135478762202
2,4,20,0.5078116042141305
2,4,21,0.5082579919459196
2,4,22,0.5085730303639304
2,4,23,0.5087683958427469
2,4,24,0.5089406654131048
2,4,25,0.5092514286238778
2,4,26,0.5097935536801528
2,4,27,0.5105954182737052
2,4,28,0.511640353612031
2,4,29,0.5128283541712061
2,4,30,0.513976284067691
2,4,31,0.5148026933513883
2,4,32,0.514897923010191
2,4,33,0.5138530936111012
2,4,34,0.511428062919775
2,4,35,0.5073955332308577
2,4,36,0.5016068702322874
2,4,37,0.4942268348862397
2,4,38,0.48570777400497084
2,4,39,0.4765981182627624
2,4,40,0.46745960282166804
2,4,41,0.4588621431741321
2,4,42,0.4512375588034649
2,4,43,0.44483980079439733
2,4,44,0.4396953210887613
2,4,45,0.43567636466542314
2,4,46,0.4325730902540019
2,4,47,0.430187859253586
2,4,48,0.42850075626863254
2,4,49,0.42768253378094157
2,4,50,0.42792908375986793
2,4,51,0.42931296873240404
2,4,52,0.43170290712722614
2,4,53,0.4347382920326217
2,4,54,0.43790866847534127
2,4,55,0.44061462130885864
2,4,56,0.44216011742080435
2,4,57,0.4421365903700347
2,4,58,0.4406384185987111
2,4,59,0.43826965983205574
2,4,60,0.4359887613112217
2,4,61,0.434877151441723
2,4,62,0.4358477639376908
2,4,63,0.43939317366002506
2,4,64,0.445410126748024
2,4,65,0.45320449559053166
2,4,66,0.46162015107878046
2,4,67,0.4692745407251507
2,4,68,0.47495847643029837
2,4,69,0.4779301579075622
2,4,70,0.47800906003242666
2,4,71,0.4755936171505924
2,4,72,0.4715480592509136
2,4,73,0.46704221043397454
2,4,74,0.4632844925398337
2,4,75,0.461201473670319
2,4,76,0.4612215703969913
2,4,77,0.46335757817379036
2,4,78,0.46718261252371684
2,4,79,0.471843440812643
2,4,80,0.4763852969095505
2,4,81,0.48007918135479144
2,4,82,0.4825059788538903
2,4,83,0.48346232851637255
2,4,84,0.4830251111345248
2,4,85,0.4815388067016435
2,4,86,0.47938006385512444
2,4,87,0.47683211679280296
2,4,88,0.4741238550817496
2,4,89,0.4713751610428525
2,4,90,0.4684906539242172
2,4,91,0.4653319271121578
2,4,92,0.4618907385613529
2,4,93,0.45831578470021733
2,4,94,0.4548913050052419
2,4,95,0.45202505092283635
2,4,96,0.45020209772086717
2,4,97,0.4497780772798973
2,4,98,0.4508396409110968
2,4,99,0.4532014261549255
2,4,100,0.4563778809648585
2,4,101,0.4597083009294382
2,4,102,0.462664362074159
2,4,103,0.4650092078503787
2,4,104,0.4667641649493277
2,4,105,0.4682158830236045
2,4,106,0.46978786352574925
2,4,107,0.4718895112043551
2,4,108,0.47476357987242135
2,4,109,0.47837020850506046
2,4,110,0.4824312770389356
2,4,111,0.48648957259745546
2,4,112,0.4900253414781627
2,4,113,0.49263438640357726
2,4,114,0.49407830473470177
2,4,115,0.4942608337258135
2,4,116,0.4932721925290573
2,4,117,0.4914309833709919
2,4,118,0.48922022410839267
2,4,119,0.4871675938844
2,4,120,0.4857057273332258
2,4,121,0.48510980795932473
2,4,122,0.48545344141971014
2,4,123,0.4865286986246549
2,4,124,0.48787478724138594
2,4,125,0.48887444033030747
2,4,126,0.48891684688343345
2,4,127,0.48760671249555393
2,4,128,0.4848809396554419
2,4,129,0.48103085667866885
2,4,130,0.47661018436946767
2,4,131,0.4723212634022941
2,4,132,0.4688539409403396
2,4,133,0.4666960632683437
2,4,134,0.46602670985036154
2,4,135,0.46672962582138755
2,4,136,0.4684673264958728
2,4,137,0.4707971733436645
2,4,138,0.4732736754451179
2,4,139,0.4754965155620427
2,4,140,0.4771543264316041
2,4,141,0.47810093180926333
2,4,142,0.47837678403353223
2,4,143,0.4781767219546363
2,4,144,0.4776997593229161
2,4,145,0.4770825829846033
2,4,146,0.4764307106703456
2,4,147,0.4757833978410605
2,4,148,0.47509144226237277
2,4,149,0.4742656108580079
2,4,150,0.4732593311776437
2,4,151,0.4721972246745935
2,4,152,0.4714210984568692
2,4,153,0.4713684799193677
2,4,154,0.47231155101411904
2,4,155,0.474191577917299
2,4,156,0.47661369369577045
2,4,157,0.4789189323444367
2,4,158,0.48034110117486734
2,4,159,0.48017483451410403
2,4,160,0.47798048561300893
2,4,161,0.4737703428809747
2,4,162,0.4680303808197262
2,4,163,0.4615674456386153
2,4,164,0.45527749861700906
2,4,165,0.4499482176740475
2,4,166,0.4461528729876305
2,4,167,0.4442563713855053
2,4,168,0.44439998291227084
2,4,169,0.4464832943354156
2,4,170,0.4502439266708337
2,4,171,0.4552398598310241
2,4,172,0.46091325523809723
2,4,173,0.46670613215127427
2,4,174,0.4720739364720909
2,4,175,0.47651576726768685
2,4,176,0.4796720140262174
2,4,177,0.48143610312671253
2,4,178,0.4820168464891203
2,4,179,0.4818505311635594
2,4,180,0.48141078299728296
2,4,181,0.4810768752111037
2,4,182,0.48109021565649984
2,4,183,0.4814992195691111
2,4,184,0.48218787249636585
2,4,185,0.4828956161020987
2,4,186,0.4832779262429603
2,4,187,0.48310993105047045
2,4,188,0.4824213229705451
2,4,189,0.48144701716785604
2,4,190,0.4805304375503398
2,4,191,0.4800441171687109
2,4,192,0.48030092975020694
2,4,193,0.4814894423972848
2,4,194,0.48362026573195016
2,4,195,0.4864933413926107
2,4,196,0.4897417251090791
2,4,197,0.49293289462362044
2,4,198,0.4956338208895216
2,4,199,0.49747857438725057
2,4,200,0.4982445762058945
2,4,201,0.49792090086356333
2,4,202,0.49669660365845963
2,4,203,0.4948615903682693
2,4,204,0.4927615145394358
2,4,205,0.4907404997847
2,4,206,0.4889969421934897
2,4,207,0.4875515063350907
2,4,208,0.4863497139969951
2,4,209,0.48530014051680026
2,4,210,0.4843083435379198
2,4,211,0.48337884669766995
2,4,212,0.4826389328615582
2,4,213,0.48222924293730185
2,4,214,0.48217129165950784
2,4,215,0.4824221563728474
2,4,216,0.4829046587039217
2,4,217,0.48342361456895816
2,4,218,0.4837807291429332
2,4,219,0.4839259680022712
2,4,220,0.4839835812250748
2,4,221,0.48415333609722155
2,4,222,0.4846250204246019
2,4,223,0.4854285002560542
2,4,224,0.48636854422565534
2,4,225,0.4871366795741124
2,4,226,0.48747220649570655
2,4,227,0.4872813312744567
2,4,228,0.48664679151272666
2,4,229,0.4858583732591432
2,4,230,0.48537488443265736
2,4,231,0.4856354140946086
2,4,232,0.48689454698044154
2,4,233,0.48913714136177916
2,4,234,0.4920457264794648
2,4,235,0.4950565483115317
2,4,236,0.49753092128484677
2,4,237,0.49893799137098954
2,4,238,0.4990184893583665
2,4,239,0.4978675348302003
2,4,240,0.49590116111104676
2,4,241,0.4937191214577472
2,4,242,0.49196479847388097
2,4,243,0.4912666057686316
2,4,244,0.4921027930153313
2,4,245,0.49456118388130815
2,4,246,0.4983090562066365
2,4,247,0.5027838719818722
2,4,248,0.5073028271259766
2,4,249,0.51115787110876
2,4,250,0.5137893035040915
2,4,251,0.5149187705020472
2,4,252,0.5145718075511855
2,4,253,0.5130103209739008
2,4,254,0.5106018425170338
2,4,255,0.5077484791147717
2,4,256,0.5048555350142877
2,4,257,0.5022972409034521
2,4,258,0.5004289993267268
2,4,259,0.49947956290326223
2,4,260,0.4995602488087997
2,4,261,0.5007388114393343
2,4,262,0.5029820802646353
2,4,263,0.5060619195200503
2,4,264,0.5094917113076433
2,4,265,0.5126429471874012
2,4,266,0.5149537732987328
2,4,267,0.5160456852595743
2,4,268,0.5157526602178159
2,4,269,0.5141335901265147
2,4,270,0.5114071910383474
2,4,271,0.5078483954576676
2,4,272,0.5037411158836731
2,4,273,0.49936216872414046
2,4,274,0.4949723993992894
2,4,275,0.4908114331584556
2,4,276,0.4870684424429678
2,4,277,0.4838876988674885
2,4,278,0.48132384442653164
2,4,279,0.47928125790899845
2,4,280,0.47759478829033297
2,4,281,0.4760887868652018
2,4,282,0.47459292927511604
2,4,283,0.47307581351614764
2,4,284,0.47168102997875283
2,4,285,0.47061441521396946
2,4,286,0.4700996106225392
2,4,287,0.4703528390123681
2,4,288,0.4714204928490648
2,4,289,0.47315000299129345
2,4,290,0.4753020411891757
2,4,291,0.47765222477317804
2,4,292,0.4800753019666303
2,4,293,0.4825208344784529
2,4,294,0.48492109903137826
2,4,295,0.4871559578571253
2,4,296,0.4891096973812655
2,4,297,0.49068203246671366
2,4,298,0.4917795233907212
2,4,299,0.49227246996621515
2,4,300,0.4920399808202198
2,4,301,0.4911100392861326
2,4,302,0.4896557702555892
2,4,303,0.4879307304695939
2,4,304,0.486171986536248
2,4,305,0.48455535903002195
2,4,306,0.4832673500520419
2,4,307,0.4824768976547245
2,4,308,0.4822399367015665
2,4,309,0.4824304206475039
2,4,310,0.48277776420048324
2,4,311,0.4830193675285959
2,4,312,0.48300264760988326
2,4,313,0.48263998920909096
2,4,314,0.4819029341717605
2,4,315,0.48088372468467816
2,4,316,0.4798299075156614
2,4,317,0.4790625563845226
2,4,318,0.4788013140577867
2,4,319,0.4791226292999187
2,4,320,0.4800604558526186
2,4,321,0.48154309134890944
2,4,322,0.4833477141799222
2,4,323,0.4851739540717231
2,4,324,0.4867056079496776
2,4,325,0.48765166255953024
2,4,326,0.4878413609202774
2,4,327,0.48732587398484517
2,4,328,0.4863102588991287
2,4,329,0.4850442418414887
2,4,330,0.48382924000399996
2,4,331,0.4829338079052415
2,4,332,0.4824218177345685
2,4,333,0.48215003182779714
2,4,334,0.4819274507996594
2,4,335,0.4815778155071938
2,4,336,0.48097192602224303
2,4,337,0.4800948666630021
2,4,338,0.47911698170448136
2,4,339,0.4783150570927155
2,4,340,0.4778427023768715
2,4,341,0.47767996939336727
2,4,342,0.47767513123748906
2,4,343,0.47760051278357196
2,4,344,0.4772290406617657
2,4,345,0.476393611610651
2,4,346,0.47503413097660147
2,4,347,0.4732475590596384
2,4,348,0.4712750198047401
2,4,349,0.46948598623890536
2,4,350,0.4682457077533129
2,4,351,0.46778868411035035
2,4,352,0.46824480088993664
2,4,353,0.46967222356110633
2,4,354,0.4720430145309758
2,4,355,0.4752196990841794
2,4,356,0.4789524096056306
2,4,357,0.4829222092352621
2,4,358,0.4867843738477493
2,4,359,0.49015985846574983
2,4,360,0.4926242431881288
2,5,0,0.5072727840521577
2,5,1,0.5045892524227628
2,5,2,0.5020284707327684
2,5,3,0.5000027275546927
2,5,4,0.49887908561102245
2,5,5,0.49886985737049366
2,5,6,0.49992013186528494
2,5,7,0.501767462849237
2,5,8,0.504065384475237
2,5,9,0.5063761935739653
2,5,10,0.5082571397561958
2,5,11,0.5094205463816712
2,5,12,0.5097177488412223
2,5,13,0.5091938400870298
2,5,14,0.5081357557085805
2,5,15,0.5069424511184828
2,5,16,0.5059760987921742
2,5,17,0.5054720144194939
2,5,18,0.5054602239617696
2,5,19,0.5058606249321259
2,5,20,0.5065133865973627
2,5,21,0.5071087451666367
2,5,22,0.5074031865652614
2,5,23,0.5073324137205267
2,5,24,0.5070074984449242
2,5,25,0.5066836717030097
2,5,26,0.5065834205323173
2,5,27,0.5068052938964548
2,5,28,0.5073317815867678
2,5,29,0.5079826241649031
2,5,30,0.5084413684162719
2,5,31,0.5083731774207558
2,5,32,0.5073957837439681
2,5,33,0.5052112479768137
2,5,34,0.5017593661617084
2,5,35,0.4970415929335117
2,5,36,0.49114325114073515
2,5,37,0.4843921565674919
2,5,38,0.4772644295269975
2,5,39,0.4701039340218921
2,5,40,0.46316471453552277
2,5,41,0.4566829288038308
2,5,42,0.4507433924171309
2,5,43,0.44532213591596104
2,5,44,0.4402933092969549
2,5,45,0.4355409880536012
2,5,46,0.43105140957811267
2,5,47,0.4269400460135523
2,5,48,0.4235098702868083
2,5,49,0.42117334698710396
2,5,50,0.420236518035335
2,5,51,0.42082854362601196
2,5,52,0.422886162022926
2,5,53,0.42603313090048744
2,5,54,0.4296798886063359
2,5,55,0.4332036274586728
2,5,56,0.4359126135504022
2,5,57,0.4373699259518761
2,5,58,0.43763148428778503
2,5,59,0.4371741604466774
2,5,60,0.43673704773109756
2,5,61,0.4372242015614761
2,5,62,0.4394376247299037
2,5,63,0.4437583661680786
2,5,64,0.4500442654561689
2,5,65,0.45766267910065866
2,5,66,0.4655885781762246
2,5,67,0.4726432864022588
2,5,68,0.47777775333880457
2,5,69,0.48037325182911345
2,5,70,0.48029673019339686
2,5,71,0.47785505918728083
2,5,72,0.4737536776276244
2,5,73,0.4689960756829385
2,5,74,0.4646070487245801
2,5,75,0.46141019234851816
2,5,76,0.4599254070694122
2,5,77,0.46035124676888955
2,5,78,0.4625034691463525
2,5,79,0.46578393752280034
2,5,80,0.4694148540732118
2,5,81,0.4727572390465105
2,5,82,0.4753879710801126
2,5,83,0.47704429958102934
2,5,84,0.47771825727058953
2,5,85,0.4776548507879251
2,5,86,0.4771272894244636
2,5,87,0.4763375324912899
2,5,88,0.47543462110116724
2,5,89,0.47440176506076986
2,5,90,0.47299732581913095
2,5,91,0.47097331879759435
2,5,92,0.46826621521752176
2,5,93,0.46499747398911523
2,5,94,0.46145717900571126
2,5,95,0.45812263754876353
2,5,96,0.4555989468946139
2,5,97,0.45437071827492687
2,5,98,0.4546934821549313
2,5,99,0.4565769503266086
2,5,100,0.4596900484363882
2,5,101,0.46344883641906465
2,5,102,0.4673374334670336
2,5,103,0.470966478727421
2,5,104,0.4740828194943888
2,5,105,0.4766863314300243
2,5,106,0.4789451024082297
2,5,107,0.48105252795632875
2,5,108,0.4831555993197365
2,5,109,0.48528688206553156
2,5,110,0.48734532222120014
2,5,111,0.48908427033765045
2,5,112,0.49022588390811894
2,5,113,0.49063545846745915
2,5,114,0.490289084320649
2,5,115,0.48916715284166995
2,5,116,0.48733686603977183
2,5,117,0.4849947057042962
2,5,118,0.4824071499916508
2,5,119,0.4798973575355635
2,5,120,0.4777898036361872
2,5,121,0.4762950087116533
2,5,122,0.47548484528294166
2,5,123,0.4752941101224938
2,5,124,0.47551263700676116
2,5,125,0.4757748173979961
2,5,126,0.47563681337971003
2,5,127,0.4747629994862339
2,5,128,0.47305342223785835
2,5,129,0.4706428707501556
2,5,130,0.467823284700844
2,5,131,0.4649915995972829
2,5,132,0.4625299636587654
2,5,133,0.46068308700783767
2,5,134,0.4595442633008142
2,5,135,0.45907489272993035
2,5,136,0.45910351162018775
2,5,137,0.4593806638175454
2,5,138,0.45966652465129404
2,5,139,0.459761203218823
2,5,140,0.45950697586117606
2,5,141,0.4588437514678265
2,5,142,0.45790205759948693
2,5,143,0.45699967789598855
2,5,144,0.45646178618074423
2,5,145,0.4565008610057465
2,5,146,0.45720009243933935
2,5,147,0.4584631593224918
2,5,148,0.45999908327984557
2,5,149,0.46142391323830945
2,5,150,0.46239732881377515
2,5,151,0.4627663204709722
2,5,152,0.4626531015574115
2,5,153,0.46242513049668477
2,5,154,0.46244791488768827
2,5,155,0.4628517295811082
2,5,156,0.4634856994577131
2,5,157,0.463982561452604
2,5,158,0.46389506164124994
2,5,159,0.4628160848928799
2,5,160,0.4605156359871249
2,5,161,0.45707491482536916
2,5,162,0.45287083896164027
2,5,163,0.44848726279794526
2,5,164,0.44454383539524217
2,5,165,0.44151251666293206
2,5,166,0.4396219494221586
2,5,167,0.43892220571110463
2,5,168,0.4393342499517185
2,5,169,0.4407149565360569
2,5,170,0.44295082405101005
2,5,171,0.44591140022858955
2,5,172,0.44944234631606267
2,5,173,0.45342060018955
2,5,174,0.4576789311476339
2,5,175,0.4619229984610646
2,5,176,0.465745615930579
2,5,177,0.4687770818400891
2,5,178,0.4708168043023514
2,5,179,0.47186689727206377
2,5,180,0.47207088537010417
2,5,181,0.47166057753860563
2,5,182,0.47093804589199034
2,5,183,0.4702034757810221
2,5,184,0.4696781803237597
2,5,185,0.469423529768709
2,5,186,0.46931185620403604
2,5,187,0.46916728391724355
2,5,188,0.4689108975399004
2,5,189,0.46853305453883537
2,5,190,0.4680460853292919
2,5,191,0.4675350529150665
2,5,192,0.4672049259139691
2,5,193,0.4673210954787922
2,5,194,0.46809682356582766
2,5,195,0.46960561801558837
2,5,196,0.47175538886846075
2,5,197,0.47431206656638353
2,5,198,0.4769136324260369
2,5,199,0.47912998332955636
2,5,200,0.4805724539858218
2,5,201,0.4810154511081098
2,5,202,0.4804691399260853
2,5,203,0.4791553420814014
2,5,204,0.4774648549884622
2,5,205,0.4758336385947508
2,5,206,0.47455844842699596
2,5,207,0.47375265855761073
2,5,208,0.47343313918946106
2,5,209,0.47354152979784053
2,5,210,0.4739334388701486
2,5,211,0.4745024361138409
2,5,212,0.47528592235217143
2,5,213,0.47637802573306215
2,5,214,0.4778033155492893
2,5,215,0.47953733038539237
2,5,216,0.48145262147580514
2,5,217,0.4832662765850505
2,5,218,0.48468126676088
2,5,219,0.4855735565951148
2,5,220,0.4859786032175793
2,5,221,0.48600075241521096
2,5,222,0.48581056710542325
2,5,223,0.4855524193326059
2,5,224,0.4852407025024845
2,5,225,0.48477305263045456
2,5,226,0.4840461932079915
2,5,227,0.48302085182646404
2,5,228,0.48171373560215625
2,5,229,0.4803048049466624
2,5,230,0.47912365691633996
2,5,231,0.47852226040687357
2,5,232,0.47873546288873753
2,5,233,0.47984927816680817
2,5,234,0.48179871667925694
2,5,235,0.4843280899936762
2,5,236,0.48703303727301045
2,5,237,0.48942048837804164
2,5,238,0.4910800789847504
2,5,239,0.49185234359516317
2,5,240,0.49182930609218667
2,5,241,0.49130890522364473
2,5,242,0.49073541606214954
2,5,243,0.49066309204561126
2,5,244,0.4916731579253701
2,5,245,0.4940970441504847
2,5,246,0.4978199679779387
2,5,247,0.5023821471573501
2,5,248,0.5071416002682403
2,5,249,0.5113894477371504
2,5,250,0.5145195423338311
2,5,251,0.5161710382832156
2,5,252,0.5162561772810995
2,5,253,0.5149450424833744
2,5,254,0.512535777165647
2,5,255,0.5093953516433171
2,5,256,0.5059284341416217
2,5,257,0.5025251152632143
2,5,258,0.49958648625260776
2,5,259,0.49741112735480514
2,5,260,0.4961740767096225
2,5,261,0.4959968055979343
2,5,262,0.49687968537039745
2,5,263,0.49865870460397754
2,5,264,0.5009665465898795
2,5,265,0.5033496105693854
2,5,266,0.5054357229894416
2,5,267,0.5069414762905061
2,5,268,0.5076669443082217
2,5,269,0.507554144933962
2,5,270,0.5065738670819022
2,5,271,0.5046595851855687
2,5,272,0.5017902044171512
2,5,273,0.49805089663190816
2,5,274,0.4936718502462842
2,5,275,0.4890160492023612
2,5,276,0.48445067118239454
2,5,277,0.4803353951859017
2,5,278,0.47695187585172816
2,5,279,0.47439733739657175
2,5,280,0.4726521273992883
2,5,281,0.4715653025326924
2,5,282,0.47087365101041456
2,5,283,0.4704273863246473
2,5,284,0.470261619766668
2,5,285,0.47046386000565105
2,5,286,0.47110584339659917
2,5,287,0.47223976165855375
2,5,288,0.47383986003538514
2,5,289,0.47578324782123843
2,5,290,0.4778778592090433
2,5,291,0.4799261896365631
2,5,292,0.4818462900356156
2,5,293,0.48369000223095604
2,5,294,0.48554188553600275
2,5,295,0.48741159546581014
2,5,296,0.4892376440357716
2,5,297,0.4909023327067436
2,5,298,0.49223100057253244
2,5,299,0.4929740777963558
2,5,300,0.4929090121114929
2,5,301,0.4919746703325041
2,5,302,0.49025043360247134
2,5,303,0.48793187855380743
2,5,304,0.4852974148986811
2,5,305,0.48261992783575863
2,5,306,0.4801761145828201
2,5,307,0.47822409886269285
2,5,308,0.47691171280172584
2,5,309,0.4761835293925404
2,5,310,0.47580880981613344
2,5,311,0.4755417651142582
2,5,312,0.47520669377061076
2,5,313,0.47463126430599556
2,5,314,0.47366286997668394
2,5,315,0.47229175566249904
2,5,316,0.470723720954325
2,5,317,0.4693362923232049
2,5,318,0.468496219152524
2,5,319,0.46845229569034885
2,5,320,0.46938728164105453
2,5,321,0.47134247096476456
2,5,322,0.4741226122941801
2,5,323,0.4773170545276054
2,5,324,0.48039125885865985
2,5,325,0.48281432580411626
2,5,326,0.4842072864823901
2,5,327,0.4845055333011459
2,5,328,0.4839342957937444
2,5,329,0.48283213010342907
2,5,330,0.48159844576397604
2,5,331,0.48061518133670283
2,5,332,0.4800311619031678
2,5,333,0.47967420835581087
2,5,334,0.47921149701474397
2,5,335,0.47831423174534016
2,5,336,0.47678409355624995
2,5,337,0.47464557153731907
2,5,338,0.4721724497512483
2,5,339,0.4698377325427214
2,5,340,0.46811056219570624
2,5,341,0.4672832947952708
2,5,342,0.4673955852666365
2,5,343,0.4682434625373381
2,5,344,0.46946520457166485
2,5,345,0.47066635487258845
2,5,346,0.4715207792303031
2,5,347,0.4718450945397415
2,5,348,0.4716155516570301
2,5,349,0.47100259755954316
2,5,350,0.47028754150818014
2,5,351,0.4697641721719615
2,5,352,0.46964483215948244
2,5,353,0.47002357634367636
2,5,354,0.4709436269127388
2,5,355,0.4724160557519094
2,5,356,0.4743373232795462
2,5,357,0.4765026179681179
2,5,358,0.47871084079591786
2,5,359,0.48077170768664834
2,5,360,0.48246933851330004
2,6,0,0.5109375536850082
2,6,1,0.5104292478395264
2,6,2,0.5098105856564664
2,6,3,0.5091988811392355
2,6,4,0.5087760372178872
2,6,5,0.5087026925668221
2,6,6,0.5090284979574469
2,6,7,0.5096948563990717
2,6,8,0.510557535895314
2,6,9,0.511379087896737
2,6,10,0.5118876726887531
2,6,11,0.5118538208803064
2,6,12,0.5111462846585649
2,6,13,0.5098057032797583
2,6,14,0.5081056771882512
2,6,15,0.5063832702958763
2,6,16,0.5049047686915146
2,6,17,0.5038709284509565
2,6,18,0.5033652626426428
2,6,19,0.5033218522725318
2,6,20,0.503575370205178
2,6,21,0.5039338170448883
2,6,22,0.504326602265375
2,6,23,0.5047811361398408
2,6,24,0.5053612133058524
2,6,25,0.5061143964593996
2,6,26,0.50699771546318
2,6,27,0.5078715559048594
2,6,28,0.5085857235900517
2,6,29,0.5089415943947463
2,6,30,0.5087125662104915
2,6,31,0.5077577719704205
2,6,32,0.5059860476141294
2,6,33,0.5033187098636932
2,6,34,0.4997378178309723
2,6,35,0.49515051804541454
2,6,36,0.4894502451872475
2,6,37,0.4827213237634234
2,6,38,0.47522699521454126
2,6,39,0.46724043692263373
2,6,40,0.4590785118076948
2,6,41,0.4511203611508963
2,6,42,0.4436633950728622
2,6,43,0.43686885593876484
2,6,44,0.43079099509351093
2,6,45,0.4254466753249819
2,6,46,0.42086057826610895
2,6,47,0.41708003927695775
2,6,48,0.4142578347169574
2,6,49,0.41258742642544743
2,6,50,0.4121394953202438
2,6,51,0.4128146288106301
2,6,52,0.4143693389582488
2,6,53,0.41639616282798625
2,6,54,0.4184562141786491
2,6,55,0.42021587155660456
2,6,56,0.42137916484431887
2,6,57,0.4218396417032926
2,6,58,0.42183600724301945
2,6,59,0.42182994455661327
2,6,60,0.42235443578327175
2,6,61,0.42405432244285846
2,6,62,0.4274824817597102
2,6,63,0.43277968243180664
2,6,64,0.4397803187454127
2,6,65,0.44798651033394726
2,6,66,0.4565550344560032
2,6,67,0.46449005859859266
2,6,68,0.4708196185743169
2,6,69,0.4748817228189646
2,6,70,0.4764076868524272
2,6,71,0.47549927647251045
2,6,72,0.47266895914503887
2,6,73,0.46873541819619313
2,6,74,0.46456669681534235
2,6,75,0.4609565167308076
2,6,76,0.4585534371738589
2,6,77,0.45771258709858303
2,6,78,0.4584364733833076
2,6,79,0.46034004272078066
2,6,80,0.4628117731988573
2,6,81,0.46533283457225677
2,6,82,0.4675241796140529
2,6,83,0.4691108473569149
2,6,84,0.4700528309454776
2,6,85,0.4705056116477791
2,6,86,0.4706767132246947
2,6,87,0.4707600516133213
2,6,88,0.4708972635111765
2,6,89,0.47104244718852406
2,6,90,0.47091202981008035
2,6,91,0.47024506066610977
2,6,92,0.4689397013590758
2,6,93,0.46699146116231577
2,6,94,0.4644986299016028
2,6,95,0.4617534601992668
2,6,96,0.45920572723544245
2,6,97,0.45726247750765087
2,6,98,0.456237047643831
2,6,99,0.4562588503225509
2,6,100,0.4571948177320679
2,6,101,0.4587830961046639
2,6,102,0.46081133122173973
2,6,103,0.4631067147623049
2,6,104,0.465520238376575
2,6,105,0.46803603515005154
2,6,106,0.47074154147093195
2,6,107,0.473666822491304
2,6,108,0.47676173137817046
2,6,109,0.4798714236390372
2,6,110,0.4827094713930906
2,6,111,0.4849277833798399
2,6,112,0.48627501934753176
2,6,113,0.48666914306383885
2,6,114,0.4861096064078476
2,6,115,0.484634561126017
2,6,116,0.4824041273385888
2,6,117,0.47969810556657194
2,6,118,0.47686286823805696
2,6,119,0.47432072394925323
2,6,120,0.4724730667559155
2,6,121,0.4715571037538094
2,6,122,0.471668283004121
2,6,123,0.4727311592902447
2,6,124,0.4744113406506611
2,6,125,0.4761674641917704
2,6,126,0.47741803245785397
2,6,127,0.4777591785500183
2,6,128,0.4770811371514804
2,6,129,0.4755422943651432
2,6,130,0.4734931025600698
2,6,131,0.47139516589929037
2,6,132,0.4696533500519844
2,6,133,0.4684933365854884
2,6,134,0.46789589497424977
2,6,135,0.4676552685504844
2,6,136,0.4675150287423095
2,6,137,0.4672568898766781
2,6,138,0.4667329662371325
2,6,139,0.46588273844045613
2,6,140,0.4647328976961436
2,6,141,0.4633801962050622
2,6,142,0.4619836917470819
2,6,143,0.46076393461812626
2,6,144,0.4599142793434404
2,6,145,0.4595225911707456
2,6,146,0.45959715273301527
2,6,147,0.4600554758298197
2,6,148,0.4606943360384791
2,6,149,0.46125242379792963
2,6,150,0.4615415387370826
2,6,151,0.46151385271584117
2,6,152,0.4613022008967747
2,6,153,0.461188926582183
2,6,154,0.46143686264708816
2,6,155,0.4621153393311249
2,6,156,0.463006215056046
2,6,157,0.46365608267662384
2,6,158,0.46355871552809313
2,6,159,0.462303579454527
2,6,160,0.45969134437379217
2,6,161,0.45587004970327455
2,6,162,0.45132716409784424
2,6,163,0.44674024876916624
2,6,164,0.44279603824111313
2,6,165,0.4400009664340154
2,6,166,0.4385864859495198
2,6,167,0.43853207941462174
2,6,168,0.4395972941868647
2,6,169,0.4414747156642752
2,6,170,0.44392596176073035
2,6,171,0.44677070130236635
2,6,172,0.44985944520532134
2,6,173,0.4530958145914256
2,6,174,0.4563439697356282
2,6,175,0.4593623999215629
2,6,176,0.4618429095770075
2,6,177,0.4635070161083898
2,6,178,0.4642176374314997
2,6,179,0.4640416733199641
2,6,180,0.46320905360883424
2,6,181,0.4620375565443258
2,6,182,0.46087423682644496
2,6,183,0.46003711968793704
2,6,184,0.45971864144012314
2,6,185,0.45990616565259307
2,6,186,0.4604052893002275
2,6,187,0.460993304381435
2,6,188,0.46154884575810745
2,6,189,0.46202713091520237
2,6,190,0.46241155538078765
2,6,191,0.4627160073731218
2,6,192,0.46305389501327765
2,6,193,0.4636094829062011
2,6,194,0.464534219391232
2,6,195,0.4658858240677901
2,6,196,0.46762514176892395
2,6,197,0.46966039116985714
2,6,198,0.4718417871545396
2,6,199,0.47395596865729267
2,6,200,0.4757575050204665
2,6,201,0.47706549767717404
2,6,202,0.4778327049902687
2,6,203,0.47811382876321107
2,6,204,0.47808772914564435
2,6,205,0.47797707219549934
2,6,206,0.4778995646583626
2,6,207,0.4778539992649649
2,6,208,0.4778017901992405
2,6,209,0.47773852741930356
2,6,210,0.4776443564886952
2,6,211,0.47752329969717416
2,6,212,0.4774950369253571
2,6,213,0.4777203941599751
2,6,214,0.47829056255800956
2,6,215,0.4791920027347222
2,6,216,0.4803061184692917
2,6,217,0.4813743567383826
2,6,218,0.48214291600949855
2,6,219,0.48256642131192395
2,6,220,0.48275266262767813
2,6,221,0.4828508214204684
2,6,222,0.4830106061322782
2,6,223,0.48330037087777955
2,6,224,0.483622856759128
2,6,225,0.4837229355098048
2,6,226,0.48334011901903035
2,6,227,0.48230405149713307
2,6,228,0.48057090330324803
2,6,229,0.4782765814379061
2,6,230,0.47573441845641096
2,6,231,0.4733606628402414
2,6,232,0.47153231773122295
2,6,233,0.47048239550097876
2,6,234,0.47025596509746614
2,6,235,0.4707142233098826
2,6,236,0.4716190435334221
2,6,237,0.4726122404879078
2,6,238,0.47331819229195876
2,6,239,0.47354563416091716
2,6,240,0.47334398661415805
2,6,241,0.472958865835999
2,6,242,0.472773609075925
2,6,243,0.4732574031225396
2,6,244,0.47485139866358866
2,6,245,0.47776972131319534
2,6,246,0.48185519274976546
2,6,247,0.4866187314674087
2,6,248,0.491383105641734
2,6,249,0.495429824645982
2,6,250,0.4982057665767229
2,6,251,0.49939947194360557
2,6,252,0.498917018846193
2,6,253,0.4969362377198998
2,6,254,0.4938514231334386
2,6,255,0.49016915465021377
2,6,256,0.48643484378894347
2,6,257,0.48316139035800026
2,6,258,0.4807883539977462
2,6,259,0.4795941915352413
2,6,260,0.4797103071467304
2,6,261,0.48112336905174863
2,6,262,0.4836182942198311
2,6,263,0.48680642301091415
2,6,264,0.49023360741877253
2,6,265,0.4935053534002325
2,6,266,0.4963167731087432
2,6,267,0.4984165841910982
2,6,268,0.4996410253494256
2,6,269,0.4999668807130442
2,6,270,0.4993924859036355
2,6,271,0.49789678487832373
2,6,272,0.49552501079677863
2,6,273,0.4923975413746624
2,6,274,0.48875592991139144
2,6,275,0.48496972551568407
2,6,276,0.48141117597194666
2,6,277,0.4783831903689884
2,6,278,0.47605945456615717
2,6,279,0.47445748188858916
2,6,280,0.4735614005674582
2,6,281,0.4732526875076256
2,6,282,0.4732913133535265
2,6,283,0.4735374308527808
2,6,284,0.47400845269580394
2,6,285,0.4747655745330453
2,6,286,0.47583886337681564
2,6,287,0.47720061424592985
2,6,288,0.47877022558789256
2,6,289,0.4804274834835115
2,6,290,0.4820059748213034
2,6,291,0.48336146439482147
2,6,292,0.48449561085707404
2,6,293,0.4855133038854305
2,6,294,0.48654797163831076
2,6,295,0.48768377020383763
2,6,296,0.48889346618482377
2,6,297,0.490048460312818
2,6,298,0.49096815643587344
2,6,299,0.4914523750444664
2,6,300,0.4913715290338146
2,6,301,0.4907071804418592
2,6,302,0.4895278304259674
2,6,303,0.4879993811161767
2,6,304,0.48634207298982995
2,6,305,0.4847349724568309
2,6,306,0.48332504382797087
2,6,307,0.4822216735089461
2,6,308,0.4814377476422806
2,6,309,0.48084960280284905
2,6,310,0.4802418943249255
2,6,311,0.4794164735170533
2,6,312,0.47824029901205933
2,6,313,0.4766007900859705
2,6,314,0.47442802313255145
2,6,315,0.47180484947288426
2,6,316,0.4690291486673911
2,6,317,0.4665385552583756
2,6,318,0.46473894436999846
2,6,319,0.4638923945620064
2,6,320,0.4641519734645724
2,6,321,0.46554147485482533
2,6,322,0.467900282719938
2,6,323,0.4708448916452091
2,6,324,0.47385524271420454
2,6,325,0.4764353956503122
2,6,326,0.47823109060596547
2,6,327,0.4791820696355475
2,6,328,0.47949974593121336
2,6,329,0.4794572054296633
2,6,330,0.47935610028795633
2,6,331,0.4795125135485766
2,6,332,0.4800553012745864
2,6,333,0.4807711242829571
2,6,334,0.48123283405117945
2,6,335,0.481010324007728
2,6,336,0.4798616730432743
2,6,337,0.47783164824567265
2,6,338,0.47523400311763175
2,6,339,0.4725975907616635
2,6,340,0.4704963048171127
2,6,341,0.46938353862491744
2,6,342,0.4694652987661021
2,6,343,0.4706028534216852
2,6,344,0.47237572450518633
2,6,345,0.47428900389547346
2,6,346,0.475945601311626
2,6,347,0.4770744699179298
2,6,348,0.4775037539492375
2,6,349,0.4772233782704276
2,6,350,0.4763639220791158
2,6,351,0.4751581183803968
2,6,352,0.4738155433769455
2,6,353,0.4724583430359827
2,6,354,0.4712051415682926
2,6,355,0.4702132902605036
2,6,356,0.4696172731972731
2,6,357,0.4694837048778516
2,6,358,0.4698533919639934
2,6,359,0.47071922456832055
2,6,360,0.47196935969458836
2,7,0,0.5208681610270165
2,7,1,0.5197432592681613
2,7,2,0.5180539678555021
2,7,3,0.5159421430679896
2,7,4,0.5136842053128882
2,7,5,0.5115981881821188
2,7,6,0.509898680614394
2,7,7,0.5086643461506466
2,7,8,0.5078508005996358
2,7,9,0.507316800879145
2,7,10,0.5068366147657981
2,7,11,0.5060846715870927
2,7,12,0.5047960649712923
2,7,13,0.5029229045332689
2,7,14,0.5006438493604501
2,7,15,0.49820944379987686
2,7,16,0.4958441675493735
2,7,17,0.49376780946779086
2,7,18,0.4922121863872539
2,7,19,0.4912782999856062
2,7,20,0.4909347103874211
2,7,21,0.49115500816433166
2,7,22,0.4920034618001796
2,7,23,0.49353195675651823
2,7,24,0.4957391283397665
2,7,25,0.4984930646997615
2,7,26,0.5014845963426268
2,7,27,0.5043308677148012
2,7,28,0.5067105697641374
2,7,29,0.508338113901969
2,7,30,0.5089728976633238
2,7,31,0.5084729039963695
2,7,32,0.5068307900984296
2,7,33,0.504075518703808
2,7,34,0.5002341190057301
2,7,35,0.49521896546790495
2,7,36,0.48891693664086694
2,7,37,0.4813661904248219
2,7,38,0.4727586728960209
2,7,39,0.46342270410502856
2,7,40,0.45379954557997837
2,7,41,0.44439532837756474
2,7,42,0.4356564920627796
2,7,43,0.4278284259816126
2,7,44,0.4210477411420137
2,7,45,0.4153952584046311
2,7,46,0.41085781748428185
2,7,47,0.40733400665988084
2,7,48,0.4047855225776894
2,7,49,0.40326722813108534
2,7,50,0.40282753212816985
2,7,51,0.4034000918105285
2,7,52,0.4047122038247619
2,7,53,0.4063813039668261
2,7,54,0.40809865538615586
2,7,55,0.40964475608598977
2,7,56,0.4108244848034279
2,7,57,0.41158078827638606
2,7,58,0.41210348145519454
2,7,59,0.4127992706143005
2,7,60,0.4142060068330707
2,7,61,0.41696612530151445
2,7,62,0.4215256982268865
2,7,63,0.4278765269714913
2,7,64,0.4357464295260293
2,7,65,0.4446020050524912
2,7,66,0.45360097464311067
2,7,67,0.46175465774342755
2,7,68,0.4681457792725035
2,7,69,0.47217395035047016
2,7,70,0.47364296976872
2,7,71,0.4727482378953007
2,7,72,0.4700259460840909
2,7,73,0.4661710540051052
2,7,74,0.46190958936514215
2,7,75,0.45795762156719205
2,7,76,0.4549495020288875
2,7,77,0.45331636239970147
2,7,78,0.453148392350797
2,7,79,0.45413657669803514
2,7,80,0.455725960316565
2,7,81,0.45741831535903216
2,7,82,0.45880914511280413
2,7,83,0.45954094911753435
2,7,84,0.45948651347372715
2,7,85,0.4587360108983054
2,7,86,0.4575389761529162
2,7,87,0.4562195283741931
2,7,88,0.4551209754148021
2,7,89,0.454398289913727
2,7,90,0.4538848067679189
2,7,91,0.45335233137172454
2,7,92,0.45261874768963334
2,7,93,0.45151847261177697
2,7,94,0.44994406036535994
2,7,95,0.4479738748940238
2,7,96,0.4458668129980338
2,7,97,0.4439749241824857
2,7,98,0.44269363946129314
2,7,99,0.4422879670371675
2,7,100,0.44279941613502605
2,7,101,0.44411079067473663
2,7,102,0.44603547402931815
2,7,103,0.44839925968891603
2,7,104,0.4510377239324915
2,7,105,0.4538528046916153
2,7,106,0.45683163415749284
2,7,107,0.45993893442534384
2,7,108,0.46308409840701736
2,7,109,0.4661018422338616
2,7,110,0.4687369023548361
2,7,111,0.4707540654434869
2,7,112,0.4720207006277619
2,7,113,0.47249647765438524
2,7,114,0.47220279049572655
2,7,115,0.47121730829140257
2,7,116,0.4696707251578154
2,7,117,0.46776776442573215
2,7,118,0.46579155941705613
2,7,119,0.46408278325165464
2,7,120,0.46295798519253323
2,7,121,0.46265035637221275
2,7,122,0.4633047401964393
2,7,123,0.46485828855871875
2,7,124,0.46696033292421385
2,7,125,0.46909283804541535
2,7,126,0.4707340173328917
2,7,127,0.4715419263657762
2,7,128,0.4714534252975568
2,7,129,0.47065577127235336
2,7,130,0.46949875600644636
2,7,131,0.4684392485938454
2,7,132,0.46790689332730256
2,7,133,0.46813916560002233
2,7,134,0.46908239174614363
2,7,135,0.4704818149066355
2,7,136,0.4720189708234445
2,7,137,0.4733686509024221
2,7,138,0.47424213619203276
2,7,139,0.4744382053169573
2,7,140,0.47384849002760904
2,7,141,0.472471926985688
2,7,142,0.470421577003657
2,7,143,0.4679378076352332
2,7,144,0.4653271731855624
2,7,145,0.4628870847161445
2,7,146,0.46089332740071176
2,7,147,0.459511360062724
2,7,148,0.45871414396070503
2,7,149,0.4583342634992624
2,7,150,0.45821318284570817
2,7,151,0.4582564431682277
2,7,152,0.4584511779224618
2,7,153,0.45888040437091365
2,7,154,0.45968647965651344
2,7,155,0.46098057158936023
2,7,156,0.46267386667636
2,7,157,0.4644318801537643
2,7,158,0.4657979657843829
2,7,159,0.46634021748573734
2,7,160,0.4657421323272291
2,7,161,0.4639167812743254
2,7,162,0.46105748462667934
2,7,163,0.45754198441234506
2,7,164,0.45385289509166976
2,7,165,0.45049550260135784
2,7,166,0.4479019363294241
2,7,167,0.446338555199858
2,7,168,0.44586665574512924
2,7,169,0.4464637209883536
2,7,170,0.44805942784859504
2,7,171,0.4504756191708228
2,7,172,0.4534102808603918
2,7,173,0.4565226615316016
2,7,174,0.4594442316805352
2,7,175,0.4618071039983502
2,7,176,0.46332977541645737
2,7,177,0.46387398916024764
2,7,178,0.4635057549186972
2,7,179,0.4625105170162575
2,7,180,0.46129407863187727
2,7,181,0.4602428305650309
2,7,182,0.4596436191925865
2,7,183,0.45965632703654874
2,7,184,0.4602847945781339
2,7,185,0.46134894472114135
2,7,186,0.46255933735681243
2,7,187,0.4636642236845899
2,7,188,0.4645576134831344
2,7,189,0.46526450596638147
2,7,190,0.46585813450428926
2,7,191,0.4664265941816053
2,7,192,0.4670956008578084
2,7,193,0.4679849586300699
2,7,194,0.4691651830325203
2,7,195,0.47064131294779565
2,7,196,0.47236397345897324
2,7,197,0.4742760140098566
2,7,198,0.4763345351983227
2,7,199,0.4784773589253951
2,7,200,0.48058445358878327
2,7,201,0.4825146883792744
2,7,202,0.4841702176154237
2,7,203,0.4854953222603809
2,7,204,0.4864811002575788
2,7,205,0.48714091879001287
2,7,206,0.48745286056510806
2,7,207,0.4873476695067614
2,7,208,0.4867589832271266
2,7,209,0.4856975369970684
2,7,210,0.4842121690253177
2,7,211,0.4823939255910791
2,7,212,0.48043760445620304
2,7,213,0.4785908463294506
2,7,214,0.4770357239510378
2,7,215,0.47583306072657844
2,7,216,0.47496352937577296
2,7,217,0.47432749439303795
2,7,218,0.47382835867229917
2,7,219,0.47350555761460456
2,7,220,0.4734462051280172
2,7,221,0.47370930521479726
2,7,222,0.4743136700175241
2,7,223,0.47513111335569674
2,7,224,0.475825396874696
2,7,225,0.4759550453552121
2,7,226,0.47519488637164203
2,7,227,0.4734702109576775
2,7,228,0.47096680011352365
2,7,229,0.4680963484905154
2,7,230,0.4654004294751853
2,7,231,0.46341962031979217
2,7,232,0.4625459200070505
2,7,233,0.46290743080346275
2,7,234,0.46423675668960296
2,7,235,0.4659579173863082
2,7,236,0.4674844470907091
2,7,237,0.4683323677299652
2,7,238,0.468202428283724
2,7,239,0.4671144365667586
2,7,240,0.46545827154427016
2,7,241,0.4638649432856476
2,7,242,0.4630140542507056
2,7,243,0.4635039103171687
2,7,244,0.4656620632107976
2,7,245,0.4693972548772235
2,7,246,0.47423141484682
2,7,247,0.47947536110743083
2,7,248,0.4843447867610106
2,7,249,0.4880961391730728
2,7,250,0.4902562333151821
2,7,251,0.49066782263940056
2,7,252,0.4894098311487743
2,7,253,0.48681014900746267
2,7,254,0.4834100501494021
2,7,255,0.4798324840084772
2,7,256,0.4766861630519707
2,7,257,0.47449797149726236
2,7,258,0.4736352675203636
2,7,259,0.47424492540746976
2,7,260,0.4762855308239314
2,7,261,0.4795220706872798
2,7,262,0.4835598941910787
2,7,263,0.48789373511776934
2,7,264,0.49205023114246765
2,7,265,0.4956835226806485
2,7,266,0.49852195474152333
2,7,267,0.5003814979567925
2,7,268,0.5012263390324868
2,7,269,0.5011336043253943
2,7,270,0.5001952849033078
2,7,271,0.49848290308663173
2,7,272,0.49611350159232487
2,7,273,0.4932610657108084
2,7,274,0.4901758636314142
2,7,275,0.4871537221896113
2,7,276,0.4844734344173596
2,7,277,0.48233527143032645
2,7,278,0.4808308077925505
2,7,279,0.4799509535063531
2,7,280,0.4796817366519963
2,7,281,0.4799334219610903
2,7,282,0.4805264004210555
2,7,283,0.48133934374157084
2,7,284,0.48234857218762917
2,7,285,0.4835538737656227
2,7,286,0.4849162060882093
2,7,287,0.48634583198742587
2,7,288,0.48771350833866095
2,7,289,0.4888905896193787
2,7,290,0.48974924249068286
2,7,291,0.4902409306112349
2,7,292,0.49047778492064736
2,7,293,0.49063448703241985
2,7,294,0.4908850494795874
2,7,295,0.4913608040565733
2,7,296,0.4920738990414198
2,7,297,0.4929015858992215
2,7,298,0.4936404481332424
2,7,299,0.49409674498493056
2,7,300,0.49415996202373147
2,7,301,0.49380905586824997
2,7,302,0.4931567170931514
2,7,303,0.49246672472638875
2,7,304,0.4919946249903868
2,7,305,0.49189252968411196
2,7,306,0.49220750563497906
2,7,307,0.49287156450244246
2,7,308,0.4936648562131471
2,7,309,0.4942482929184435
2,7,310,0.49429385443172685
2,7,311,0.49361758276136136
2,7,312,0.4921770509657583
2,7,313,0.49003008098017226
2,7,314,0.4873472059015467
2,7,315,0.48439259097250026
2,7,316,0.48151866656354925
2,7,317,0.4790934802207535
2,7,318,0.47735852241632143
2,7,319,0.4763584801546249
2,7,320,0.47601626505843403
2,7,321,0.4762364723344706
2,7,322,0.47691131380079155
2,7,323,0.4778255291778082
2,7,324,0.47868841781951166
2,7,325,0.47929469153641574
2,7,326,0.47957520941185094
2,7,327,0.4796326496483704
2,7,328,0.4796816027159259
2,7,329,0.47987077571367476
2,7,330,0.4803075227585153
2,7,331,0.4811100190406182
2,7,332,0.4823104030992485
2,7,333,0.4837296053038571
2,7,334,0.48501741278755267
2,7,335,0.4858074984604789
2,7,336,0.4858889364859126
2,7,337,0.48525679455875714
2,7,338,0.4840832029598604
2,7,339,0.4826945938820832
2,7,340,0.4814575568292909
2,7,341,0.4806917145060373
2,7,342,0.48061136824758227
2,7,343,0.4812372963197764
2,7,344,0.48237532000285127
2,7,345,0.48373211126781346
2,7,346,0.4850312153031934
2,7,347,0.48600226977021804
2,7,348,0.4863758963699963
2,7,349,0.48598086884725017
2,7,350,0.4847730207534192
2,7,351,0.4828672373218083
2,7,352,0.4804672185159398
2,7,353,0.47782703129135146
2,7,354,0.47528079896279785
2,7,355,0.47319916028739223
2,7,356,0.4718870409000653
2,7,357,0.4715229191024196
2,7,358,0.4721430814458797
2,7,359,0.4736127168715368
2,7,360,0.47563224699842604
2,8,0,0.525816780007457
2,8,1,0.5238087885592858
2,8,2,0.5209034164262961
2,8,3,0.5174293431699895
2,8,4,0.5138525819006464
2,8,5,0.5106283076023995
2,8,6,0.508032881832256
2,8,7,0.5061624579843256
2,8,8,0.5049634921608525
2,8,9,0.5042215594892326
2,8,10,0.5035674803880215
2,8,11,0.5025560707922114
2,8,12,0.5008813611614057
2,8,13,0.498503463372346
2,8,14,0.49561332384048823
2,8,15,0.4924917184687734
2,8,16,0.48942677556264946
2,8,17,0.486714807928109
2,8,18,0.4846343763680692
2,8,19,0.4833318641258071
2,8,20,0.4828199936701124
2,8,21,0.48305599289437956
2,8,22,0.4840608424021998
2,8,23,0.48584092032211995
2,8,24,0.48832454504438005
2,8,25,0.4913241175701548
2,8,26,0.49451720347081746
2,8,27,0.49753849555197704
2,8,28,0.500099182416148
2,8,29,0.5019434962503654
2,8,30,0.5028409127853488
2,8,31,0.5026579093196927
2,8,32,0.5013968113230736
2,8,33,0.4990933288786379
2,8,34,0.49579985199627347
2,8,35,0.4914641737189456
2,8,36,0.4859988517882196
2,8,37,0.479449791342143
2,8,38,0.471987685778177
2,8,39,0.463839713820379
2,8,40,0.4552610292577681
2,8,41,0.44657699541973267
2,8,42,0.43807687671692624
2,8,43,0.4298679671642624
2,8,44,0.4220411511644801
2,8,45,0.4147284250171237
2,8,46,0.4080867725777149
2,8,47,0.40227149518123173
2,8,48,0.39749251225290577
2,8,49,0.39399806593217773
2,8,50,0.3919523553581299
2,8,51,0.3913435177617027
2,8,52,0.39191096951468407
2,8,53,0.39323179301425015
2,8,54,0.3949157594832303
2,8,55,0.39672881883971484
2,8,56,0.3985716087188672
2,8,57,0.40045692385437887
2,8,58,0.40255382119645144
2,8,59,0.4051739451109383
2,8,60,0.40871990057541446
2,8,61,0.41366154794991705
2,8,62,0.42021053484213966
2,8,63,0.4281580441497059
2,8,64,0.43703900825447767
2,8,65,0.4462283559925515
2,8,66,0.45495454874945823
2,8,67,0.46238255658270944
2,8,68,0.4678070821179175
2,8,69,0.47080918595584803
2,8,70,0.4713193405052201
2,8,71,0.46964659846348544
2,8,72,0.46636167714071175
2,8,73,0.4621046949526637
2,8,74,0.45750370685973146
2,8,75,0.45322677346376955
2,8,76,0.4499039451360206
2,8,77,0.44802003909073534
2,8,78,0.4477203960233455
2,8,79,0.44871737763012676
2,8,80,0.45045134115585284
2,8,81,0.45235715364704415
2,8,82,0.45396933184185023
2,8,83,0.4549176759013025
2,8,84,0.4550474287427097
2,8,85,0.45446093618362393
2,8,86,0.4534524398265031
2,8,87,0.4523689474402582
2,8,88,0.45153929522931835
2,8,89,0.45107426673011464
2,8,90,0.45073413847858534
2,8,91,0.4501746194369407
2,8,92,0.4491293777715091
2,8,93,0.44746273171347545
2,8,94,0.4451965594824076
2,8,95,0.4425744172729777
2,8,96,0.4400128370952818
2,8,97,0.4380085337335536
2,8,98,0.4370108401142953
2,8,99,0.4372633930511756
2,8,100,0.4387101656614155
2,8,101,0.44100849040568657
2,8,102,0.44369956193409127
2,8,103,0.4464360934794197
2,8,104,0.4490202090282608
2,8,105,0.45140304810273113
2,8,106,0.45366516362389475
2,8,107,0.45592263762755786
2,8,108,0.45825526903286307
2,8,109,0.4606227197850597
2,8,110,0.46283940991304423
2,8,111,0.4646943837019292
2,8,112,0.4659708701278228
2,8,113,0.46649680334646804
2,8,114,0.4662175574200209
2,8,115,0.4651713265690671
2,8,116,0.46345635128324
2,8,117,0.4612789694692608
2,8,118,0.45895857237531545
2,8,119,0.4568720259810623
2,8,120,0.45535019842120805
2,8,121,0.45465142228571287
2,8,122,0.4549684703738917
2,8,123,0.45624455519350693
2,8,124,0.45809478656880664
2,8,125,0.45998089666426256
2,8,126,0.4613406979738164
2,8,127,0.4617688519867446
2,8,128,0.4611722165770111
2,8,129,0.459756398182175
2,8,130,0.45791926496066215
2,8,131,0.4562143549096229
2,8,132,0.45524417203880113
2,8,133,0.45545022421261594
2,8,134,0.4569208010343085
2,8,135,0.45944080876065585
2,8,136,0.46263562582199985
2,8,137,0.46602982522846015
2,8,138,0.46910970667819724
2,8,139,0.47143652860405083
2,8,140,0.47266119698899606
2,8,141,0.47258771178754133
2,8,142,0.47124364631787974
2,8,143,0.46888933452476844
2,8,144,0.4659420850030314
2,8,145,0.462907224437905
2,8,146,0.46029092240452235
2,8,147,0.45841418510607446
2,8,148,0.45730386194729006
2,8,149,0.45675612037234753
2,8,150,0.45648077906892043
2,8,151,0.45620777537990403
2,8,152,0.4557632936477363
2,8,153,0.4551246661398403
2,8,154,0.45445473513388096
2,8,155,0.45406362007334783
2,8,156,0.4541956616522795
2,8,157,0.4548846511805633
2,8,158,0.4559490573962857
2,8,159,0.45710221627807207
2,8,160,0.4580667713481877
2,8,161,0.45861233531757334
2,8,162,0.4586030586198471
2,8,163,0.45801298346421165
2,8,164,0.456938533316417
2,8,165,0.45559253395271393
2,8,166,0.4542722208760465
2,8,167,0.4532336633816788
2,8,168,0.4526430952978105
2,8,169,0.45267638872848603
2,8,170,0.4534513273638835
2,8,171,0.45493685963755537
2,8,172,0.4569564674905563
2,8,173,0.45925893806068413
2,8,174,0.46154421968245946
2,8,175,0.46351024557155296
2,8,176,0.4649226808523571
2,8,177,0.4656668912096687
2,8,178,0.4657931462256801
2,8,179,0.46549871266176135
2,8,180,0.46505230406901404
2,8,181,0.4646746439806887
2,8,182,0.4644845639661539
2,8,183,0.4645122650574049
2,8,184,0.46470180195581845
2,8,185,0.46491025336275416
2,8,186,0.46497703304092725
2,8,187,0.4648272919836393
2,8,188,0.4645311240874064
2,8,189,0.46425897506744257
2,8,190,0.4641472865210402
2,8,191,0.46427282398694225
2,8,192,0.4646828195131349
2,8,193,0.46537584052808223
2,8,194,0.4663188216518671
2,8,195,0.4674641367175148
2,8,196,0.4687841041140993
2,8,197,0.47031187912953043
2,8,198,0.4721147470953021
2,8,199,0.474202416519682
2,8,200,0.4764856027476896
2,8,201,0.4787900705754705
2,8,202,0.4809056969413437
2,8,203,0.4826399308885928
2,8,204,0.48383882083578544
2,8,205,0.484396741310531
2,8,206,0.4842239666315337
2,8,207,0.48325236755631473
2,8,208,0.4815043507787852
2,8,209,0.4790677876720659
2,8,210,0.4760367668745697
2,8,211,0.472546206654263
2,8,212,0.46883935296644125
2,8,213,0.46522288404526035
2,8,214,0.46195538544497833
2,8,215,0.4592129440851909
2,8,216,0.4570771127157252
2,8,217,0.45558990721818726
2,8,218,0.45477375696170086
2,8,219,0.4546712341602271
2,8,220,0.4552674983154514
2,8,221,0.4564367811946478
2,8,222,0.4580003793534807
2,8,223,0.45966271031427947
2,8,224,0.46099284207390584
2,8,225,0.46154268084162714
2,8,226,0.46104340175071423
2,8,227,0.45953740469779913
2,8,228,0.4573633814176602
2,8,229,0.45509583043830804
2,8,230,0.4533115231205886
2,8,231,0.4524939130726527
2,8,232,0.45293707228921815
2,8,233,0.4546141138699753
2,8,234,0.4570412981660223
2,8,235,0.45944468281371925
2,8,236,0.4611304006334704
2,8,237,0.46164912533870733
2,8,238,0.46085675536890525
2,8,239,0.45898890434128004
2,8,240,0.45667677251643934
2,8,241,0.4547655455246315
2,8,242,0.45404171470263094
2,8,243,0.45509920925721165
2,8,244,0.45815409369259874
2,8,245,0.4629341081372869
2,8,246,0.4688256905925668
2,8,247,0.47511575067104733
2,8,248,0.4810400201149837
2,8,249,0.4858771427658205
2,8,250,0.48917329112113284
2,8,251,0.49081663090022004
2,8,252,0.49088558058393256
2,8,253,0.48961222574921937
2,8,254,0.4874234736351347
2,8,255,0.48486028950888743
2,8,256,0.4824800682128876
2,8,257,0.4807925734053214
2,8,258,0.4801944467154794
2,8,259,0.48087653410500547
2,8,260,0.48280767346926184
2,8,261,0.4857645629746937
2,8,262,0.48937730586777256
2,8,263,0.49316950787385855
2,8,264,0.49668737477530156
2,8,265,0.49963033839229315
2,8,266,0.5018222179831311
2,8,267,0.5031845439551069
2,8,268,0.5037314199861377
2,8,269,0.5035364561752599
2,8,270,0.5026690176447277
2,8,271,0.5011005357604793
2,8,272,0.4987843022318113
2,8,273,0.49578503332990714
2,8,274,0.4923037742487257
2,8,275,0.4886460142936334
2,8,276,0.4851740751569998
2,8,277,0.48221646025702836
2,8,278,0.4800014851961331
2,8,279,0.478598550595487
2,8,280,0.47798349051076755
2,8,281,0.47805701441625587
2,8,282,0.4786158458433515
2,8,283,0.47948498892720975
2,8,284,0.48063970164413705
2,8,285,0.482122561040386
2,8,286,0.48391824024972374
2,8,287,0.48595691327223667
2,8,288,0.4881127088213274
2,8,289,0.4901981065162075
2,8,290,0.4919729239975479
2,8,291,0.4932474926651377
2,8,292,0.49400821970369563
2,8,293,0.49435218321667096
2,8,294,0.4944210277550615
2,8,295,0.4943889478992337
2,8,296,0.494380224952621
2,8,297,0.49440480708986123
2,8,298,0.49437130211733504
2,8,299,0.4941699382973499
2,8,300,0.4937388181714346
2,8,301,0.493075066854607
2,8,302,0.4922844984836619
2,8,303,0.49160921264154944
2,8,304,0.4912843508601372
2,8,305,0.4914362637672956
2,8,306,0.4920880006861528
2,8,307,0.4931511047422005
2,8,308,0.4943731726872369
2,8,309,0.4954136435689744
2,8,310,0.4959895522392735
2,8,311,0.4959785165721434
2,8,312,0.4953557018688649
2,8,313,0.49410963069435604
2,8,314,0.49227381307905843
2,8,315,0.48997437118980874
2,8,316,0.4874567210880219
2,8,317,0.48503078572141245
2,8,318,0.4829748704535263
2,8,319,0.48146399467042733
2,8,320,0.48060625450922223
2,8,321,0.48046980847940246
2,8,322,0.4810082385128121
2,8,323,0.4819749635448359
2,8,324,0.483005880695585
2,8,325,0.48383266090539606
2,8,326,0.48436995077217365
2,8,327,0.4847183350936007
2,8,328,0.48506541119666424
2,8,329,0.4855082513089917
2,8,330,0.48608360148827384
2,8,331,0.4868208455880487
2,8,332,0.4877013084949901
2,8,333,0.48858953288499707
2,8,334,0.4892929637474186
2,8,335,0.489656799544101
2,8,336,0.48966448644934746
2,8,337,0.48943733502576003
2,8,338,0.48915311504169295
2,8,339,0.48898364640299763
2,8,340,0.48902862082953585
2,8,341,0.48931059163630103
2,8,342,0.48983730966648587
2,8,343,0.4905770945930117
2,8,344,0.4914086763414857
2,8,345,0.4921912878339179
2,8,346,0.492837254496011
2,8,347,0.49328105654406357
2,8,348,0.49344101480317676
2,8,349,0.4932318193901784
2,8,350,0.49256990899657527
2,8,351,0.4914512050355516
2,8,352,0.48994468137920266
2,8,353,0.48820763057117955
2,8,354,0.48651386778031036
2,8,355,0.48519590259735296
2,8,356,0.4845533522341984
2,8,357,0.4847910370672367
2,8,358,0.4859384312836643
2,8,359,0.4878165462646394
2,8,360,0.49006308483321287
2,9,0,0.5236780778829572
2,9,1,0.5232418791923727
2,9,2,0.5217860872506243
2,9,3,0.519387388267731
2,9,4,0.5163356810040715
2,9,5,0.5130590562123715
2,9,6,0.5099626212933388
2,9,7,0.5073865693103983
2,9,8,0.5055512112892866
2,9,9,0.5044788723739545
2,9,10,0.5039748465745449
2,9,11,0.5037101234855307
2,9,12,0.5033811028853498
2,9,13,0.5027889873142742
2,9,14,0.5018862777935438
2,9,15,0.500743826438132
2,9,16,0.4994804097594118
2,9,17,0.49823293583879175
2,9,18,0.49710175911480786
2,9,19,0.4961416566529169
2,9,20,0.49539985360970573
2,9,21,0.49489331007324205
2,9,22,0.49470018712514974
2,9,23,0.49494164527653545
2,9,24,0.49569662129833303
2,9,25,0.4969615688379933
2,9,26,0.4986118207762753
2,9,27,0.5004203005599804
2,9,28,0.5021278831229062
2,9,29,0.5034083003737105
2,9,30,0.503936168072379
2,9,31,0.5034869726475567
2,9,32,0.5018983963073914
2,9,33,0.4990405299487296
2,9,34,0.494935413521625
2,9,35,0.48965055551000863
2,9,36,0.4832389831498456
2,9,37,0.4758902388898804
2,9,38,0.46789013379582267
2,9,39,0.45942706501119707
2,9,40,0.4506020317035847
2,9,41,0.4415498931836678
2,9,42,0.4323650088820021
2,9,43,0.42310289616755253
2,9,44,0.4139301239678
2,9,45,0.40515031669927837
2,9,46,0.3971666863289666
2,9,47,0.3903823295934699
2,9,48,0.38516351316429687
2,9,49,0.38177615476462334
2,9,50,0.38023767605059283
2,9,51,0.3803578178364318
2,9,52,0.38183289684273103
2,9,53,0.38419354160689867
2,9,54,0.38688508673650085
2,9,55,0.3894799251739192
2,9,56,0.39168282203985855
2,9,57,0.3933468482000394
2,9,58,0.39453781596219534
2,9,59,0.39554845606874756
2,9,60,0.3968590511927075
2,9,61,0.3991544372829497
2,9,62,0.4030726207328617
2,9,63,0.4088879567192336
2,9,64,0.41647258691175
2,9,65,0.4253458744210807
2,9,66,0.4347312087827202
2,9,67,0.44363717661549945
2,9,68,0.45104823333654076
2,9,69,0.45613639714032933
2,9,70,0.4584433697978096
2,9,71,0.4579973847668461
2,9,72,0.4552745016751597
2,9,73,0.4511103865598806
2,9,74,0.4464793098871213
2,9,75,0.44237349080141936
2,9,76,0.4397124098377657
2,9,77,0.43913019129218106
2,9,78,0.44073784908655284
2,9,79,0.44409902306595656
2,9,80,0.4484221526695121
2,9,81,0.45285179310961743
2,9,82,0.45664929985434716
2,9,83,0.4592893983771792
2,9,84,0.4605635043270643
2,9,85,0.46057475065365205
2,9,86,0.45961406432980134
2,9,87,0.458068147156504
2,9,88,0.45632124050242334
2,9,89,0.45454439967411686
2,9,90,0.45263200151959326
2,9,91,0.4504330175653431
2,9,92,0.4478927279196801
2,9,93,0.44508753380236443
2,9,94,0.44219618699122765
2,9,95,0.43952424346330893
2,9,96,0.43744292526409284
2,9,97,0.43629441787157025
2,9,98,0.4362783053522449
2,9,99,0.43737452165794116
2,9,100,0.43930671726259757
2,9,101,0.4416674952242196
2,9,102,0.4441357019233493
2,9,103,0.44657477990727007
2,9,104,0.44899147171902437
2,9,105,0.4515177931924909
2,9,106,0.45434362278905915
2,9,107,0.4575956057153061
2,9,108,0.4612628319067251
2,9,109,0.4651479755743269
2,9,110,0.46889637230831405
2,9,111,0.4721490763658064
2,9,112,0.4745954220063208
2,9,113,0.4760324854603545
2,9,114,0.4763806203132737
2,9,115,0.47564226112684316
2,9,116,0.4739330093358446
2,9,117,0.47152509777749535
2,9,118,0.46880623640179786
2,9,119,0.46625463895144487
2,9,120,0.4643395048831755
2,9,121,0.46346532501781684
2,9,122,0.46393272948183445
2,9,123,0.46570772514391345
2,9,124,0.46833847436805226
2,9,125,0.4711374106401758
2,9,126,0.4733356989610156
2,9,127,0.47431535171275147
2,9,128,0.4738234841503394
2,9,129,0.4719788082228992
2,9,130,0.46917874190092973
2,9,131,0.4660699579812403
2,9,132,0.463406223515208
2,9,133,0.4618074980927193
2,9,134,0.4615124341375606
2,9,135,0.46240660979712256
2,9,136,0.46419695192403715
2,9,137,0.4664863272581338
2,9,138,0.46881407195884384
2,9,139,0.47075033463578325
2,9,140,0.47190266719691787
2,9,141,0.47200150083554077
2,9,142,0.47099908654601763
2,9,143,0.4690652720674867
2,9,144,0.46651558304817065
2,9,145,0.46375032314137093
2,9,146,0.461194626123316
2,9,147,0.45913774098407484
2,9,148,0.45761105848548017
2,9,149,0.4564588580146107
2,9,150,0.45545812612878195
2,9,151,0.4544308085959524
2,9,152,0.45335048603561584
2,9,153,0.45235690108813575
2,9,154,0.4516922208848736
2,9,155,0.45164588227653857
2,9,156,0.45238168024036296
2,9,157,0.45379426065539247
2,9,158,0.4555092682069839
2,9,159,0.45703512488967935
2,9,160,0.4579732831713086
2,9,161,0.45810008636300675
2,9,162,0.45739819761452466
2,9,163,0.4560545049725815
2,9,164,0.45438571904576897
2,9,165,0.45275062775490116
2,9,166,0.4515299315895535
2,9,167,0.4510070777532478
2,9,168,0.45127723699072014
2,9,169,0.45233918793818617
2,9,170,0.45409939365945673
2,9,171,0.4563698931671443
2,9,172,0.4589167613757746
2,9,173,0.46149718483065283
2,9,174,0.46385912443342453
2,9,175,0.4657880909176381
2,9,176,0.46717352171847665
2,9,177,0.46806768380984737
2,9,178,0.46867131948932733
2,9,179,0.4692292010152558
2,9,180,0.4699758475098932
2,9,181,0.47104077620443147
2,9,182,0.4723892299542313
2,9,183,0.4738766077897663
2,9,184,0.47527553919326526
2,9,185,0.47629111319814876
2,9,186,0.47667399812547845
2,9,187,0.4763456509616127
2,9,188,0.4754122489655932
2,9,189,0.47411794771404225
2,9,190,0.47268560125403847
2,9,191,0.47123989703429575
2,9,192,0.4698514879467932
2,9,193,0.4685575722293871
2,9,194,0.4673888886617829
2,9,195,0.46639212927049184
2,9,196,0.4656392436547031
2,9,197,0.46527238908547225
2,9,198,0.4654436172721372
2,9,199,0.466194476881577
2,9,200,0.46745198572234814
2,9,201,0.46905642031310624
2,9,202,0.4707619236960589
2,9,203,0.4723179371006529
2,9,204,0.47354652555949794
2,9,205,0.4743421100949317
2,9,206,0.47460223507923527
2,9,207,0.4742517608996992
2,9,208,0.47326439343513854
2,9,209,0.47159248288340777
2,9,210,0.4691568570202851
2,9,211,0.4659397671581157
2,9,212,0.46205772637350884
2,9,213,0.45771069276980275
2,9,214,0.4531534029490657
2,9,215,0.44874246128288386
2,9,216,0.44485471657612735
2,9,217,0.4418441820299427
2,9,218,0.4400313115584118
2,9,219,0.43964977507699704
2,9,220,0.4407295794249029
2,9,221,0.44305613469732663
2,9,222,0.44623155350264404
2,9,223,0.44966360007511713
2,9,224,0.4526576475148236
2,9,225,0.45460009877315866
2,9,226,0.45516561708597236
2,9,227,0.4543855037831113
2,9,228,0.4526065212768209
2,9,229,0.45044415880009525
2,9,230,0.44852752831166076
2,9,231,0.4473360723347203
2,9,232,0.44710033660738413
2,9,233,0.4477329855216265
2,9,234,0.44879275572728483
2,9,235,0.44967109625264573
2,9,236,0.4498994674277669
2,9,237,0.44926972773155727
2,9,238,0.44786431116876835
2,9,239,0.44603801202888044
2,9,240,0.44439565727168573
2,9,241,0.4435937101595202
2,9,242,0.4441026022280328
2,9,243,0.44615065945885224
2,9,244,0.44966302744954384
2,9,245,0.45428387700663675
2,9,246,0.4595274277156441
2,9,247,0.4649512985206123
2,9,248,0.47013915368143666
2,9,249,0.47470540444464926
2,9,250,0.4784343922134534
2,9,251,0.4813128523208278
2,9,252,0.4833631178206918
2,9,253,0.4845850031937879
2,9,254,0.48505889286273335
2,9,255,0.484960471673048
2,9,256,0.48453026924489906
2,9,257,0.4840821006255327
2,9,258,0.48392761163909587
2,9,259,0.4842319352971132
2,9,260,0.48502774480334065
2,9,261,0.48626192608934277
2,9,262,0.4877673661792472
2,9,263,0.4892859024684836
2,9,264,0.4905766793707299
2,9,265,0.4915768472799533
2,9,266,0.4923692190920554
2,9,267,0.4930773222803158
2,9,268,0.49382427300696624
2,9,269,0.49463816375916414
2,9,270,0.49536087608245083
2,9,271,0.49564700748660717
2,9,272,0.49511936840299603
2,9,273,0.493512569995045
2,9,274,0.49076749739272985
2,9,275,0.48709833485836374
2,9,276,0.4829319748500909
2,9,277,0.47878687723696034
2,9,278,0.47511064469701014
2,9,279,0.4721781140383208
2,9,280,0.47012887001337017
2,9,281,0.4689606059642548
2,9,282,0.46854850452346714
2,9,283,0.4687880175325733
2,9,284,0.46969299780572665
2,9,285,0.47131748873614876
2,9,286,0.4736267152245353
2,9,287,0.4764804132789508
2,9,288,0.4796547201529152
2,9,289,0.48287413359028847
2,9,290,0.48582254888541077
2,9,291,0.4882333486833771
2,9,292,0.4900217475347569
2,9,293,0.4912310992185143
2,9,294,0.4919897127278534
2,9,295,0.49245911147153965
2,9,296,0.49271156574189373
2,9,297,0.49271790366182944
2,9,298,0.49241168226934234
2,9,299,0.4917716031202045
2,9,300,0.4908476269558161
2,9,301,0.48971941193385454
2,9,302,0.4885161321241985
2,9,303,0.4874551878203821
2,9,304,0.48677467508994315
2,9,305,0.48659369697264915
2,9,306,0.4869085616799163
2,9,307,0.48760325437728536
2,9,308,0.48846045287007345
2,9,309,0.4892549880422477
2,9,310,0.48980854703056265
2,9,311,0.4900295839681985
2,9,312,0.4898855203644123
2,9,313,0.48935211926054417
2,9,314,0.48843714712106207
2,9,315,0.48724586989184543
2,9,316,0.48600565118763794
2,9,317,0.4849523228469595
2,9,318,0.48425734015582544
2,9,319,0.4840190781393088
2,9,320,0.48428500988048995
2,9,321,0.48502148970538445
2,9,322,0.4860579317725448
2,9,323,0.48709626413348067
2,9,324,0.48780393051004173
2,9,325,0.487961349406628
2,9,326,0.4875077736884326
2,9,327,0.486571694462632
2,9,328,0.485378793574905
2,9,329,0.48410090668545097
2,9,330,0.48287072241016893
2,9,331,0.4818203729570706
2,9,332,0.48104621904404365
2,9,333,0.4805657744925304
2,9,334,0.4803432366203729
2,9,335,0.480303528587025
2,9,336,0.48037996259473037
2,9,337,0.4805723262256486
2,9,338,0.4809209762343237
2,9,339,0.481437198015491
2,9,340,0.4820662335052751
2,9,341,0.48274898072037187
2,9,342,0.4834718518000235
2,9,343,0.4842229841801476
2,9,344,0.48492917736983626
2,9,345,0.48548397928250164
2,9,346,0.4858246251376459
2,9,347,0.48596158845896326
2,9,348,0.48594326565844426
2,9,349,0.48583407408961055
2,9,350,0.48567109661723956
2,9,351,0.4854887026955987
2,9,352,0.4853456571989772
2,9,353,0.4853056573523746
2,9,354,0.48541716643809896
2,9,355,0.4857548029022289
2,9,356,0.486395125881777
2,9,357,0.48737199697638944
2,9,358,0.4886772067985229
2,9,359,0.49021248394024386
2,9,360,0.4917455173635954
2,10,0,0.5154854670818685
2,10,1,0.5150925644574311
2,10,2,0.5142758039797009
2,10,3,0.5129143017624528
2,10,4,0.5109926330353219
2,10,5,0.5086738548549665
2,10,6,0.5062005702723825
2,10,7,0.5038278709468299
2,10,8,0.5017723378539413
2,10,9,0.5001906556471909
2,10,10,0.4991311344690126
2,10,11,0.49852889737897105
2,10,12,0.4982709517274739
2,10,13,0.4982218381327451
2,10,14,0.4982774766774733
2,10,15,0.4984388237100077
2,10,16,0.49875495858775953
2,10,17,0.4992299983631089
2,10,18,0.499800343338201
2,10,19,0.5004199434986489
2,10,20,0.5010534597296702
2,10,21,0.5016205189246611
2,10,22,0.5021139341170398
2,10,23,0.502606652253194
2,10,24,0.50320689249912
2,10,25,0.5040196455859454
2,10,26,0.5050625120998286
2,10,27,0.506243196767981
2,10,28,0.5073930140081815
2,10,29,0.5082482740771727
2,10,30,0.508554037766874
2,10,31,0.5080978683400865
2,10,32,0.5066157923874541
2,10,33,0.5038857663016575
2,10,34,0.49988081381107463
2,10,35,0.49465955036825543
2,10,36,0.4882700807135547
2,10,37,0.48083507646281337
2,10,38,0.4725170418040403
2,10,39,0.4633947097600348
2,10,40,0.45347397448267684
2,10,41,0.442803382579504
2,10,42,0.4314438843824099
2,10,43,0.4195940170255042
2,10,44,0.4076560230436274
2,10,45,0.3962470767742057
2,10,46,0.386104176385568
2,10,47,0.3778965690394306
2,10,48,0.372102649694716
2,10,49,0.36893588871622623
2,10,50,0.3682540745027967
2,10,51,0.36964094165420824
2,10,52,0.37249602621317546
2,10,53,0.37602644945822056
2,10,54,0.3794274241939839
2,10,55,0.38209187853605736
2,10,56,0.38351228101758944
2,10,57,0.38347082789949444
2,10,58,0.3821585250410001
2,10,59,0.3801381114987395
2,10,60,0.3782500633003209
2,10,61,0.3775700751963944
2,10,62,0.3791391143678003
2,10,63,0.38352245732903795
2,10,64,0.39071943200923537
2,10,65,0.4001916499562077
2,10,66,0.4109356125817359
2,10,67,0.42161078574887667
2,10,68,0.43083320099929495
2,10,69,0.43752076793962963
2,10,70,0.4411059325257818
2,10,71,0.4416221299151948
2,10,72,0.43967602746266926
2,10,73,0.43635070325420483
2,10,74,0.43289632083636087
2,10,75,0.4304769268019528
2,10,76,0.4300167707042748
2,10,77,0.43194522441201416
2,10,78,0.43607510637582486
2,10,79,0.4416902555494775
2,10,80,0.447773346973148
2,10,81,0.4533690124174222
2,10,82,0.4577574868075698
2,10,83,0.4605089078349304
2,10,84,0.46157230860376014
2,10,85,0.46119253248566056
2,10,86,0.45969882908665
2,10,87,0.45743688663849386
2,10,88,0.45471926774200044
2,10,89,0.45168946298483625
2,10,90,0.4483020164912269
2,10,91,0.44453388637458024
2,10,92,0.4404810903526838
2,10,93,0.4363619832185843
2,10,94,0.43248852342007604
2,10,95,0.42924819154082056
2,10,96,0.42700702568757504
2,10,97,0.42602347859094924
2,10,98,0.4264237741100024
2,10,99,0.42813785011217914
2,10,100,0.43081383592265526
2,10,101,0.4339712723493422
2,10,102,0.43727489265150904
2,10,103,0.44057166638869827
2,10,104,0.44379959275540687
2,10,105,0.44702078357490493
2,10,106,0.45039394075193234
2,10,107,0.4540285214769817
2,10,108,0.45791351586659945
2,10,109,0.461888689707536
2,10,110,0.4656687513493
2,10,111,0.4689447268705942
2,10,112,0.471478671576388
2,10,113,0.4731648519933741
2,10,114,0.4739722045596504
2,10,115,0.4738648545536037
2,10,116,0.4729062599961969
2,10,117,0.4713216363925088
2,10,118,0.4694209302130343
2,10,119,0.46757327938610077
2,10,120,0.4661635774023222
2,10,121,0.4655637092361768
2,10,122,0.46605799830495515
2,10,123,0.4676303979305832
2,10,124,0.4699368598551813
2,10,125,0.47245068996548
2,10,126,0.47455016500784075
2,10,127,0.47572822884989485
2,10,128,0.4757575833093905
2,10,129,0.47467971290136163
2,10,130,0.4727535275288464
2,10,131,0.47046099193093843
2,10,132,0.4683904042490719
2,10,133,0.46699937004577585
2,10,134,0.4664358693931431
2,10,135,0.46661849222438645
2,10,136,0.46736705688623714
2,10,137,0.46842923611141735
2,10,138,0.4695148278697138
2,10,139,0.47037872573486883
2,10,140,0.47079498461177516
2,10,141,0.4705901987663726
2,10,142,0.4697169418064935
2,10,143,0.46825835953036826
2,10,144,0.4663489312459134
2,10,145,0.46412835229681426
2,10,146,0.46178335563179695
2,10,147,0.45948328598014065
2,10,148,0.4572617748172811
2,10,149,0.4550919499203562
2,10,150,0.45299177676053176
2,10,151,0.4510830722464349
2,10,152,0.4496162231559041
2,10,153,0.448930786847447
2,10,154,0.44935090477611334
2,10,155,0.4510499352611446
2,10,156,0.45388491158091576
2,10,157,0.45734592339029934
2,10,158,0.4606373436183189
2,10,159,0.46290561846210904
2,10,160,0.4635165041769721
2,10,161,0.46224359028664286
2,10,162,0.4593144378890694
2,10,163,0.4553305506770525
2,10,164,0.4510887392829763
2,10,165,0.4473855757268531
2,10,166,0.4448566765852372
2,10,167,0.4438599731483674
2,10,168,0.4444179418242099
2,10,169,0.44631461872021455
2,10,170,0.44920476582897745
2,10,171,0.45266835746093276
2,10,172,0.4562949358774147
2,10,173,0.45974849307957766
2,10,174,0.4627491539676504
2,10,175,0.46507851733766076
2,10,176,0.46662559482976174
2,10,177,0.4674848488493382
2,10,178,0.4679621567734104
2,10,179,0.46844532134422834
2,10,180,0.46928385784455057
2,10,181,0.4706991733677395
2,10,182,0.47273199856829595
2,10,183,0.47526178901329336
2,10,184,0.4780586391576036
2,10,185,0.48076467823209407
2,10,186,0.48297752641507113
2,10,187,0.48443237573893216
2,10,188,0.4850669971215113
2,10,189,0.48499663306548396
2,10,190,0.4843630829028159
2,10,191,0.48326726583819485
2,10,192,0.4818427383777396
2,10,193,0.4802512752451821
2,10,194,0.478647056651357
2,10,195,0.4771788623318593
2,10,196,0.4759507786053154
2,10,197,0.47502701093215
2,10,198,0.4744247570733016
2,10,199,0.47409438488297384
2,10,200,0.47394959975383283
2,10,201,0.47391637680192744
2,10,202,0.4739209446386029
2,10,203,0.473927763994871
2,10,204,0.47398816529396975
2,10,205,0.47416649198596517
2,10,206,0.47443834056103407
2,10,207,0.4746892679011785
2,10,208,0.4747179344094791
2,10,209,0.4742494458802433
2,10,210,0.4730016865951891
2,10,211,0.47078441515442077
2,10,212,0.4675741370474249
2,10,213,0.46347618789714645
2,10,214,0.45874304978147257
2,10,215,0.4538556602320131
2,10,216,0.44938067600894305
2,10,217,0.4457916698894748
2,10,218,0.44351531670779626
2,10,219,0.44287674202395716
2,10,220,0.44393958935264227
2,10,221,0.4464326942587424
2,10,222,0.4498187206062463
2,10,223,0.45334490679299155
2,10,224,0.4561905624769011
2,10,225,0.4576775486923235
2,10,226,0.4574977465739603
2,10,227,0.45576134252970923
2,10,228,0.45293430699900694
2,10,229,0.44980254556872457
2,10,230,0.4472593046993495
2,10,231,0.44593892220441406
2,10,232,0.4460457599049008
2,10,233,0.44737157482671563
2,10,234,0.4493629046573791
2,10,235,0.4512818310478222
2,10,236,0.45249521860467046
2,10,237,0.45265068631511257
2,10,238,0.4517512734181118
2,10,239,0.4501389124950864
2,10,240,0.44845582280403085
2,10,241,0.44739742860481
2,10,242,0.4474591165426145
2,10,243,0.44886802926112884
2,10,244,0.4515799021996245
2,10,245,0.45533805078682327
2,10,246,0.4597827671229808
2,10,247,0.4645819246573777
2,10,248,0.4694303257283011
2,10,249,0.47400916074269683
2,10,250,0.47809901854414466
2,10,251,0.4816063878063763
2,10,252,0.4844373207216081
2,10,253,0.4864604055605862
2,10,254,0.4876167730977785
2,10,255,0.4879804483345777
2,10,256,0.48775802422909365
2,10,257,0.4873529585347315
2,10,258,0.48720647966548086
2,10,259,0.4875676651348686
2,10,260,0.48851139791762366
2,10,261,0.4899731396371058
2,10,262,0.49173395650118124
2,10,263,0.4934373490141144
2,10,264,0.49472827192714386
2,10,265,0.4954521366088342
2,10,266,0.49563437870822125
2,10,267,0.49541166327902736
2,10,268,0.495024758206341
2,10,269,0.49466902034182425
2,10,270,0.49432942693045234
2,10,271,0.4938272382175902
2,10,272,0.4929454261412046
2,10,273,0.49148145012612376
2,10,274,0.489355432147312
2,10,275,0.4866973198108285
2,10,276,0.4837792108569853
2,10,277,0.4809112896958461
2,10,278,0.47830552466178544
2,10,279,0.4760679323350576
2,10,280,0.4742606200947381
2,10,281,0.47283431005421844
2,10,282,0.47171180998696455
2,10,283,0.4709394679382235
2,10,284,0.4707269118978453
2,10,285,0.47134695133084026
2,10,286,0.4729638645978326
2,10,287,0.47554620645642764
2,10,288,0.47884158781717256
2,10,289,0.48245707087974465
2,10,290,0.48593044907471766
2,10,291,0.48884070405278196
2,10,292,0.4909249022328952
2,10,293,0.49210363845848265
2,10,294,0.4925110567372455
2,10,295,0.49239729857272446
2,10,296,0.4919689730919795
2,10,297,0.4913477111669583
2,10,298,0.4905991718977694
2,10,299,0.4897695071483838
2,10,300,0.48887039530235443
2,10,301,0.4878909373846152
2,10,302,0.48684958649366616
2,10,303,0.48583181252886737
2,10,304,0.4849756465109772
2,10,305,0.48437592911980604
2,10,306,0.48405646680613074
2,10,307,0.48399166053708337
2,10,308,0.484118901417977
2,10,309,0.48434957722568767
2,10,310,0.4845755496094496
2,10,311,0.4847068915176527
2,10,312,0.48468843045374915
2,10,313,0.4844967673538558
2,10,314,0.4841162728343655
2,10,315,0.48356949514516545
2,10,316,0.4829783617967496
2,10,317,0.4824860941471747
2,10,318,0.4821952256598623
2,10,319,0.4821762850713405
2,10,320,0.4824632801357581
2,10,321,0.4830185139303934
2,10,322,0.4836936450708677
2,10,323,0.48421611059830116
2,10,324,0.4842399511153797
2,10,325,0.4834896704269726
2,10,326,0.48183332521169736
2,10,327,0.4793623372854322
2,10,328,0.4763750702303442
2,10,329,0.4732564801264244
2,10,330,0.4704158431588135
2,10,331,0.46821048511654956
2,10,332,0.4668327071174337
2,10,333,0.46627514348715793
2,10,334,0.4663739501557958
2,10,335,0.4668684765564729
2,10,336,0.46749476419999086
2,10,337,0.4681038678489672
2,10,338,0.4686937183369225
2,10,339,0.4693455126751582
2,10,340,0.47015968052740087
2,10,341,0.47123826160694915
2,10,342,0.472633809314649
2,10,343,0.47429833951880834
2,10,344,0.47610454783958317
2,10,345,0.4778948350541111
2,10,346,0.47951653685781176
2,10,347,0.4808625658301284
2,10,348,0.48187344922434994
2,10,349,0.48256379083225304
2,10,350,0.4829714952866694
2,10,351,0.4831205053077931
2,10,352,0.483077848541159
2,10,353,0.4829669620096061
2,10,354,0.4828906727858042
2,10,355,0.4829814073473418
2,10,356,0.483417711740753
2,10,357,0.484327805015813
2,10,358,0.48576421706284334
2,10,359,0.4876311714696392
2,10,360,0.48963707094295134
2,11,0,0.5115477229559896
2,11,1,0.5087444351745101
2,11,2,0.5062840831849595
2,11,3,0.5043627255513654
2,11,4,0.5031036849847873
2,11,5,0.5025659632533652
2,11,6,0.5026050026986316
2,11,7,0.5029085576075318
2,11,8,0.5031715278326544
2,11,9,0.5032100064140277
2,11,10,0.5029688082595197
2,11,11,0.5024901322543052
2,11,12,0.5018903561662104
2,11,13,0.5013363146097022
2,11,14,0.5010047716038637
2,11,15,0.5010779549941563
2,11,16,0.5016068527742137
2,11,17,0.5024281754644484
2,11,18,0.5033154117472405
2,11,19,0.5041696697542878
2,11,20,0.5049666513974871
2,11,21,0.5056461109031254
2,11,22,0.5062460428775791
2,11,23,0.5068977487539308
2,11,24,0.5077596577626264
2,11,25,0.5089437216088146
2,11,26,0.5103808780969301
2,11,27,0.5118570899998633
2,11,28,0.5131244682602109
2,11,29,0.5139164591758487
2,11,30,0.5139993874500357
2,11,31,0.5131558129860626
2,11,32,0.5111584940690571
2,11,33,0.5078755123607048
2,11,34,0.5033784982965435
2,11,35,0.49778510413522914
2,11,36,0.4911702265540797
2,11,37,0.4836402087559135
2,11,38,0.4753409303362278
2,11,39,0.46632998854395336
2,11,40,0.4565199139422206
2,11,41,0.4458403774270464
2,11,42,0.43430455864614026
2,11,43,0.42210481542325234
2,11,44,0.40959815691575513
2,11,45,0.39733305199584185
2,11,46,0.3860448925523373
2,11,47,0.37648438830621683
2,11,48,0.3692454312770585
2,11,49,0.3646548668003686
2,11,50,0.36269429861752744
2,11,51,0.3630193551715258
2,11,52,0.3650111278984215
2,11,53,0.3678241230172481
2,11,54,0.37063700451034365
2,11,55,0.3728699402416171
2,11,56,0.37408407051501946
2,11,57,0.3741956929007528
2,11,58,0.3735773588923617
2,11,59,0.37287501739919615
2,11,60,0.3728975280892333
2,11,61,0.3745360680496472
2,11,62,0.3784288562892149
2,11,63,0.3846458159047074
2,11,64,0.39279968351649586
2,11,65,0.4021890718266071
2,11,66,0.4119023915363488
2,11,67,0.42090536103505255
2,11,68,0.4283089919871593
2,11,69,0.43363451231515165
2,11,70,0.4368094899839485
2,11,71,0.4380863994113926
2,11,72,0.43804545113114773
2,11,73,0.43744910843463514
2,11,74,0.437028176177313
2,11,75,0.43742629793151677
2,11,76,0.4391164814199145
2,11,77,0.4422438075980367
2,11,78,0.4465742368307511
2,11,79,0.4515051830505289
2,11,80,0.45623642771326955
2,11,81,0.46008734985931343
2,11,82,0.4626564701931561
2,11,83,0.4638311415957793
2,11,84,0.4638118182886471
2,11,85,0.4630047793282907
2,11,86,0.46183948549294473
2,11,87,0.4606904800721204
2,11,88,0.45979040250544123
2,11,89,0.4591078237593966
2,11,90,0.45831181820240907
2,11,91,0.4570517974328418
2,11,92,0.4551588457901705
2,11,93,0.4526776321174474
2,11,94,0.44987332615588616
2,11,95,0.44714538871006915
2,11,96,0.44489774723422004
2,11,97,0.4434540759885174
2,11,98,0.4430123791571847
2,11,99,0.4435541729975857
2,11,100,0.44474851100420226
2,11,101,0.44610068935711356
2,11,102,0.4472909603406119
2,11,103,0.44829768225620553
2,11,104,0.44922542998779347
2,11,105,0.45024689038905047
2,11,106,0.45157922101392683
2,11,107,0.4533446248443568
2,11,108,0.45553707740975496
2,11,109,0.4579777658701897
2,11,110,0.46033682605302634
2,11,111,0.4622637706011967
2,11,112,0.4635541465933364
2,11,113,0.46424961365168466
2,11,114,0.4645188486046706
2,11,115,0.464473798274267
2,11,116,0.46421551598431626
2,11,117,0.46387007608457836
2,11,118,0.4635209854598074
2,11,119,0.463196839465435
2,11,120,0.46287761366738295
2,11,121,0.4625603336028393
2,11,122,0.4623077222987716
2,11,123,0.4621220387939817
2,11,124,0.46195802162344995
2,11,125,0.46179323148489143
2,11,126,0.4615519884719842
2,11,127,0.46120257631392547
2,11,128,0.46078687687415726
2,11,129,0.4603548595926279
2,11,130,0.4599530953152325
2,11,131,0.45966774568168317
2,11,132,0.4595943531080934
2,11,133,0.4597534843104712
2,11,134,0.46005592168254017
2,11,135,0.46040366744584016
2,11,136,0.4607661123462633
2,11,137,0.4611308910064864
2,11,138,0.46146247745976593
2,11,139,0.46173712231215724
2,11,140,0.46185963100999083
2,11,141,0.4616619888083405
2,11,142,0.4609716860620553
2,11,143,0.4596729244398981
2,11,144,0.4577465923490133
2,11,145,0.45527960477309126
2,11,146,0.4524947253523234
2,11,147,0.4496693543779948
2,11,148,0.44700933865322984
2,11,149,0.44465471481700436
2,11,150,0.4427094648925305
2,11,151,0.4412749812619751
2,11,152,0.4404761897841264
2,11,153,0.4404517288617307
2,11,154,0.441344390611582
2,11,155,0.44322182231464496
2,11,156,0.44592282058869964
2,11,157,0.4489738038563114
2,11,158,0.45169093598386234
2,11,159,0.4533926250074601
2,11,160,0.4535908621411215
2,11,161,0.45216456104387154
2,11,162,0.4494154228720587
2,11,163,0.44595804320960336
2,11,164,0.4425583228820846
2,11,165,0.43998161913510503
2,11,166,0.43879852541157316
2,11,167,0.439239021546896
2,11,168,0.44117433592978883
2,11,169,0.4442523502666495
2,11,170,0.4480661540956617
2,11,171,0.4522140831695406
2,11,172,0.4563481542409261
2,11,173,0.4602322319742802
2,11,174,0.46367937288863076
2,11,175,0.46651386216840773
2,11,176,0.46859601927169253
2,11,177,0.46989316868780884
2,11,178,0.47053397554495274
2,11,179,0.47079599481927864
2,11,180,0.4710247802940979
2,11,181,0.47156006216251556
2,11,182,0.47265799693011806
2,11,183,0.4744014570906533
2,11,184,0.47671221026538285
2,11,185,0.47929422299629015
2,11,186,0.48165818862393567
2,11,187,0.4833772069038923
2,11,188,0.4842460490523685
2,11,189,0.4842726038990982
2,11,190,0.4835621983604524
2,11,191,0.48227310183013944
2,11,192,0.48067740075509396
2,11,193,0.47909880189997023
2,11,194,0.4777967040638972
2,11,195,0.47695300619030373
2,11,196,0.4766636027005823
2,11,197,0.47692299699019897
2,11,198,0.47764594960131745
2,11,199,0.4786931008632325
2,11,200,0.4798603721991186
2,11,201,0.4809262991934132
2,11,202,0.4817169239457228
2,11,203,0.48215971017458953
2,11,204,0.4822912224398496
2,11,205,0.48214672133190956
2,11,206,0.48170639858343517
2,11,207,0.4809158953679395
2,11,208,0.4796641393413373
2,11,209,0.4777687372560998
2,11,210,0.47504292175992413
2,11,211,0.47141486591020026
2,11,212,0.46700606607680273
2,11,213,0.46201967678220024
2,11,214,0.45672888135480894
2,11,215,0.45156700774875536
2,11,216,0.44702803615766623
2,11,217,0.44350504192381557
2,11,218,0.4413684456470174
2,11,219,0.4409218200650267
2,11,220,0.4422170327919799
2,11,221,0.44499521585471713
2,11,222,0.44875997242030147
2,11,223,0.45277450645402384
2,11,224,0.45612417553656104
2,11,225,0.45794034929539645
2,11,226,0.45774782934066177
2,11,227,0.45559112247225975
2,11,228,0.45200814258371863
2,11,229,0.4479618783760951
2,11,230,0.44461334845154865
2,11,231,0.44285354105712654
2,11,232,0.4430602518391239
2,11,233,0.445060502220056
2,11,234,0.4481975033611634
2,11,235,0.45149511634214495
2,11,236,0.4540187295414228
2,11,237,0.4551499171654923
2,11,238,0.4547194669592118
2,11,239,0.45303437983143535
2,11,240,0.45079155435179297
2,11,241,0.44877701524505326
2,11,242,0.4476205178649324
2,11,243,0.44771455409962946
2,11,244,0.4492020611642036
2,11,245,0.4519718742448401
2,11,246,0.45576575315064066
2,11,247,0.46029228484965246
2,11,248,0.46522127046440187
2,11,249,0.47012734232015096
2,11,250,0.4746397640832811
2,11,251,0.47851853078094847
2,11,252,0.4815641272871265
2,11,253,0.4836262724546794
2,11,254,0.4846884611137478
2,11,255,0.4849338052703028
2,11,256,0.4847283413311193
2,11,257,0.4846144075774003
2,11,258,0.48511253931403564
2,11,259,0.4864734777466884
2,11,260,0.48870769652869334
2,11,261,0.49164621626760946
2,11,262,0.4949418418694345
2,11,263,0.4980792353155192
2,11,264,0.5005552861874676
2,11,265,0.502123435997943
2,11,266,0.5027666180068197
2,11,267,0.5026374874830987
2,11,268,0.5020158719446053
2,11,269,0.5011719671144511
2,11,270,0.500221237470809
2,11,271,0.49913480924234715
2,11,272,0.4978058945348745
2,11,273,0.4960756065088777
2,11,274,0.49389176777824445
2,11,275,0.49140921251578573
2,11,276,0.4888751673848855
2,11,277,0.4864944445156245
2,11,278,0.48436172702918173
2,11,279,0.48251548131143573
2,11,280,0.4809976173871152
2,11,281,0.47978457329970886
2,11,282,0.4788395979346572
2,11,283,0.4782366541914154
2,11,284,0.4782135671277209
2,11,285,0.4790685166872645
2,11,286,0.4809674569023161
2,11,287,0.4838447448998409
2,11,288,0.48737217057383486
2,11,289,0.4910685675258931
2,11,290,0.4944284675180637
2,11,291,0.49699194465453705
2,11,292,0.49843380661042447
2,11,293,0.49865964967036785
2,11,294,0.4978455597480464
2,11,295,0.49631171196329676
2,11,296,0.49439833803277794
2,11,297,0.49243116805982673
2,11,298,0.49067205813393244
2,11,299,0.48925710797067795
2,11,300,0.48815015216918534
2,11,301,0.487199876109925
2,11,302,0.48624826445426267
2,11,303,0.48517186010455354
2,11,304,0.4838957119427187
2,11,305,0.4823909697630242
2,11,306,0.48072250681351975
2,11,307,0.4790927634393281
2,11,308,0.4777767474451058
2,11,309,0.47698882309713725
2,11,310,0.47681596579199564
2,11,311,0.47726972213790836
2,11,312,0.47829259901119847
2,11,313,0.4796947253993463
2,11,314,0.4811112042211093
2,11,315,0.4821189488913938
2,11,316,0.48245157881704787
2,11,317,0.482071129351019
2,11,318,0.48110819136029764
2,11,319,0.4798029727422396
2,11,320,0.4784900299850499
2,11,321,0.4775323322102259
2,11,322,0.47715956358068057
2,11,323,0.477292183844278
2,11,324,0.4775754388232657
2,11,325,0.47756806389018586
2,11,326,0.4769030867135522
2,11,327,0.47546058955881754
2,11,328,0.47339186828288554
2,11,329,0.47102808208580516
2,11,330,0.4688477274411023
2,11,331,0.4673258455650567
2,11,332,0.46673398058462273
2,11,333,0.4670758460333067
2,11,334,0.46813454289106665
2,11,335,0.46957765747836433
2,11,336,0.47109610418169784
2,11,337,0.47250641473465826
2,11,338,0.47379184288429704
2,11,339,0.4750524607919269
2,11,340,0.4764154696731585
2,11,341,0.47799014871217116
2,11,342,0.4798067161119637
2,11,343,0.48173026990395607
2,11,344,0.48355334478653555
2,11,345,0.48508422695640857
2,11,346,0.4861853679297862
2,11,347,0.4868046220360463
2,11,348,0.48695412145369343
2,11,349,0.48673558364077985
2,11,350,0.4862755549082725
2,11,351,0.48569484863367957
2,11,352,0.48514497045896215
2,11,353,0.48479349653064846
2,11,354,0.48476881399243804
2,11,355,0.48519023012277396
2,11,356,0.48622089591786494
2,11,357,0.487956791136612
2,11,358,0.49035681558343797
2,11,359,0.4932130707282378
2,11,360,0.49615188870105026
2,12,0,0.5163689166687098
2,12,1,0.5137997295456663
2,12,2,0.511366835768885
2,12,3,0.509311626382899
2,12,4,0.5078727104308762
2,12,5,0.5072203934244804
2,12,6,0.5072493076827963
2,12,7,0.507661260332075
2,12,8,0.5081359696134762
2,12,9,0.5084056603964389
2,12,10,0.5083452495459015
2,12,11,0.5079687180613419
2,12,12,0.5073877185827113
2,12,13,0.5067916276291894
2,12,14,0.5063438951626276
2,12,15,0.5061756255784999
2,12,16,0.5062493558555267
2,12,17,0.5063202985159506
2,12,18,0.5061403032656927
2,12,19,0.5056538323992799
2,12,20,0.5050082025208199
2,12,21,0.5043990266612912
2,12,22,0.5041068778957148
2,12,23,0.504406543185813
2,12,24,0.5054857278092397
2,12,25,0.5074033539676555
2,12,26,0.5099309340770538
2,12,27,0.5126367904434804
2,12,28,0.5150840334866434
2,12,29,0.5168759728398925
2,12,30,0.5176975093849416
2,12,31,0.5173212622167792
2,12,32,0.5155630316735892
2,12,33,0.5122898509494793
2,12,34,0.5075827881330675
2,12,35,0.5015921585667116
2,12,36,0.49442698011910574
2,12,37,0.48627790013090605
2,12,38,0.47746234752879785
2,12,39,0.46827694053184443
2,12,40,0.4588873039108946
2,12,41,0.44938529102422214
2,12,42,0.43983327899067753
2,12,43,0.4302932231067962
2,12,44,0.42085126673736195
2,12,45,0.4116776668878326
2,12,46,0.40310202003980783
2,12,47,0.39555892081157995
2,12,48,0.3895336039209197
2,12,49,0.3854743558217175
2,12,50,0.3835665354887182
2,12,51,0.38364587963994395
2,12,52,0.3852154570317433
2,12,53,0.3874926464522901
2,12,54,0.3896032235634586
2,12,55,0.39083981440611054
2,12,56,0.3907629759252406
2,12,57,0.3893342180067713
2,12,58,0.3870277375725364
2,12,59,0.38462496469602003
2,12,60,0.38305108295254475
2,12,61,0.38326899247433094
2,12,62,0.3859251489158109
2,12,63,0.3910916752069835
2,12,64,0.3983667888733321
2,12,65,0.40702429393909
2,12,66,0.41619239901958066
2,12,67,0.42497926828008553
2,12,68,0.4326668554844372
2,12,69,0.4388769893761959
2,12,70,0.4435619349819684
2,12,71,0.44685700747407614
2,12,72,0.4491014653470747
2,12,73,0.45071578159915415
2,12,74,0.4520283860824981
2,12,75,0.4532830361265303
2,12,76,0.45466889867247473
2,12,77,0.4563171248954709
2,12,78,0.4582745159290626
2,12,79,0.46038132674061966
2,12,80,0.4623437753632747
2,12,81,0.4639266866599761
2,12,82,0.4650274817515647
2,12,83,0.4656556671464563
2,12,84,0.46595706252850594
2,12,85,0.46615278745121763
2,12,86,0.4664567788897008
2,12,87,0.4670350736838548
2,12,88,0.4679363217882396
2,12,89,0.4689621637859692
2,12,90,0.4695993342667384
2,12,91,0.46932920362323133
2,12,92,0.46786556036485044
2,12,93,0.4652178353723818
2,12,94,0.4616971583981563
2,12,95,0.45784277226882614
2,12,96,0.45431740384295793
2,12,97,0.4517255214664353
2,12,98,0.45043551664165404
2,12,99,0.45042108957493654
2,12,100,0.4512331626577508
2,12,101,0.45224654130825825
2,12,102,0.45299355673789177
2,12,103,0.4533634968483735
2,12,104,0.45347862131091415
2,12,105,0.4536220085028526
2,12,106,0.45415097842959173
2,12,107,0.4553216557266862
2,12,108,0.45720105761956475
2,12,109,0.4595901619281795
2,12,110,0.4620527849542207
2,12,111,0.464117927855279
2,12,112,0.46550892824905094
2,12,113,0.4662622206915716
2,12,114,0.46659120493095013
2,12,115,0.46670727740476337
2,12,116,0.4667602597822592
2,12,117,0.46680047986136797
2,12,118,0.4667826512013152
2,12,119,0.46663989253030336
2,12,120,0.46628468868902295
2,12,121,0.4656807012023738
2,12,122,0.46493315479125236
2,12,123,0.46420928990804133
2,12,124,0.46367667939470086
2,12,125,0.4634590467429415
2,12,126,0.4635125138997792
2,12,127,0.46371858614295786
2,12,128,0.46394711886575346
2,12,129,0.46408433383997494
2,12,130,0.4640576301006935
2,12,131,0.46383278456040733
2,12,132,0.4633776934268764
2,12,133,0.4626679519181089
2,12,134,0.4617072590274234
2,12,135,0.4605524534369677
2,12,136,0.4593395876695742
2,12,137,0.45825321906322736
2,12,138,0.4574545156886687
2,12,139,0.4570319732527552
2,12,140,0.4569048317692903
2,12,141,0.4568479308960892
2,12,142,0.4565540314285343
2,12,143,0.4557574099286365
2,12,144,0.45438323880675985
2,12,145,0.4525577688787597
2,12,146,0.45058491062741124
2,12,147,0.4488082891031439
2,12,148,0.4474848960306929
2,12,149,0.4467214341438309
2,12,150,0.4464489349766322
2,12,151,0.4465186017508689
2,12,152,0.4468259365551287
2,12,153,0.4473512788597871
2,12,154,0.4481888473933232
2,12,155,0.4494996930263018
2,12,156,0.45134216307891767
2,12,157,0.45353219453163895
2,12,158,0.4557015656854065
2,12,159,0.4574171827480891
2,12,160,0.4583065705841864
2,12,161,0.45819271141717033
2,12,162,0.45717441622992855
2,12,163,0.4555863466043889
2,12,164,0.4538796118261432
2,12,165,0.45251113105805213
2,12,166,0.4518593618828384
2,12,167,0.45210281522926005
2,12,168,0.45316239230098027
2,12,169,0.45481018591644345
2,12,170,0.4568185800484061
2,12,171,0.45900402389288386
2,12,172,0.46120846513527547
2,12,173,0.4633446251948548
2,12,174,0.46537767677687003
2,12,175,0.4672622121148969
2,12,176,0.46890967919573745
2,12,177,0.47024780541415745
2,12,178,0.47131417667754244
2,12,179,0.47224153663621543
2,12,180,0.4732135978558627
2,12,181,0.4744389718645509
2,12,182,0.4760578189095842
2,12,183,0.4780207163349012
2,12,184,0.48012657100064615
2,12,185,0.48202019583609046
2,12,186,0.4831852724304513
2,12,187,0.48322139067727243
2,12,188,0.48205787152305
2,12,189,0.4799216691219196
2,12,190,0.47718028224242126
2,12,191,0.47424552393668373
2,12,192,0.47158534471129215
2,12,193,0.4695943074760357
2,12,194,0.4684529190327549
2,12,195,0.468167199714501
2,12,196,0.4686529494635166
2,12,197,0.46975748654859356
2,12,198,0.47130502037436817
2,12,199,0.473129598404764
2,12,200,0.47501662280749446
2,12,201,0.47673691599554746
2,12,202,0.478112921467329
2,12,203,0.4790601395975541
2,12,204,0.4795866068689057
2,12,205,0.47968216446971484
2,12,206,0.479321835109263
2,12,207,0.4785224123191772
2,12,208,0.47727979776655827
2,12,209,0.4755008899568683
2,12,210,0.4730446996995646
2,12,211,0.46983218131876886
2,12,212,0.46593100558921824
2,12,213,0.46140458319674915
2,12,214,0.45634160306036126
2,12,215,0.4510275277705179
2,12,216,0.44583921827119005
2,12,217,0.4411464348579605
2,12,218,0.4374353069143027
2,12,219,0.43524397886124533
2,12,220,0.43490024736006144
2,12,221,0.43640406471688825
2,12,222,0.4394551327938596
2,12,223,0.44342854206042853
2,12,224,0.4473829344566292
2,12,225,0.45027902851606566
2,12,226,0.4514182496390162
2,12,227,0.45059448404494395
2,12,228,0.4481168905293631
2,12,229,0.44483737065163215
2,12,230,0.44188192789276387
2,12,231,0.44017966053295765
2,12,232,0.4402591593046239
2,12,233,0.4421407434766336
2,12,234,0.44530899214003783
2,12,235,0.4488735754668612
2,12,236,0.4519213608214349
2,12,237,0.45380266960389776
2,12,238,0.45428362506551667
2,12,239,0.45355716839800786
2,12,240,0.4521582964912654
2,12,241,0.4507286716153851
2,12,242,0.4498331903699499
2,12,243,0.4499174858624746
2,12,244,0.4512483213100925
2,12,245,0.45381882393427664
2,12,246,0.4574717583772157
2,12,247,0.461994870606539
2,12,248,0.4670507227868129
2,12,249,0.4721274924671565
2,12,250,0.4766908278236091
2,12,251,0.4802925634247848
2,12,252,0.48260496688774324
2,12,253,0.4835192158851358
2,12,254,0.4832031791172815
2,12,255,0.48207522174124195
2,12,256,0.4807105487806403
2,12,257,0.4797613615018456
2,12,258,0.4797679134337548
2,12,259,0.4809546556049413
2,12,260,0.48325008877233966
2,12,261,0.48635691275313775
2,12,262,0.4898026021305567
2,12,263,0.4930187742147909
2,12,264,0.495541103371978
2,12,265,0.4972044634254371
2,12,266,0.49807535146664256
2,12,267,0.49833587899962356
2,12,268,0.49825431731860004
2,12,269,0.49809866113087997
2,12,270,0.4979592022225306
2,12,271,0.49769077869830414
2,12,272,0.4969777086783599
2,12,273,0.49547263883691645
2,12,274,0.49305235173411277
2,12,275,0.48993250012092976
2,12,276,0.4865333638897755
2,12,277,0.48329413432012075
2,12,278,0.48054844173496863
2,12,279,0.47848380298682414
2,12,280,0.47721480979731895
2,12,281,0.476694455385821
2,12,282,0.47668207391741463
2,12,283,0.47698160544112184
2,12,284,0.4776304834852752
2,12,285,0.47882818882794215
2,12,286,0.48072341952982384
2,12,287,0.48327500694043973
2,12,288,0.4862273025850514
2,12,289,0.48920033914098393
2,12,290,0.4917729903235703
2,12,291,0.4935260168870721
2,12,292,0.49417193838141926
2,12,293,0.4936202190707341
2,12,294,0.49205048509930416
2,12,295,0.4898530693156246
2,12,296,0.487436479216141
2,12,297,0.4851457229803088
2,12,298,0.48326346929675823
2,12,299,0.4819513945692582
2,12,300,0.48116360386364493
2,12,301,0.48067418622157515
2,12,302,0.48021679359506864
2,12,303,0.47958176920356893
2,12,304,0.47863320276004195
2,12,305,0.4772749911348316
2,12,306,0.4755149492211235
2,12,307,0.4735028900200458
2,12,308,0.47148494019409354
2,12,309,0.4697053667613737
2,12,310,0.46832398201734843
2,12,311,0.46748565551452503
2,12,312,0.4673423923220383
2,12,313,0.46794452054721747
2,12,314,0.46912640456309973
2,12,315,0.4705167838040913
2,12,316,0.4717330564739037
2,12,317,0.47254926606306447
2,12,318,0.4728842794700765
2,12,319,0.47276729079278357
2,12,320,0.47238434913058847
2,12,321,0.47206435105391537
2,12,322,0.47213952721041175
2,12,323,0.4727256647778115
2,12,324,0.4736422652156728
2,12,325,0.4745249918084015
2,12,326,0.47498027633812373
2,12,327,0.4747759143719306
2,12,328,0.47389548895281675
2,12,329,0.47249967962715994
2,12,330,0.4709239299877777
2,12,331,0.4695533064791856
2,12,332,0.4686737713380277
2,12,333,0.4684115558624346
2,12,334,0.4687159834590534
2,12,335,0.4693966509642518
2,12,336,0.4702437394867831
2,12,337,0.4711153001097789
2,12,338,0.4719646542603747
2,12,339,0.4728064138374205
2,12,340,0.47365069201281684
2,12,341,0.4745142128081071
2,12,342,0.4753827909453566
2,12,343,0.47614701070481263
2,12,344,0.4767140172552203
2,12,345,0.4770399118093433
2,12,346,0.4771284735919342
2,12,347,0.4770447425211842
2,12,348,0.4768566582616669
2,12,349,0.476642203344974
2,12,350,0.4764552062111384
2,12,351,0.47632124437491047
2,12,352,0.47629177260360506
2,12,353,0.4764558567739209
2,12,354,0.4769527626455455
2,12,355,0.4779894380910043
2,12,356,0.47983093534423366
2,12,357,0.4826259246335688
2,12,358,0.4863147098480406
2,12,359,0.4906434572506042
2,12,360,0.4951488340111286
2,13,0,0.5198388974009809
2,13,1,0.5197327144877063
2,13,2,0.5189264446650937
2,13,3,0.5174678518234332
2,13,4,0.5155694031637725
2,13,5,0.5135285458432823
2,13,6,0.511535177500319
2,13,7,0.5096901752993119
2,13,8,0.5080180161475095
2,13,9,0.5064833241003576
2,13,10,0.5050782946083601
2,13,11,0.503795041327405
2,13,12,0.5026320475931545
2,13,13,0.5016087190038632
2,13,14,0.5007175247417559
2,13,15,0.49994100994714885
2,13,16,0.4991505415664966
2,13,17,0.4981382703199004
2,13,18,0.49675354527250454
2,13,19,0.4950077847463228
2,13,20,0.4931301464010209
2,13,21,0.4914763283354599
2,13,22,0.4904468078959728
2,13,23,0.49035311142301113
2,13,24,0.4913743487489357
2,13,25,0.4935264169244417
2,13,26,0.4965408796152728
2,13,27,0.49992411855324936
2,13,28,0.5031354683826837
2,13,29,0.5056523887767531
2,13,30,0.5070577379074227
2,13,31,0.5071416604121486
2,13,32,0.5058197705229125
2,13,33,0.5030623310270327
2,13,34,0.4990393901089917
2,13,35,0.49399291999622097
2,13,36,0.48805945684518304
2,13,37,0.48142421808259694
2,13,38,0.47434253194610193
2,13,39,0.4670225822598639
2,13,40,0.45963217513932203
2,13,41,0.45228731799535704
2,13,42,0.44502235196483053
2,13,43,0.43784721498313506
2,13,44,0.43078326529045147
2,13,45,0.4238604657033064
2,13,46,0.41717901330603036
2,13,47,0.41092826584732467
2,13,48,0.4054568270256127
2,13,49,0.40124161014094745
2,13,50,0.39859045559806
2,13,51,0.3975716736444561
2,13,52,0.3980090837829199
2,13,53,0.39941953179850154
2,13,54,0.4011602994304968
2,13,55,0.40258645547004035
2,13,56,0.4031068924306743
2,13,57,0.4024123380236462
2,13,58,0.40065625169872354
2,13,59,0.3983009954003245
2,13,60,0.3960619786766863
2,13,61,0.39488509032455094
2,13,62,0.3956263973101512
2,13,63,0.39873244233740873
2,13,64,0.4042182921966335
2,13,65,0.41163982896214185
2,13,66,0.4202356692557526
2,13,67,0.42908763493881763
2,13,68,0.43731856581603307
2,13,69,0.444271419994637
2,13,70,0.44961672620632254
2,13,71,0.45333610956341586
2,13,72,0.45571417020413163
2,13,73,0.45721988013116527
2,13,74,0.4582755895036657
2,13,75,0.45916906389355244
2,13,76,0.4600912909796294
2,13,77,0.4611124145177959
2,13,78,0.46221093064638064
2,13,79,0.46319731099502554
2,13,80,0.46380549911521274
2,13,81,0.4638859640432422
2,13,82,0.46343117823552116
2,13,83,0.462505953188771
2,13,84,0.46130994774425477
2,13,85,0.4601188054157792
2,13,86,0.45915090187754964
2,13,87,0.4585667382935486
2,13,88,0.4584640146412445
2,13,89,0.4586890981271623
2,13,90,0.4587683309096126
2,13,91,0.4581907320004113
2,13,92,0.4566072219954565
2,13,93,0.4539023318948145
2,13,94,0.45022564648045604
2,13,95,0.44601469918640246
2,13,96,0.44198079070753565
2,13,97,0.43891660571572433
2,13,98,0.43743985159943527
2,13,99,0.4377626135100531
2,13,100,0.4396169972096192
2,13,101,0.4424129422267304
2,13,102,0.44551325447482926
2,13,103,0.4484264370281835
2,13,104,0.4508425942478441
2,13,105,0.452722917059434
2,13,106,0.45427390469002277
2,13,107,0.4557723320377192
2,13,108,0.4574405682082726
2,13,109,0.4593596722107555
2,13,110,0.4614278075566974
2,13,111,0.46347153989635065
2,13,112,0.46535055317453905
2,13,113,0.4670364790420927
2,13,114,0.46855789141651116
2,13,115,0.4699030105114139
2,13,116,0.47100011172387224
2,13,117,0.47169020257896677
2,13,118,0.4717970882704059
2,13,119,0.471271682680125
2,13,120,0.47021689371577885
2,13,121,0.46885383212551035
2,13,122,0.4674807164118783
2,13,123,0.4663727781664326
2,13,124,0.465686937545997
2,13,125,0.4654153996089488
2,13,126,0.46531221326005423
2,13,127,0.46502245171943374
2,13,128,0.4642462733134777
2,13,129,0.4628395108905562
2,13,130,0.46083311881722616
2,13,131,0.45840007633978347
2,13,132,0.45575270430064097
2,13,133,0.45307071368596574
2,13,134,0.4505077738137474
2,13,135,0.44822051376282457
2,13,136,0.446379721828258
2,13,137,0.44512879292007135
2,13,138,0.4445393637175682
2,13,139,0.4445960561724398
2,13,140,0.44515533639967547
2,13,141,0.44598307804885295
2,13,142,0.44679649605932
2,13,143,0.4473695442348615
2,13,144,0.447617904792988
2,13,145,0.4475987893021126
2,13,146,0.4475115757140054
2,13,147,0.44756773325322136
2,13,148,0.44787552311192935
2,13,149,0.4484270806997836
2,13,150,0.44912154960559225
2,13,151,0.44981352205141173
2,13,152,0.45039637227577795
2,13,153,0.45087881018773757
2,13,154,0.45136305274559696
2,13,155,0.4519379637935976
2,13,156,0.4525574394796597
2,13,157,0.4530347587752853
2,13,158,0.453119470763071
2,13,159,0.4525346885129432
2,13,160,0.4511175514712302
2,13,161,0.4489462311392961
2,13,162,0.44634792818039826
2,13,163,0.44379499541715833
2,13,164,0.4417595926075167
2,13,165,0.44059191464438924
2,13,166,0.4404702555207715
2,13,167,0.44138148471680366
2,13,168,0.44311831000767277
2,13,169,0.44539865662201594
2,13,170,0.44798473936539046
2,13,171,0.4507197682422145
2,13,172,0.45352413110890094
2,13,173,0.4563671521168926
2,13,174,0.45922181761074177
2,13,175,0.46200669158134605
2,13,176,0.46457447127533513
2,13,177,0.466783877194501
2,13,178,0.46859017793289615
2,13,179,0.47002903808544716
2,13,180,0.4712007052826794
2,13,181,0.4722463547234061
2,13,182,0.4732436662933001
2,13,183,0.4741281270827539
2,13,184,0.4747385756159264
2,13,185,0.4748463317882956
2,13,186,0.47416537473330583
2,13,187,0.47253632204507956
2,13,188,0.47006693632650154
2,13,189,0.4670899329523275
2,13,190,0.4640360358994484
2,13,191,0.4613219726383664
2,13,192,0.459305127134935
2,13,193,0.4581823628130928
2,13,194,0.45794404838096925
2,13,195,0.4584442107009528
2,13,196,0.4594966621902281
2,13,197,0.4609523555644878
2,13,198,0.4626955970837237
2,13,199,0.46462482260094873
2,13,200,0.46663016073124397
2,13,201,0.4686230102517264
2,13,202,0.4705213815840228
2,13,203,0.47223938141222865
2,13,204,0.47374972839316387
2,13,205,0.4750106102588305
2,13,206,0.4759126835763158
2,13,207,0.47635254052172754
2,13,208,0.47622310262631845
2,13,209,0.47533334097711666
2,13,210,0.47343070411012117
2,13,211,0.4703697692378261
2,13,212,0.4662172360672741
2,13,213,0.46112833791490443
2,13,214,0.45535303535021193
2,13,215,0.449366561487798
2,13,216,0.4436911626945658
2,13,217,0.4387725566265939
2,13,218,0.43511075856266745
2,13,219,0.43318925579054035
2,13,220,0.43317491201945885
2,13,221,0.43487126872742965
2,13,222,0.4378439391450548
2,13,223,0.44142456122463203
2,13,224,0.4447120358110781
2,13,225,0.4468070823491357
2,13,226,0.44719997109132453
2,13,227,0.4458497010037922
2,13,228,0.44312942806042516
2,13,229,0.43986255077428166
2,13,230,0.43702467475516854
2,13,231,0.43534989387336775
2,13,232,0.4352450017151046
2,13,233,0.43671465969940587
2,13,234,0.43930994157735254
2,13,235,0.4422829398068767
2,13,236,0.4448926744556736
2,13,237,0.44668198795768116
2,13,238,0.4475660212203488
2,13,239,0.44775840039776177
2,13,240,0.4476980727487078
2,13,241,0.4478899912137212
2,13,242,0.44878526710339567
2,13,243,0.4507812156483271
2,13,244,0.45408944786796007
2,13,245,0.45857395674106327
2,13,246,0.46395745694043283
2,13,247,0.46993925122878377
2,13,248,0.4761042650729165
2,13,249,0.48189911779496264
2,13,250,0.4867048273123579
2,13,251,0.48995453556048657
2,13,252,0.49127686801095694
2,13,253,0.4906259151386859
2,13,254,0.4883223307966219
2,13,255,0.48494570280757504
2,13,256,0.4812455687903609
2,13,257,0.47807659991835433
2,13,258,0.47618633460052284
2,13,259,0.4759732751002445
2,13,260,0.47745749211153493
2,13,261,0.48035819387005846
2,13,262,0.48414704157928207
2,13,263,0.48817371867274567
2,13,264,0.4918789429575755
2,13,265,0.4949104157972911
2,13,266,0.49709280051779553
2,13,267,0.49838099047606294
2,13,268,0.4988765074031113
2,13,269,0.49877914657531786
2,13,270,0.4982352608928999
2,13,271,0.49724127296884035
2,13,272,0.4956302543395668
2,13,273,0.49325531822108465
2,13,274,0.49018330393946574
2,13,275,0.48669115791582734
2,13,276,0.4831613205237987
2,13,277,0.4799836980249393
2,13,278,0.4774804966597825
2,13,279,0.47581225484577444
2,13,280,0.4750348506208529
2,13,281,0.4750486587408225
2,13,282,0.4755733074049524
2,13,283,0.4763670042724145
2,13,284,0.47737226359138646
2,13,285,0.4786767847723391
2,13,286,0.4803383342390337
2,13,287,0.4822853726761735
2,13,288,0.4843338883766528
2,13,289,0.48620479514166615
2,13,290,0.48755841632229197
2,13,291,0.4880997897747396
2,13,292,0.48772601296101004
2,13,293,0.4864862616909484
2,13,294,0.4846005553952051
2,13,295,0.4824220726086756
2,13,296,0.48028491875889917
2,13,297,0.47844802552906707
2,13,298,0.47710269522199295
2,13,299,0.4763356638728459
2,13,300,0.4760798899690751
2,13,301,0.4761513753572424
2,13,302,0.47636913496138306
2,13,303,0.4766390768610839
2,13,304,0.4769056881148924
2,13,305,0.47707333021250437
2,13,306,0.47706838074120317
2,13,307,0.47684625600803543
2,13,308,0.4763740385252746
2,13,309,0.4755900608407514
2,13,310,0.47438364427014595
2,13,311,0.47272692467633814
2,13,312,0.47077117487678527
2,13,313,0.4688084352234248
2,13,314,0.4671423328105588
2,13,315,0.46594892674587
2,13,316,0.4653022015914568
2,13,317,0.46526095980069987
2,13,318,0.4658396383230053
2,13,319,0.46693628790844177
2,13,320,0.46838972278717794
2,13,321,0.4701002416702871
2,13,322,0.47203972892168294
2,13,323,0.4741340757047934
2,13,324,0.4761709503741684
2,13,325,0.47789289138729585
2,13,326,0.4790822069530066
2,13,327,0.4796355675434522
2,13,328,0.4795936454077295
2,13,329,0.4790799888770224
2,13,330,0.4782776106496257
2,13,331,0.4773494364911355
2,13,332,0.47640452617639095
2,13,333,0.4754909188654989
2,13,334,0.4745551107110868
2,13,335,0.4735081243757534
2,13,336,0.4723153911817454
2,13,337,0.4710578149525977
2,13,338,0.46991534368830074
2,13,339,0.46906971035629663
2,13,340,0.4686229680541959
2,13,341,0.46857208541405143
2,13,342,0.46879654489822437
2,13,343,0.4691006806842254
2,13,344,0.46931975623470046
2,13,345,0.46932420496152244
2,13,346,0.46904270438282747
2,13,347,0.46850437630505964
2,13,348,0.46780855872932037
2,13,349,0.4670941961487081
2,13,350,0.46642926247299094
2,13,351,0.46579836784180073
2,13,352,0.46522529523216577
2,13,353,0.46482281455314606
2,13,354,0.4648026002643221
2,13,355,0.46543667377306397
2,13,356,0.46700975352285257
2,13,357,0.4697157483950745
2,13,358,0.4735490007206727
2,13,359,0.47827062985094587
2,13,360,0.4833790705926647
2,14,0,0.5088909344292896
2,14,1,0.5086468986449318
2,14,2,0.5075778500710882
2,14,3,0.5059161222655436
2,14,4,0.5040036661801629
2,14,5,0.5022119047638307
2,14,6,0.5007685911941593
2,14,7,0.4997636245078887
2,14,8,0.49915708999478353
2,14,9,0.4987936843669193
2,14,10,0.49850150605018856
2,14,11,0.4980810708951575
2,14,12,0.4973810071497331
2,14,13,0.4963481221340096
2,14,14,0.4950194905898527
2,14,15,0.4934567755140129
2,14,16,0.49168640513731215
2,14,17,0.4897632009538578
2,14,18,0.4878031760234903
2,14,19,0.4860007923623341
2,14,20,0.4845649087949235
2,14,21,0.48365552641236703
2,14,22,0.4833954394075588
2,14,23,0.4838423575561084
2,14,24,0.4849735409717924
2,14,25,0.4866767692341747
2,14,26,0.488721524072234
2,14,27,0.4907881455819553
2,14,28,0.4925894173576916
2,14,29,0.49383871288578174
2,14,30,0.4942514474426129
2,14,31,0.4936274666895224
2,14,32,0.4918316419276604
2,14,33,0.4887766640282594
2,14,34,0.48456726677363676
2,14,35,0.4794065895014026
2,14,36,0.47344255163851795
2,14,37,0.4668883660262947
2,14,38,0.460040594901764
2,14,39,0.4530916031797895
2,14,40,0.4461277569390464
2,14,41,0.43911500581684904
2,14,42,0.43190282850046585
2,14,43,0.42442419015560223
2,14,44,0.4167033215183378
2,14,45,0.4088320610626002
2,14,46,0.40105600219772114
2,14,47,0.39371416044582214
2,14,48,0.3872583755159469
2,14,49,0.3821980117117652
2,14,50,0.37884530934839544
2,14,51,0.3772343531372781
2,14,52,0.3772297273529842
2,14,53,0.37851802997011713
2,14,54,0.3806908667062848
2,14,55,0.3832651744482693
2,14,56,0.38563423396933677
2,14,57,0.38739427628781375
2,14,58,0.3884496371306546
2,14,59,0.38886875947785465
2,14,60,0.38893196885349995
2,14,61,0.389263678906343
2,14,62,0.39061111961012884
2,14,63,0.3935173241150207
2,14,64,0.39826523578858464
2,14,65,0.40476700152942335
2,14,66,0.4125643258173589
2,14,67,0.4209555774291969
2,14,68,0.4291433365400158
2,14,69,0.4363578373018098
2,14,70,0.4420468551718959
2,14,71,0.4459932743030954
2,14,72,0.4483014769751513
2,14,73,0.44936133643509624
2,14,74,0.44962284651556333
2,14,75,0.449530544231457
2,14,76,0.44949788863031354
2,14,77,0.4497330509771348
2,14,78,0.45021948300555886
2,14,79,0.45070122630189385
2,14,80,0.4508126811448573
2,14,81,0.45031368676515493
2,14,82,0.44912058510729946
2,14,83,0.44725379156932293
2,14,84,0.44496148628321
2,14,85,0.442656843017289
2,14,86,0.4406887421052929
2,14,87,0.4393420790910527
2,14,88,0.4387907076466004
2,14,89,0.438915626813784
2,14,90,0.4392815540430783
2,14,91,0.4393821692296278
2,14,92,0.4388329378112795
2,14,93,0.4374160320216806
2,14,94,0.43515004793668777
2,14,95,0.43236379678000364
2,14,96,0.429643199699459
2,14,97,0.42768093200422336
2,14,98,0.42708812512229194
2,14,99,0.4281843363894113
2,14,100,0.43084505795948547
2,14,101,0.4345846881654449
2,14,102,0.4387845016207712
2,14,103,0.44285762325013867
2,14,104,0.446365455137985
2,14,105,0.4491527454986185
2,14,106,0.45131509060953307
2,14,107,0.4530376064029068
2,14,108,0.45455477622058704
2,14,109,0.4560865813639323
2,14,110,0.45771346670632446
2,14,111,0.45938084328744455
2,14,112,0.46094875127925167
2,14,113,0.4623403551986469
2,14,114,0.46357988917816106
2,14,115,0.4646959018791498
2,14,116,0.4656921111645782
2,14,117,0.46648318257880333
2,14,118,0.46692145898483367
2,14,119,0.4669247747335077
2,14,120,0.46649922008574374
2,14,121,0.465693324000945
2,14,122,0.4645954162781537
2,14,123,0.4632927095555746
2,14,124,0.46185070323086047
2,14,125,0.4603493745556563
2,14,126,0.458768704830444
2,14,127,0.456998465370932
2,14,128,0.4549671765696092
2,14,129,0.4526743326357145
2,14,130,0.4501752059818196
2,14,131,0.44759789847940945
2,14,132,0.4450613235708425
2,14,133,0.4425949722537762
2,14,134,0.4401885470961443
2,14,135,0.43790791077840757
2,14,136,0.435929299134288
2,14,137,0.43445308258172444
2,14,138,0.43363556256476077
2,14,139,0.4336108186860442
2,14,140,0.4344132790249163
2,14,141,0.43592435810954355
2,14,142,0.43788466755559907
2,14,143,0.43996542444236897
2,14,144,0.44185028148976097
2,14,145,0.4433578360755968
2,14,146,0.4444990417442724
2,14,147,0.44537457905063693
2,14,148,0.446072089697249
2,14,149,0.44666688015827655
2,14,150,0.44721498423765105
2,14,151,0.44769012689238735
2,14,152,0.4480025596535145
2,14,153,0.44813275094899113
2,14,154,0.4481340285724743
2,14,155,0.44805895769912685
2,14,156,0.44791676494798854
2,14,157,0.4476507210358374
2,14,158,0.44713551473164187
2,14,159,0.4462196876962584
2,14,160,0.4448273428608085
2,14,161,0.44303521178450606
2,14,162,0.44108779783786933
2,14,163,0.43933332867739666
2,14,164,0.43813959532012337
2,14,165,0.4377861128518846
2,14,166,0.4383667570625552
2,14,167,0.43979629901541134
2,14,168,0.4418461611662747
2,14,169,0.44425468555926295
2,14,170,0.4468434284390427
2,14,171,0.44952924867410965
2,14,172,0.4523144387458905
2,14,173,0.4552638849285221
2,14,174,0.45843395760278377
2,14,175,0.4617731475115411
2,14,176,0.46511030936961706
2,14,177,0.4682183976483248
2,14,178,0.4709053700135306
2,14,179,0.47305568332515907
2,14,180,0.47464376196933916
2,14,181,0.47572978306628266
2,14,182,0.4763715691333565
2,14,183,0.4765852767279583
2,14,184,0.4763902676086268
2,14,185,0.4757580144298974
2,14,186,0.47457934965530546
2,14,187,0.4727922727634721
2,14,188,0.4704793427552157
2,14,189,0.4678253947696415
2,14,190,0.4650545904661996
2,14,191,0.46238886689030584
2,14,192,0.46004538824523655
2,14,193,0.4582035263043693
2,14,194,0.45696797166166364
2,14,195,0.45640397565575674
2,14,196,0.4565553880268387
2,14,197,0.45745852306803075
2,14,198,0.45911293804260606
2,14,199,0.4614094902781936
2,14,200,0.4641104526707394
2,14,201,0.4669495313198695
2,14,202,0.46968671240069904
2,14,203,0.4721320048441328
2,14,204,0.47423678766929456
2,14,205,0.4760357879012509
2,14,206,0.47751205068547076
2,14,207,0.4786300876372481
2,14,208,0.4792875472953192
2,14,209,0.479184940317388
2,14,210,0.47787214705397674
2,14,211,0.4750029886058747
2,14,212,0.4705060014677797
2,14,213,0.46453659565405075
2,14,214,0.457514365837274
2,14,215,0.45019163299505915
2,14,216,0.44338441018114827
2,14,217,0.4377886395742896
2,14,218,0.4340438067972356
2,14,219,0.4326128450736333
2,14,220,0.4334551022661841
2,14,221,0.4360926349565857
2,14,222,0.4398697989902042
2,14,223,0.44397451464298304
2,14,224,0.44750570343369456
2,14,225,0.44973432888837506
2,14,226,0.45037070000272444
2,14,227,0.449517902065069
2,14,228,0.4475731088933391
2,14,229,0.4452397028053091
2,14,230,0.4432207787856686
2,14,231,0.44189889192679
2,14,232,0.4413935206710809
2,14,233,0.44164319790586587
2,14,234,0.44238116578370573
2,14,235,0.4432260180553835
2,14,236,0.44392307317268254
2,14,237,0.4444692327995971
2,14,238,0.4450661639376394
2,14,239,0.44599719755966
2,14,240,0.4475347615052232
2,14,241,0.4498302852937311
2,14,242,0.45292321295469057
2,14,243,0.45680077762651644
2,14,244,0.4613761971469087
2,14,245,0.4664230616003923
2,14,246,0.47172384963624525
2,14,247,0.47709336054052465
2,14,248,0.4823255549176466
2,14,249,0.48716715629331037
2,14,250,0.4912659118095558
2,14,251,0.4942210748567767
2,14,252,0.4957079973247351
2,14,253,0.49561136213643076
2,14,254,0.49408948603807124
2,14,255,0.49147508429837045
2,14,256,0.48829751808526695
2,14,257,0.48525722790631487
2,14,258,0.48304660375011815
2,14,259,0.4821099893268816
2,14,260,0.48259853928148405
2,14,261,0.48442711856037785
2,14,262,0.4872812133322402
2,14,263,0.49069890838685737
2,14,264,0.49420888082759934
2,14,265,0.4973760960470543
2,14,266,0.49982881208903074
2,14,267,0.5013465889552942
2,14,268,0.5019244525561578
2,14,269,0.501692559531922
2,14,270,0.5008398067454052
2,14,271,0.49957169764103815
2,14,272,0.4980775166677211
2,14,273,0.49653819962750423
2,14,274,0.4951005417822783
2,14,275,0.4938485771550491
2,14,276,0.49281402526288126
2,14,277,0.4920150002184567
2,14,278,0.4914730970547783
2,14,279,0.4911566374487307
2,14,280,0.4910181565133138
2,14,281,0.49101081646162603
2,14,282,0.4910855720065201
2,14,283,0.4911869101637119
2,14,284,0.49125515564497757
2,14,285,0.491297688401663
2,14,286,0.49134874164656295
2,14,287,0.4913798257493527
2,14,288,0.49130733908318275
2,14,289,0.49101030829971765
2,14,290,0.49034238900614285
2,14,291,0.4892545452974696
2,14,292,0.48787623318898266
2,14,293,0.4863983041258095
2,14,294,0.4850103752326605
2,14,295,0.48386154864087744
2,14,296,0.483062039848727
2,14,297,0.48267929846099644
2,14,298,0.4826766422260486
2,14,299,0.4829178284954792
2,14,300,0.4832389072357402
2,14,301,0.4834972383496044
2,14,302,0.48363743043231133
2,14,303,0.48371767753922795
2,14,304,0.48380189973555937
2,14,305,0.48392730738582873
2,14,306,0.4841613703151132
2,14,307,0.48456274437164654
2,14,308,0.48513245660225796
2,14,309,0.48574884734114937
2,14,310,0.4861623354387651
2,14,311,0.4861403172293018
2,14,312,0.48557123233072397
2,14,313,0.484450457371941
2,14,314,0.4828368393006736
2,14,315,0.48084944142379926
2,14,316,0.4787234890162939
2,14,317,0.4768285004724304
2,14,318,0.4755220730261777
2,14,319,0.47500926538058785
2,14,320,0.4753681425864468
2,14,321,0.47660563622846214
2,14,322,0.4786431698853724
2,14,323,0.4812626978312096
2,14,324,0.4840648668683936
2,14,325,0.4866281592063637
2,14,326,0.48865202365712446
2,14,327,0.4900056561990919
2,14,328,0.49068353875036774
2,14,329,0.4907263553769781
2,14,330,0.4902366185126875
2,14,331,0.4893660105167308
2,14,332,0.48826367499187645
2,14,333,0.48703916040977996
2,14,334,0.4857258899790041
2,14,335,0.4843244866833746
2,14,336,0.482866831452328
2,14,337,0.4814669553617824
2,14,338,0.4802852520164009
2,14,339,0.4794494835500197
2,14,340,0.47901595340289266
2,14,341,0.4789654627092713
2,14,342,0.479209205194966
2,14,343,0.47957743449520873
2,14,344,0.47986011271853046
2,14,345,0.4798642812711457
2,14,346,0.47945246693266197
2,14,347,0.47859527978046695
2,14,348,0.47738374498514696
2,14,349,0.47597872745828784
2,14,350,0.4745057178242213
2,14,351,0.4730477759862228
2,14,352,0.4717346286638129
2,14,353,0.470749879324008
2,14,354,0.4702851524779213
2,14,355,0.4705029993300751
2,14,356,0.47154293544978965
2,14,357,0.4734804302789563
2,14,358,0.4762397158349972
2,14,359,0.47954771358549214
2,14,360,0.4829423617010775
2,15,0,0.49455632367185054
2,15,1,0.4926931089930095
2,15,2,0.49038433257492714
2,15,3,0.48818228291906357
2,15,4,0.4865763604433315
2,15,5,0.4859461097503846
2,15,6,0.48644494874566874
2,15,7,0.4879499837386199
2,15,8,0.49013458616946826
2,15,9,0.49254037105891235
2,15,10,0.4947209807542145
2,15,11,0.4962862855386157
2,15,12,0.4969747726176232
2,15,13,0.49669228842304514
2,15,14,0.4955159151102069
2,15,15,0.49365945271178235
2,15,16,0.491477492454846
2,15,17,0.48938756812547635
2,15,18,0.48774100791413405
2,15,19,0.4869037359241616
2,15,20,0.4871246570306873
2,15,21,0.4883810864059645
2,15,22,0.49040307013024376
2,15,23,0.492803533943832
2,15,24,0.4951726937562693
2,15,25,0.4971667843794843
2,15,26,0.4985376700357508
2,15,27,0.4991229847037253
2,15,28,0.4988955292823905
2,15,29,0.4978670590781462
2,15,30,0.49604840388561444
2,15,31,0.4933857334302637
2,15,32,0.4896714742640666
2,15,33,0.48466174478893725
2,15,34,0.47831920155219426
2,15,35,0.4707774379036882
2,15,36,0.46223260948360806
2,15,37,0.45295524712118657
2,15,38,0.44333905167651233
2,15,39,0.4337482801300224
2,15,40,0.42442062105817946
2,15,41,0.41538186551797823
2,15,42,0.4064416365150161
2,15,43,0.3974970896247582
2,15,44,0.38860761252872283
2,15,45,0.37995868175167674
2,15,46,0.3719363586330338
2,15,47,0.36496744344926757
2,15,48,0.3594778329889219
2,15,49,0.35580081684019943
2,15,50,0.3540722332293312
2,15,51,0.354076990087189
2,15,52,0.3553384005362149
2,15,53,0.3573131828239533
2,15,54,0.35958205410157756
2,15,55,0.361854240149337
2,15,56,0.36378651717004334
2,15,57,0.3652443892620842
2,15,58,0.36636705238169665
2,15,59,0.36734963269309784
2,15,60,0.36839570105645025
2,15,61,0.36986884305181017
2,15,62,0.3722257056787069
2,15,63,0.37579450157001576
2,15,64,0.380784278695961
2,15,65,0.3872482253650765
2,15,66,0.39495554454294785
2,15,67,0.40343663347590175
2,15,68,0.4120446337381455
2,15,69,0.4200372155903869
2,15,70,0.42672506435863083
2,15,71,0.431594454259678
2,15,72,0.4344435669880094
2,15,73,0.4354313506970552
2,15,74,0.4349431325619333
2,15,75,0.43355316987392234
2,15,76,0.43194220762570357
2,15,77,0.430615139756337
2,15,78,0.42977880656477185
2,15,79,0.4293334207414174
2,15,80,0.42897529845963955
2,15,81,0.4284368133775837
2,15,82,0.4275122437429379
2,15,83,0.4260780162841926
2,15,84,0.4242546097785484
2,15,85,0.42236862595516317
2,15,86,0.4208004585030232
2,15,87,0.4198893669464603
2,15,88,0.4198020166165672
2,15,89,0.4204711300893047
2,15,90,0.42164072611306125
2,15,91,0.4229494953933896
2,15,92,0.4240243599670075
2,15,93,0.42455183806948615
2,15,94,0.4243848199200973
2,15,95,0.42364109054434024
2,15,96,0.4226396637750543
2,15,97,0.42183481733440464
2,15,98,0.4217145832815487
2,15,99,0.42264222545893954
2,15,100,0.42471779227088857
2,15,101,0.4277896398926647
2,15,102,0.4315061134133935
2,15,103,0.4354385622226478
2,15,104,0.43925136662999525
2,15,105,0.442796179887264
2,15,106,0.4460311625822799
2,15,107,0.44889501069404103
2,15,108,0.4513720548037258
2,15,109,0.45349834793289673
2,15,110,0.45523217560562307
2,15,111,0.4564464682957951
2,15,112,0.4569917617576115
2,15,113,0.45692426321303325
2,15,114,0.45657568883526617
2,15,115,0.4563880800110189
2,15,116,0.4567415171884062
2,15,117,0.45778023189805744
2,15,118,0.4593652586218451
2,15,119,0.4611486389073747
2,15,120,0.4626633342396067
2,15,121,0.46342359172039627
2,15,122,0.4630706395690135
2,15,123,0.46146154398611766
2,15,124,0.458676557633826
2,15,125,0.45509046804735936
2,15,126,0.4512046444424945
2,15,127,0.44744834876036305
2,15,128,0.4441513400296959
2,15,129,0.44150191600191285
2,15,130,0.43955643892091356
2,15,131,0.43831286996525154
2,15,132,0.43765981946023425
2,15,133,0.43731837658906925
2,15,134,0.43694081585001665
2,15,135,0.4362986693492613
2,15,136,0.4353463196277659
2,15,137,0.4341774075247614
2,15,138,0.43299790509702124
2,15,139,0.4321248000287861
2,15,140,0.4318629817677573
2,15,141,0.4323362972879567
2,15,142,0.43344858422347043
2,15,143,0.4349231337175433
2,15,144,0.43637960256686514
2,15,145,0.4375490206195944
2,15,146,0.438377722747061
2,15,147,0.43895900546876593
2,15,148,0.43943206597301826
2,15,149,0.4399390408964346
2,15,150,0.4405280919303418
2,15,151,0.4410115055188699
2,15,152,0.4410265633165201
2,15,153,0.44029108595946365
2,15,154,0.43870684820774264
2,15,155,0.43638555030702886
2,15,156,0.4337086707902293
2,15,157,0.4312027667718705
2,15,158,0.42930626592113286
2,15,159,0.42829319991642417
2,15,160,0.4282411709356252
2,15,161,0.4290690109605993
2,15,162,0.43062800449341854
2,15,163,0.4327831827765183
2,15,164,0.4354780217851231
2,15,165,0.4386918005034619
2,15,166,0.4423457556713611
2,15,167,0.44628019355484927
2,15,168,0.4502069929581905
2,15,169,0.453735144327256
2,15,170,0.4565700832916947
2,15,171,0.4585768555698219
2,15,172,0.4597579990051461
2,15,173,0.4603302976646386
2,15,174,0.46071117382084303
2,15,175,0.46133063803477636
2,15,176,0.46245341468036266
2,15,177,0.46412390656247404
2,15,178,0.46619076569000345
2,15,179,0.46834880948412816
2,15,180,0.47024292228817277
2,15,181,0.4716105832693092
2,15,182,0.4723031574449183
2,15,183,0.47229281457149663
2,15,184,0.47174209437339576
2,15,185,0.4708699412690936
2,15,186,0.4697786552714609
2,15,187,0.4684786382260075
2,15,188,0.4669526017093944
2,15,189,0.4651345728235397
2,15,190,0.462924002307229
2,15,191,0.4602995877007965
2,15,192,0.4574268667586258
2,15,193,0.4546465487285582
2,15,194,0.4523480486373866
2,15,195,0.4508793980813726
2,15,196,0.4504640367844718
2,15,197,0.451175953163163
2,15,198,0.4529833860529556
2,15,199,0.455676925642493
2,15,200,0.45881938918208454
2,15,201,0.46194464567444926
2,15,202,0.46473845311569395
2,15,203,0.4670755571699491
2,15,204,0.4690127015321943
2,15,205,0.47070129075722106
2,15,206,0.4722662118939026
2,15,207,0.47378621376378116
2,15,208,0.47521450918219266
2,15,209,0.4762516575258036
2,15,210,0.4763485890265937
2,15,211,0.4749422626280954
2,15,212,0.4716989957579017
2,15,213,0.46657972616074284
2,15,214,0.4599024491467243
2,15,215,0.452410993984605
2,15,216,0.4450120163196473
2,15,217,0.43858159990823986
2,15,218,0.4339457811874873
2,15,219,0.43170588658593767
2,15,220,0.4319626811021397
2,15,221,0.4343552795562658
2,15,222,0.43828711258457664
2,15,223,0.44298642722847864
2,15,224,0.4476101678775654
2,15,225,0.4514421129728005
2,15,226,0.4540541134389677
2,15,227,0.4552569389439038
2,15,228,0.45505316324620915
2,15,229,0.45370435003497506
2,15,230,0.45154790002557155
2,15,231,0.44880768187683473
2,15,232,0.44569441589164605
2,15,233,0.4424969689699827
2,15,234,0.43953219080619577
2,15,235,0.43710518658987213
2,15,236,0.4356096722398698
2,15,237,0.4354616294555355
2,15,238,0.43696942787278376
2,15,239,0.44018883741232995
2,15,240,0.4448919948511497
2,15,241,0.4506403875824537
2,15,242,0.4568868217892742
2,15,243,0.46303064102598146
2,15,244,0.4685304928287835
2,15,245,0.4730451775597947
2,15,246,0.47652060549838454
2,15,247,0.4790144505391208
2,15,248,0.4806866396559895
2,15,249,0.4817979173582463
2,15,250,0.48251828694646054
2,15,251,0.4828673905587124
2,15,252,0.48280877800964334
2,15,253,0.4823241815712416
2,15,254,0.4814413740414186
2,15,255,0.4802632956318038
2,15,256,0.47903755642913004
2,15,257,0.47810089859127547
2,15,258,0.4777880892137044
2,15,259,0.4782753409853862
2,15,260,0.47954855855878487
2,15,261,0.48142701717866276
2,15,262,0.4835785748293018
2,15,263,0.4856621134008978
2,15,264,0.48742030403736214
2,15,265,0.48863694388206225
2,15,266,0.48919362603308086
2,15,267,0.4891728081088962
2,15,268,0.48880554136635873
2,15,269,0.4883100443146359
2,15,270,0.48784607014544434
2,15,271,0.487566883696989
2,15,272,0.487687782821835
2,15,273,0.48837792425304916
2,15,274,0.4895724697857368
2,15,275,0.49105039940942263
2,15,276,0.4925915876749006
2,15,277,0.49406404936488696
2,15,278,0.49543083893308537
2,15,279,0.4966332627168599
2,15,280,0.4976023148657028
2,15,281,0.4983273029531961
2,15,282,0.49883202446034375
2,15,283,0.49905170867141907
2,15,284,0.49876970486586086
2,15,285,0.4977967178204148
2,15,286,0.4961620293969268
2,15,287,0.49405639280645586
2,15,288,0.49173228308390726
2,15,289,0.4894683246361644
2,15,290,0.48750683502645753
2,15,291,0.4861100463206745
2,15,292,0.4855567389011719
2,15,293,0.4859832358580942
2,15,294,0.48730582579159254
2,15,295,0.4892627184864296
2,15,296,0.4915223155665183
2,15,297,0.4937927542253149
2,15,298,0.4958037028253013
2,15,299,0.4972832485655761
2,15,300,0.4980862331615615
2,15,301,0.49823011572423953
2,15,302,0.49785115698868176
2,15,303,0.4971436355611781
2,15,304,0.49626956235277153
2,15,305,0.49538289840446686
2,15,306,0.49461087488001904
2,15,307,0.4940363794188618
2,15,308,0.4937075578271067
2,15,309,0.49366713560484843
2,15,310,0.49388130441331596
2,15,311,0.4942258154517184
2,15,312,0.4945395596872444
2,15,313,0.4945879454181772
2,15,314,0.4940814372079253
2,15,315,0.4927970358855487
2,15,316,0.49071308708259376
2,15,317,0.48803700245572235
2,15,318,0.48506381646084334
2,15,319,0.48213471651918716
2,15,320,0.4796253074066288
2,15,321,0.4778998466871529
2,15,322,0.47716909505774735
2,15,323,0.47745323897953995
2,15,324,0.4785721615306371
2,15,325,0.480232713768418
2,15,326,0.4821837603901238
2,15,327,0.4842645884037966
2,15,328,0.48632992512580425
2,15,329,0.48818922705343676
2,15,330,0.4896617983526092
2,15,331,0.4906894920743346
2,15,332,0.4913120725648589
2,15,333,0.4916106193312477
2,15,334,0.4916433853288919
2,15,335,0.49148196752525636
2,15,336,0.49125990952154186
2,15,337,0.4911206350484472
2,15,338,0.4911287357763129
2,15,339,0.49128076848027236
2,15,340,0.4915593605830571
2,15,341,0.4919563658297318
2,15,342,0.4924969314391991
2,15,343,0.4931543670233834
2,15,344,0.493795968822592
2,15,345,0.49428302870134694
2,15,346,0.49452674389150425
2,15,347,0.4944977181285309
2,15,348,0.4942014875026206
2,15,349,0.49364805138565265
2,15,350,0.4928861629593813
2,15,351,0.4920176190121918
2,15,352,0.49114809155679884
2,15,353,0.4903565110292635
2,15,354,0.4896454867644357
2,15,355,0.4889582524935023
2,15,356,0.48828141486718024
2,15,357,0.48769081412438575
2,15,358,0.4872683337235273
2,15,359,0.4870155971726112
2,15,360,0.48685436639627805
3,1,0,0.5067460521629337
3,1,1,0.5063019614309845
3,1,2,0.5061163610289267
3,1,3,0.5062241940867588
3,1,4,0.5065478197162063
3,1,5,0.5068671398178304
3,1,6,0.5068910544508237
3,1,7,0.5064042258354801
3,1,8,0.5053856814829046
3,1,9,0.5039374326542717
3,1,10,0.5021662140904644
3,1,11,0.500197978005681
3,1,12,0.4981898527511927
3,1,13,0.4963139059043716
3,1,14,0.4947505249799593
3,1,15,0.4936329358684659
3,1,16,0.4930395365733668
3,1,17,0.49302004289335166
3,1,18,0.49346110143643174
3,1,19,0.4940626232429305
3,1,20,0.49455800813517053
3,1,21,0.4946412579976034
3,1,22,0.49414733257106863
3,1,23,0.49316212489930167
3,1,24,0.49197963375159054
3,1,25,0.4910058239750245
3,1,26,0.49068353912380447
3,1,27,0.49133416392010504
3,1,28,0.4930547445291857
3,1,29,0.49566776647678507
3,1,30,0.49883776450141953
3,1,31,0.5022911970665817
3,1,32,0.5058517278829726
3,1,33,0.5093474121968601
3,1,34,0.5127814179356996
3,1,35,0.5162829357097716
3,1,36,0.5199388730850657
3,1,37,0.5237414298675287
3,1,38,0.5276793378751816
3,1,39,0.5316900517238101
3,1,40,0.5356568257667629
3,1,41,0.5394790960775184
3,1,42,0.5431622995905326
3,1,43,0.546957807120216
3,1,44,0.5512151619498021
3,1,45,0.5561732622216452
3,1,46,0.5618777452527778
3,1,47,0.5682178649765899
3,1,48,0.5748608652163245
3,1,49,0.5813137075191221
3,1,50,0.5869782365053859
3,1,51,0.5912300355822186
3,1,52,0.5937206222821144
3,1,53,0.5945232186458017
3,1,54,0.5940142681016919
3,1,55,0.5926558957174265
3,1,56,0.5907778839576246
3,1,57,0.5886077194961696
3,1,58,0.586246512963837
3,1,59,0.5836118695355251
3,1,60,0.5804639554374016
3,1,61,0.5764937543922126
3,1,62,0.5714911996121185
3,1,63,0.5655627530356334
3,1,64,0.5590734243895492
3,1,65,0.5524344727445764
3,1,66,0.546095379021972
3,1,67,0.5404865787967771
3,1,68,0.5359050365463818
3,1,69,0.5324381947656734
3,1,70,0.5299795613393288
3,1,71,0.5282888180048829
3,1,72,0.5270312767754969
3,1,73,0.5258913663377814
3,1,74,0.5246959811590988
3,1,75,0.5233825856393048
3,1,76,0.5218814296619138
3,1,77,0.5201635707323247
3,1,78,0.5183032348291607
3,1,79,0.5164555207207517
3,1,80,0.5148875859231797
3,1,81,0.5138958488832376
3,1,82,0.5137061959514719
3,1,83,0.5145070280521253
3,1,84,0.5164012866879327
3,1,85,0.5192822503955575
3,1,86,0.5227986804996709
3,1,87,0.5264330989218984
3,1,88,0.5296537361035324
3,1,89,0.5321128486702502
3,1,90,0.5337471203651553
3,1,91,0.5346851751681546
3,1,92,0.5350978591711212
3,1,93,0.5351849220545696
3,1,94,0.5351935093742665
3,1,95,0.5352901697877911
3,1,96,0.5353969443206671
3,1,97,0.535290133038717
3,1,98,0.5347943199173079
3,1,99,0.5338314171336974
3,1,100,0.5324715833075768
3,1,101,0.530849411119256
3,1,102,0.5290381797778878
3,1,103,0.5270721935888465
3,1,104,0.5249569734038199
3,1,105,0.5226445893339003
3,1,106,0.5200420546360044
3,1,107,0.5171470641609544
3,1,108,0.5141104700728938
3,1,109,0.5112603463538761
3,1,110,0.5090576120600684
3,1,111,0.5079940321017639
3,1,112,0.508452235555907
3,1,113,0.5105912858307212
3,1,114,0.5143731171160849
3,1,115,0.5196004524709751
3,1,116,0.5258572871233151
3,1,117,0.5325887285507899
3,1,118,0.5392005174655554
3,1,119,0.5450729776764324
3,1,120,0.549659793086684
3,1,121,0.552669699882306
3,1,122,0.5540438925400065
3,1,123,0.5539529062582631
3,1,124,0.5528129147906032
3,1,125,0.55120698887368
3,1,126,0.5497084932921417
3,1,127,0.5487082986588621
3,1,128,0.5483160893891509
3,1,129,0.5483283980721291
3,1,130,0.5483268009308954
3,1,131,0.5478971118836032
3,1,132,0.5468540060809902
3,1,133,0.545298856147225
3,1,134,0.5435779212280188
3,1,135,0.542222850938043
3,1,136,0.5417827142464859
3,1,137,0.5426188615867832
3,1,138,0.5447583901102178
3,1,139,0.5478455967761989
3,1,140,0.551207179673259
3,1,141,0.5540345214842929
3,1,142,0.5557221370186592
3,1,143,0.5560419491839033
3,1,144,0.5551232122742507
3,1,145,0.5533986804006368
3,1,146,0.5515170448213256
3,1,147,0.5501916474230816
3,1,148,0.5499803653780341
3,1,149,0.5511235704160872
3,1,150,0.5535137015306464
3,1,151,0.5567050414865995
3,1,152,0.5600080231772354
3,1,153,0.5626919692618962
3,1,154,0.5642027811417921
3,1,155,0.5642172397735195
3,1,156,0.5626934730529305
3,1,157,0.5599495708433501
3,1,158,0.5565437413636067
3,1,159,0.5531090520869352
3,1,160,0.5502058693949178
3,1,161,0.5481813226311357
3,1,162,0.5470744059229756
3,1,163,0.546630687015791
3,1,164,0.5464954731239247
3,1,165,0.5463980941490362
3,1,166,0.5461900500806092
3,1,167,0.5458210941099343
3,1,168,0.545457034806329
3,1,169,0.5454834827506817
3,1,170,0.5462749847373298
3,1,171,0.5479808383640888
3,1,172,0.550535849405527
3,1,173,0.5537572298492095
3,1,174,0.5573269640377743
3,1,175,0.5608173292744365
3,1,176,0.5637925425444155
3,1,177,0.5659161330185285
3,1,178,0.5670442224409817
3,1,179,0.5672434390770552
3,1,180,0.5667588584702355
3,1,181,0.5658909723996958
3,1,182,0.5649460082993362
3,1,183,0.564248158167049
3,1,184,0.5640527154652578
3,1,185,0.5643814815351409
3,1,186,0.5650722745018762
3,1,187,0.5660082691375012
3,1,188,0.5670980927271689
3,1,189,0.5681967615713495
3,1,190,0.5691287905156999
3,1,191,0.5697694242470984
3,1,192,0.5700923851785579
3,1,193,0.5700885291857336
3,1,194,0.5696782474334309
3,1,195,0.5687355615422697
3,1,196,0.567305848487777
3,1,197,0.5656648549290002
3,1,198,0.5641925387295278
3,1,199,0.5632216853713451
3,1,200,0.5629627833703665
3,1,201,0.5635557408543308
3,1,202,0.5650079045981029
3,1,203,0.5671389527056285
3,1,204,0.569593488352285
3,1,205,0.5720130874273184
3,1,206,0.5741457821864197
3,1,207,0.5758223801183879
3,1,208,0.5769463207584296
3,1,209,0.577390221739625
3,1,210,0.5769666757559027
3,1,211,0.5755218052401043
3,1,212,0.5730335349175849
3,1,213,0.5695492594374013
3,1,214,0.5652219258559267
3,1,215,0.5604511311224928
3,1,216,0.5558082622399588
3,1,217,0.5518776583517278
3,1,218,0.5491377197776451
3,1,219,0.5479008071115017
3,1,220,0.5482473044232913
3,1,221,0.5499578448572664
3,1,222,0.552556462028553
3,1,223,0.5554473119240017
3,1,224,0.55802812216338
3,1,225,0.5598580624192173
3,1,226,0.5607876978150538
3,1,227,0.5609057673858602
3,1,228,0.5604609464389557
3,1,229,0.559842554851669
3,1,230,0.5594795207750834
3,1,231,0.5596086737285937
3,1,232,0.5602195321544653
3,1,233,0.5610931822476676
3,1,234,0.561896591252058
3,1,235,0.5623913331811069
3,1,236,0.5625012557730495
3,1,237,0.5622756642670688
3,1,238,0.5618458140873744
3,1,239,0.5614056621664149
3,1,240,0.5611121030995229
3,1,241,0.5610461666831573
3,1,242,0.5611853957682827
3,1,243,0.5613818916517838
3,1,244,0.5614505563964161
3,1,245,0.5612949493342128
3,1,246,0.5609799089559533
3,1,247,0.5606418102545171
3,1,248,0.5603529645893498
3,1,249,0.5601381802599563
3,1,250,0.5599879965226351
3,1,251,0.559846560683496
3,1,252,0.5596554039571606
3,1,253,0.5593876042971446
3,1,254,0.559031032892064
3,1,255,0.5586343154009406
3,1,256,0.5582834303371239
3,1,257,0.5579845730262002
3,1,258,0.5576067598192501
3,1,259,0.5569521481561521
3,1,260,0.5558551438449673
3,1,261,0.5542065101617288
3,1,262,0.5519692511347575
3,1,263,0.5491682756212127
3,1,264,0.5459325508953106
3,1,265,0.5425142756712401
3,1,266,0.5392120955993541
3,1,267,0.5362686073199836
3,1,268,0.5338307735414352
3,1,269,0.5320054335171104
3,1,270,0.5308788087660917
3,1,271,0.5304822194257214
3,1,272,0.5307718446841249
3,1,273,0.5316028098231431
3,1,274,0.5327591271930086
3,1,275,0.5340516655935477
3,1,276,0.5353857613043197
3,1,277,0.5367431302212357
3,1,278,0.5381422077029566
3,1,279,0.5396121501604304
3,1,280,0.5411357145454707
3,1,281,0.5426317796844631
3,1,282,0.543965442348203
3,1,283,0.5449633427053754
3,1,284,0.5454509489028366
3,1,285,0.5453676876219405
3,1,286,0.5448204525579856
3,1,287,0.5439980249860875
3,1,288,0.5430394638892152
3,1,289,0.5420529303015242
3,1,290,0.5411318855715296
3,1,291,0.5402932532903504
3,1,292,0.5395194982294897
3,1,293,0.5388071768343502
3,1,294,0.5381654074329876
3,1,295,0.537692439867439
3,1,296,0.5376000508117242
3,1,297,0.5380376925282069
3,1,298,0.538943529854714
3,1,299,0.5400726625564715
3,1,300,0.5411299631424547
3,1,301,0.5418252766820097
3,1,302,0.5418680322513048
3,1,303,0.5410322478315305
3,1,304,0.5392324073435035
3,1,305,0.536553981122942
3,1,306,0.5332885206015292
3,1,307,0.5298189835695906
3,1,308,0.5264251987498663
3,1,309,0.5232907444272274
3,1,310,0.5206351266872672
3,1,311,0.5186973435679223
3,1,312,0.517638217711767
3,1,313,0.5174727775111959
3,1,314,0.5181168008995293
3,1,315,0.5194024417071413
3,1,316,0.5210949351609527
3,1,317,0.5229603585425318
3,1,318,0.5247788458344043
3,1,319,0.5263796724421377
3,1,320,0.5276762957687696
3,1,321,0.528666903744082
3,1,322,0.5293205996261633
3,1,323,0.5295666425468332
3,1,324,0.529352661420164
3,1,325,0.5286924222582077
3,1,326,0.5276670299893703
3,1,327,0.5263950163923312
3,1,328,0.5250521491026418
3,1,329,0.5238406498080482
3,1,330,0.5229034286022658
3,1,331,0.5222831822943603
3,1,332,0.5218561171961975
3,1,333,0.5213935662606305
3,1,334,0.5206676073890668
3,1,335,0.5195537504069576
3,1,336,0.5180445245390642
3,1,337,0.5162183959600947
3,1,338,0.5142088345500969
3,1,339,0.5122071120209729
3,1,340,0.510426093375651
3,1,341,0.5089968118296795
3,1,342,0.5079383518625387
3,1,343,0.5072022711101599
3,1,344,0.5067044230918477
3,1,345,0.506392366863201
3,1,346,0.506254371726676
3,1,347,0.5062488994533082
3,1,348,0.5063190217907977
3,1,349,0.5064314817722915
3,1,350,0.5065692955562205
3,1,351,0.5066859984429701
3,1,352,0.5066293372437998
3,1,353,0.5061866247436415
3,1,354,0.5052247276878609
3,1,355,0.5037696019886749
3,1,356,0.5019598557838278
3,1,357,0.49996555627351047
3,1,358,0.49790842174959543
3,1,359,0.4958590433067812
3,1,360,0.49388926896479396
3,2,0,0.5052211961953184
3,2,1,0.5059864274991517
3,2,2,0.506595362199109
3,2,3,0.5069665532006775
3,2,4,0.5070215439321779
3,2,5,0.5066628900043126
3,2,6,0.5057905498135077
3,2,7,0.5044349208952386
3,2,8,0.5027874880517794
3,2,9,0.5011193575766358
3,2,10,0.4997112725368236
3,2,11,0.4988108967064938
3,2,12,0.49854924235854997
3,2,13,0.49892488695984
3,2,14,0.4998455712945575
3,2,15,0.501147118210671
3,2,16,0.502648226003438
3,2,17,0.504136444679877
3,2,18,0.5052770091629621
3,2,19,0.5057385920939794
3,2,20,0.5053475510834536
3,2,21,0.5040350597774867
3,2,22,0.501921194856222
3,2,23,0.4992892411769866
3,2,24,0.4965201769496583
3,2,25,0.4940012369780617
3,2,26,0.4919896253251602
3,2,27,0.4905378671109274
3,2,28,0.48950538883746786
3,2,29,0.4885772596513842
3,2,30,0.4874566687608052
3,2,31,0.48607705547746777
3,2,32,0.48447400366133353
3,2,33,0.48273763903878947
3,2,34,0.4811414889687275
3,2,35,0.4799973244516636
3,2,36,0.4794998812510863
3,2,37,0.47973656590691743
3,2,38,0.4807679648052978
3,2,39,0.48258358055881884
3,2,40,0.48501844924095616
3,2,41,0.4877937488460216
3,2,42,0.49063853124501033
3,2,43,0.49335175196187936
3,2,44,0.4957300460354043
3,2,45,0.4976228834028925
3,2,46,0.4989373112141165
3,2,47,0.4996237588582563
3,2,48,0.499771109497631
3,2,49,0.49958436962064345
3,2,50,0.4992297030577713
3,2,51,0.49876711209815183
3,2,52,0.4982942275652182
3,2,53,0.49800220812080015
3,2,54,0.4980254807761687
3,2,55,0.4983103598290854
3,2,56,0.49864281020077306
3,2,57,0.49875770797478397
3,2,58,0.49836043670078617
3,2,59,0.49723019082880304
3,2,60,0.49526347541067584
3,2,61,0.49245410510001886
3,2,62,0.48903135226006156
3,2,63,0.4855093249917052
3,2,64,0.48248112258047876
3,2,65,0.4803724678618218
3,2,66,0.4793579397553294
3,2,67,0.47943718466826135
3,2,68,0.4804842278130061
3,2,69,0.48220410690356674
3,2,70,0.48420488873964124
3,2,71,0.48614219657438096
3,2,72,0.4878213513650102
3,2,73,0.48925818116900466
3,2,74,0.49060507832065714
3,2,75,0.49200640796463024
3,2,76,0.49347804032824716
3,2,77,0.4949698479033735
3,2,78,0.4963996529814451
3,2,79,0.49764506896400806
3,2,80,0.49856151553326766
3,2,81,0.4990281852200991
3,2,82,0.49903912941576384
3,2,83,0.4987756923276508
3,2,84,0.49854904988964616
3,2,85,0.4986409012303403
3,2,86,0.49918999282787385
3,2,87,0.5001674408854702
3,2,88,0.501424456947455
3,2,89,0.5028023340558523
3,2,90,0.5041947313909887
3,2,91,0.5055363615042598
3,2,92,0.5068133836985259
3,2,93,0.508062350237938
3,2,94,0.5093126501878851
3,2,95,0.5104991409371744
3,2,96,0.5113750194669842
3,2,97,0.5115725023343415
3,2,98,0.5107770878974149
3,2,99,0.5088867519118128
3,2,100,0.506093167797373
3,2,101,0.502780398907116
3,2,102,0.499409309163323
3,2,103,0.49646182040028164
3,2,104,0.4943169362676157
3,2,105,0.4931360739796626
3,2,106,0.49281996637881975
3,2,107,0.49310801842350804
3,2,108,0.4937170836664683
3,2,109,0.4944614703268159
3,2,110,0.4952688879489378
3,2,111,0.4962321181652329
3,2,112,0.49755470487957354
3,2,113,0.49943008744389733
3,2,114,0.502047372081612
3,2,115,0.505549119527172
3,2,116,0.5099012839805788
3,2,117,0.5148872579523761
3,2,118,0.5201160006606395
3,2,119,0.5250462204287202
3,2,120,0.5291008607980763
3,2,121,0.5318050505376478
3,2,122,0.5328567662448715
3,2,123,0.5322612165078467
3,2,124,0.5303038625159479
3,2,125,0.5274683543449793
3,2,126,0.5243648693629562
3,2,127,0.5215676441430366
3,2,128,0.5194372778414449
3,2,129,0.5180516711564878
3,2,130,0.5172709976280133
3,2,131,0.5168431237966762
3,2,132,0.5165322828385038
3,2,133,0.5162429893947603
3,2,134,0.5160756606068843
3,2,135,0.5162948509503528
3,2,136,0.517183122151497
3,2,137,0.5189014963033083
3,2,138,0.5213930287697767
3,2,139,0.5243089552716159
3,2,140,0.5270706813216408
3,2,141,0.5290321480669777
3,2,142,0.5297138983322336
3,2,143,0.5289555069732396
3,2,144,0.5269511286338766
3,2,145,0.5242229279042071
3,2,146,0.5214707354039227
3,2,147,0.5193629048721674
3,2,148,0.5183338456816752
3,2,149,0.5184837670825508
3,2,150,0.5196192417887737
3,2,151,0.5213005488876044
3,2,152,0.5229246044474285
3,2,153,0.5239072193371338
3,2,154,0.5238776176237419
3,2,155,0.5226989603897587
3,2,156,0.5204579708547866
3,2,157,0.5175025284973392
3,2,158,0.5143081223046666
3,2,159,0.5113301553512578
3,2,160,0.5089466511946225
3,2,161,0.5074078056030589
3,2,162,0.5067743363558235
3,2,163,0.5069158173333559
3,2,164,0.5076243640948044
3,2,165,0.5087003556507436
3,2,166,0.5099503341549292
3,2,167,0.511209766062213
3,2,168,0.5124294757469555
3,2,169,0.5136589282572189
3,2,170,0.5149279081070297
3,2,171,0.5162382879400702
3,2,172,0.517604648064833
3,2,173,0.5190747370142395
3,2,174,0.5206723651884427
3,2,175,0.5223461651564292
3,2,176,0.5239981190179842
3,2,177,0.5255047886162116
3,2,178,0.5267639740444672
3,2,179,0.5276843090593787
3,2,180,0.5281867553097528
3,2,181,0.5282520824226642
3,2,182,0.5279471638459945
3,2,183,0.5274060521441848
3,2,184,0.5267755012044415
3,2,185,0.5261778695103361
3,2,186,0.5257328684996752
3,2,187,0.5256071686009878
3,2,188,0.525918943368803
3,2,189,0.5266758308863222
3,2,190,0.5278385573423169
3,2,191,0.5292885973220728
3,2,192,0.5308320010427084
3,2,193,0.5322318681800866
3,2,194,0.5331888999146188
3,2,195,0.533426146766671
3,2,196,0.5328824356040137
3,2,197,0.5317019641305227
3,2,198,0.5301464399289157
3,2,199,0.5285187443058575
3,2,200,0.5271290564458126
3,2,201,0.5262851712638401
3,2,202,0.5261303701289651
3,2,203,0.5265437548124228
3,2,204,0.5272413497068361
3,2,205,0.5279586476439286
3,2,206,0.5285092437224599
3,2,207,0.5288132653745428
3,2,208,0.5289360099064166
3,2,209,0.5289923594897862
3,2,210,0.529096815854825
3,2,211,0.529354524576195
3,2,212,0.5298012440349957
3,2,213,0.5302849081530617
3,2,214,0.5305386215613346
3,2,215,0.5303955788056244
3,2,216,0.5298661521672592
3,2,217,0.5290961867372023
3,2,218,0.5283107930152977
3,2,219,0.5278224204594255
3,2,220,0.5279451171399864
3,2,221,0.5288158350375126
3,2,222,0.5303430119074911
3,2,223,0.532243997961458
3,2,224,0.5340949994356271
3,2,225,0.5354888861894042
3,2,226,0.5361800225108786
3,2,227,0.5361025451002396
3,2,228,0.5353778083785106
3,2,229,0.5343468640382555
3,2,230,0.533513795073965
3,2,231,0.5333142080994742
3,2,232,0.5339506354106573
3,2,233,0.5353666769620291
3,2,234,0.5373182518275907
3,2,235,0.5395080097143432
3,2,236,0.5416546525047596
3,2,237,0.5435303619287327
3,2,238,0.5449968232364595
3,2,239,0.5460217044455961
3,2,240,0.5466149688817254
3,2,241,0.5467979118729571
3,2,242,0.5465630549941461
3,2,243,0.5458612390902589
3,2,244,0.5446848547477867
3,2,245,0.5431444309232095
3,2,246,0.541475523062907
3,2,247,0.5399606990163212
3,2,248,0.538796805262236
3,2,249,0.538025208742183
3,2,250,0.5375355972439638
3,2,251,0.537125816943733
3,2,252,0.5365690097175665
3,2,253,0.5356903044584762
3,2,254,0.534423202676622
3,2,255,0.5328801315238757
3,2,256,0.5313104376316736
3,2,257,0.5299424587366379
3,2,258,0.5288936356569459
3,2,259,0.5281422046334855
3,2,260,0.5275227799109072
3,2,261,0.5268009888262136
3,2,262,0.5257522885602222
3,2,263,0.5241974746583571
3,2,264,0.5220639943126422
3,2,265,0.5194625205063644
3,2,266,0.516679851894387
3,2,267,0.5140894812648354
3,2,268,0.5120303374522372
3,2,269,0.5107328926202894
3,2,270,0.5103160010737225
3,2,271,0.5107427925068517
3,2,272,0.5118387092047111
3,2,273,0.5133239984161854
3,2,274,0.5148780732169692
3,2,275,0.5162558643379536
3,2,276,0.5173455798382023
3,2,277,0.5181902202362763
3,2,278,0.5189536281467875
3,2,279,0.5198056983937682
3,2,280,0.5208246125668498
3,2,281,0.521996732071945
3,2,282,0.5232492804753733
3,2,283,0.5244605703341232
3,2,284,0.5255013960112414
3,2,285,0.526320507200353
3,2,286,0.5270029103779099
3,2,287,0.5276865334330548
3,2,288,0.5284566836729575
3,2,289,0.5293347077144499
3,2,290,0.5302528374104113
3,2,291,0.5310270558389054
3,2,292,0.5314323476639421
3,2,293,0.531296839469013
3,2,294,0.5305733972404416
3,2,295,0.529389913134205
3,2,296,0.5280067312346153
3,2,297,0.5266852795326554
3,2,298,0.5255819635083194
3,2,299,0.5247270966843425
3,2,300,0.5240890026923911
3,2,301,0.523593755162363
3,2,302,0.5231045859801474
3,2,303,0.5224891838204492
3,2,304,0.5216917889783798
3,2,305,0.5207147409226422
3,2,306,0.5195894060579984
3,2,307,0.5183151894462711
3,2,308,0.51682393346379
3,2,309,0.5150512517510641
3,2,310,0.513053315199646
3,2,311,0.5110405601498541
3,2,312,0.5093375816178912
3,2,313,0.5082766220483466
3,2,314,0.5081256757292089
3,2,315,0.5090318460421471
3,2,316,0.5109283035570552
3,2,317,0.5135347366433265
3,2,318,0.516445577704899
3,2,319,0.5192294049109063
3,2,320,0.5214914415636759
3,2,321,0.5229440026358035
3,2,322,0.5234201618959317
3,2,323,0.5228745156945489
3,2,324,0.5213652313413963
3,2,325,0.5190343432613994
3,2,326,0.516108438376516
3,2,327,0.5128657100088103
3,2,328,0.5096261669916549
3,2,329,0.5067465825669313
3,2,330,0.5045497385752211
3,2,331,0.5032078513461372
3,2,332,0.502637842177172
3,2,333,0.502572160599387
3,2,334,0.5026865950541666
3,2,335,0.5026790479180362
3,2,336,0.5023088923752254
3,2,337,0.5014742475148116
3,2,338,0.5002584649880303
3,2,339,0.4988743076920016
3,2,340,0.49756175821202225
3,2,341,0.4964923237173214
3,2,342,0.4957076350318721
3,2,343,0.4950858252437526
3,2,344,0.49440739477805107
3,2,345,0.4934974953134314
3,2,346,0.49230507926022443
3,2,347,0.4908828105034758
3,2,348,0.4893857677867493
3,2,349,0.48805887684477417
3,2,350,0.4871572753297371
3,2,351,0.4868513632092813
3,2,352,0.4871619082598648
3,2,353,0.4879178731388118
3,2,354,0.48877926902488306
3,2,355,0.48939215668467073
3,2,356,0.489537418408658
3,2,357,0.48914204687767465
3,2,358,0.488234555440866
3,2,359,0.4869339286988678
3,2,360,0.48546958528164214
3,3,0,0.5139510917610074
3,3,1,0.5163467222245057
3,3,2,0.5185808223988264
3,3,3,0.5202771527456653
3,3,4,0.5210607485459463
3,3,5,0.5206337800668195
3,3,6,0.5188787588585804
3,3,7,0.5159720286099134
3,3,8,0.5123472034372895
3,3,9,0.5085686785621756
3,3,10,0.505215494467908
3,3,11,0.5027953131847499
3,3,12,0.5016231906579662
3,3,13,0.5017570881959019
3,3,14,0.503035963078342
3,3,15,0.5051384156604517
3,3,16,0.5076828501462587
3,3,17,0.51024580608812
3,3,18,0.512335314542042
3,3,19,0.5135765083703686
3,3,20,0.5137529795814679
3,3,21,0.5128192121037369
3,3,22,0.5109302274665264
3,3,23,0.508370265236661
3,3,24,0.5054625375492714
3,3,25,0.5025018427927254
3,3,26,0.49965375708713405
3,3,27,0.49691987186729136
3,3,28,0.49415051025924306
3,3,29,0.4910959713937075
3,3,30,0.4876148283975211
3,3,31,0.48377626988822237
3,3,32,0.47969478569291346
3,3,33,0.4756073607189043
3,3,34,0.47191590284255447
3,3,35,0.4690198257667508
3,3,36,0.4671724394661663
3,3,37,0.4664782030493535
3,3,38,0.4669246437714266
3,3,39,0.46834178111809505
3,3,40,0.47035397447795774
3,3,41,0.47246551592725594
3,3,42,0.47420499559830775
3,3,43,0.4751714565430016
3,3,44,0.47504519636635056
3,3,45,0.4736930768341016
3,3,46,0.47114526000384105
3,3,47,0.46750012732383706
3,3,48,0.46307107661138514
3,3,49,0.45837692005278385
3,3,50,0.45394583649544357
3,3,51,0.4501590532476564
3,3,52,0.44731134159632907
3,3,53,0.44564592914648155
3,3,54,0.4451749979717748
3,3,55,0.4455976354703295
3,3,56,0.4464482029010506
3,3,57,0.4472693160122111
3,3,58,0.44766968007666647
3,3,59,0.4474831009341472
3,3,60,0.44681113112299164
3,3,61,0.4459094560382735
3,3,62,0.44519498662978624
3,3,63,0.4451670488092707
3,3,64,0.4462099556033501
3,3,65,0.44838534991260665
3,3,66,0.4514089862682556
3,3,67,0.45490966486277873
3,3,68,0.45855986782999486
3,3,69,0.4620466502401672
3,3,70,0.46514760038218783
3,3,71,0.46783952392246636
3,3,72,0.4702851357601958
3,3,73,0.4727839263721008
3,3,74,0.475612879290941
3,3,75,0.47886974478576194
3,3,76,0.48243602356291165
3,3,77,0.4860914362670688
3,3,78,0.48956875169300373
3,3,79,0.49256174577927736
3,3,80,0.4947274493433878
3,3,81,0.4957844618953078
3,3,82,0.4956489274992356
3,3,83,0.4944349360134824
3,3,84,0.4924379211500302
3,3,85,0.49007430431351556
3,3,86,0.4877418167605842
3,3,87,0.48571759928748187
3,3,88,0.4841265623781246
3,3,89,0.48299970857060615
3,3,90,0.4822853561563433
3,3,91,0.4819034980806891
3,3,92,0.48183518070714515
3,3,93,0.4821348483748392
3,3,94,0.48285021932390537
3,3,95,0.48391883456593726
3,3,96,0.4851337863292029
3,3,97,0.48612117557631057
3,3,98,0.4864567571984924
3,3,99,0.4858864983576539
3,3,100,0.48441732595599396
3,3,101,0.4822830813338691
3,3,102,0.47987919007990404
3,3,103,0.47776056890072555
3,3,104,0.47644259005228334
3,3,105,0.4761885339915089
3,3,106,0.47694700570303045
3,3,107,0.478404715753808
3,3,108,0.48016672605650945
3,3,109,0.481922195941258
3,3,110,0.48347724805247666
3,3,111,0.4848163995652573
3,3,112,0.486065784402772
3,3,113,0.48743654194741487
3,3,114,0.48921370291179683
3,3,115,0.49167915396207323
3,3,116,0.49495467747001054
3,3,117,0.4989524816565759
3,3,118,0.5033619492476106
3,3,119,0.5076751955103895
3,3,120,0.5113096687979699
3,3,121,0.513732431587591
3,3,122,0.5145562706286186
3,3,123,0.5137109689580114
3,3,124,0.5114585775238639
3,3,125,0.5083233381680482
3,3,126,0.5049590838642176
3,3,127,0.5019866769647081
3,3,128,0.49979087475647394
3,3,129,0.4984464217951239
3,3,130,0.4978084310963317
3,3,131,0.49756589294708287
3,3,132,0.4973650615024487
3,3,133,0.49701520886032624
3,3,134,0.49657392592564914
3,3,135,0.4962843259649496
3,3,136,0.49643294069004085
3,3,137,0.49719078854378806
3,3,138,0.49852936851683316
3,3,139,0.5001557173657624
3,3,140,0.501595909147575
3,3,141,0.5023646469619429
3,3,142,0.5021486816081357
3,3,143,0.5009201499164926
3,3,144,0.49896457416658707
3,3,145,0.4968156273243421
3,3,146,0.4950469199839188
3,3,147,0.4940505470130489
3,3,148,0.4939313974910146
3,3,149,0.49449120924171636
3,3,150,0.49535196767155787
3,3,151,0.49608429029969453
3,3,152,0.49629797819381805
3,3,153,0.4956980482059218
3,3,154,0.4942187713627306
3,3,155,0.4920130929915334
3,3,156,0.48935480198515624
3,3,157,0.48659555542886535
3,3,158,0.48406617055011786
3,3,159,0.4820307368170288
3,3,160,0.4807015641611335
3,3,161,0.4801918870519313
3,3,162,0.48049493707960267
3,3,163,0.48150095147337646
3,3,164,0.4830557249571149
3,3,165,0.4850015681592059
3,3,166,0.4871696639042038
3,3,167,0.4893665723599134
3,3,168,0.4914197891107767
3,3,169,0.4931836627752454
3,3,170,0.4944981310356426
3,3,171,0.4952502957847377
3,3,172,0.4954462427487934
3,3,173,0.4952514730145223
3,3,174,0.49494996942629566
3,3,175,0.4948152692974063
3,3,176,0.495024139039595
3,3,177,0.4956181028420278
3,3,178,0.49652161814101464
3,3,179,0.49753310402574513
3,3,180,0.49838702783656824
3,3,181,0.49887041566660967
3,3,182,0.49889979770304066
3,3,183,0.49851730574137904
3,3,184,0.4978396982111696
3,3,185,0.4970370214765413
3,3,186,0.4963354236365025
3,3,187,0.49597457682653795
3,3,188,0.4961035692107335
3,3,189,0.4967905152261337
3,3,190,0.4980924759555165
3,3,191,0.49997595882159185
3,3,192,0.5022642094318437
3,3,193,0.5046703003133285
3,3,194,0.5068023684671058
3,3,195,0.5082470002472986
3,3,196,0.5087458228432931
3,3,197,0.5082222483140376
3,3,198,0.5067370238690037
3,3,199,0.5044551360038949
3,3,200,0.5016886863034093
3,3,201,0.4989092882013498
3,3,202,0.49650784613305055
3,3,203,0.49462747595913853
3,3,204,0.4932492264118731
3,3,205,0.49234004473446785
3,3,206,0.49185636996912885
3,3,207,0.4917598356954302
3,3,208,0.49210395502814963
3,3,209,0.4929547208569094
3,3,210,0.49437172985380856
3,3,211,0.4964303033619493
3,3,212,0.49910590313259273
3,3,213,0.5021302662080525
3,3,214,0.5050502054829377
3,3,215,0.5074439294710548
3,3,216,0.5090372876272214
3,3,217,0.509735737347569
3,3,218,0.5096407978057254
3,3,219,0.5090682292200783
3,3,220,0.5084717802699759
3,3,221,0.5082464221829391
3,3,222,0.5086583451818287
3,3,223,0.5097337346661617
3,3,224,0.5112173204987682
3,3,225,0.512723917821397
3,3,226,0.5138991632228869
3,3,227,0.5144993880602319
3,3,228,0.5144957961840413
3,3,229,0.5141510573565448
3,3,230,0.5139337115162169
3,3,231,0.514295512869642
3,3,232,0.5155270272216557
3,3,233,0.5176782401207874
3,3,234,0.5205215529476757
3,3,235,0.5236456885578719
3,3,236,0.526620580321748
3,3,237,0.5290989518105297
3,3,238,0.5309035814988181
3,3,239,0.5320535921597512
3,3,240,0.532666587072648
3,3,241,0.532853228088151
3,3,242,0.5326608802126342
3,3,243,0.5320918805728345
3,3,244,0.5311622004895704
3,3,245,0.5299336063881034
3,3,246,0.5285243718612004
3,3,247,0.5271197078457948
3,3,248,0.5258925428037611
3,3,249,0.524901521933827
3,3,250,0.5240459136552305
3,3,251,0.523109936101711
3,3,252,0.5218301524425517
3,3,253,0.5200018821065555
3,3,254,0.5175820327385386
3,3,255,0.5147527274387586
3,3,256,0.511860605893851
3,3,257,0.509250537703235
3,3,258,0.5071632231672123
3,3,259,0.505679921692357
3,3,260,0.5046788625134665
3,3,261,0.5039212204024218
3,3,262,0.5031656009435954
3,3,263,0.5022216004065372
3,3,264,0.50096563189195
3,3,265,0.49943161714787015
3,3,266,0.4978536237949798
3,3,267,0.4965714481431913
3,3,268,0.4958746053246366
3,3,269,0.49590951886835727
3,3,270,0.4967014870889785
3,3,271,0.49811509995011477
3,3,272,0.49987838139653173
3,3,273,0.5016665832726837
3,3,274,0.5031693635425659
3,3,275,0.5041770764696295
3,3,276,0.5046445408000949
3,3,277,0.5047247492899511
3,3,278,0.5047170696807178
3,3,279,0.5049350671740941
3,3,280,0.5055882629627038
3,3,281,0.5067397226181533
3,3,282,0.5083365250806727
3,3,283,0.5102563567941703
3,3,284,0.5123572124746636
3,3,285,0.5145153444539238
3,3,286,0.51667810485515
3,3,287,0.5188476196945087
3,3,288,0.5210214232486426
3,3,289,0.5231717188662348
3,3,290,0.5252011985056008
3,3,291,0.5268953516056681
3,3,292,0.5279989594422972
3,3,293,0.5283373108791085
3,3,294,0.52791747593273
3,3,295,0.5269123724449666
3,3,296,0.5255611385011701
3,3,297,0.5241211274056727
3,3,298,0.5228095661811432
3,3,299,0.521726453023387
3,3,300,0.5208717453980233
3,3,301,0.5201822631676942
3,3,302,0.5195201789715567
3,3,303,0.5187528886004135
3,3,304,0.5178355504273493
3,3,305,0.5167646631589833
3,3,306,0.5155274976980955
3,3,307,0.5140574893580026
3,3,308,0.5122392681777231
3,3,309,0.5099859034288429
3,3,310,0.5073256809694944
3,3,311,0.5044729673027607
3,3,312,0.5017989681147087
3,3,313,0.499706766325105
3,3,314,0.49854853295253315
3,3,315,0.4985708383741953
3,3,316,0.4998015558063635
3,3,317,0.5020269002865022
3,3,318,0.5048754051677254
3,3,319,0.5079092383021956
3,3,320,0.5106941819236958
3,3,321,0.5129001496644294
3,3,322,0.5143384985756222
3,3,323,0.5149269045218683
3,3,324,0.5146427239034962
3,3,325,0.5135384810978829
3,3,326,0.5117574322693211
3,3,327,0.5094797008596901
3,3,328,0.5069075423228503
3,3,329,0.5042855709895141
3,3,330,0.5018686477904563
3,3,331,0.49983672821987574
3,3,332,0.49823402902775105
3,3,333,0.4970182243969726
3,3,334,0.4961134780898247
3,3,335,0.49541413192887507
3,3,336,0.4948230463830923
3,3,337,0.494318081263415
3,3,338,0.4939427475826593
3,3,339,0.49373717738405637
3,3,340,0.49367301218220394
3,3,341,0.49365426831086306
3,3,342,0.4935295838585929
3,3,343,0.4930700933066975
3,3,344,0.4920460325998091
3,3,345,0.4903636775395208
3,3,346,0.48815437523262284
3,3,347,0.485752061339772
3,3,348,0.4835988563238116
3,3,349,0.4821114930015575
3,3,350,0.4815615852139133
3,3,351,0.48201546929950445
3,3,352,0.4833167320960874
3,3,353,0.4850636564142828
3,3,354,0.48664602368544346
3,3,355,0.4874934401925753
3,3,356,0.48733199064492283
3,3,357,0.4862279527094731
3,3,358,0.48448934570914304
3,3,359,0.48254765359988183
3,3,360,0.48088978213854133
3,4,0,0.5140585483698944
3,4,1,0.516720700851216
3,4,2,0.5193914990962264
3,4,3,0.5216486064491425
3,4,4,0.5230291860683517
3,4,5,0.5231447938016193
3,4,6,0.5218213726566817
3,4,7,0.51920421390987
3,4,8,0.5157422321950582
3,4,9,0.5120527402673886
3,4,10,0.5087511311694979
3,4,11,0.5063333308693929
3,4,12,0.5050801277613854
3,4,13,0.5050019853081794
3,4,14,0.5058875587561105
3,4,15,0.5073811257771367
3,4,16,0.5091000749189566
3,4,17,0.5107038810685075
3,4,18,0.5118818066237039
3,4,19,0.5125278787677899
3,4,20,0.5126049416596015
3,4,21,0.5121037778206194
3,4,22,0.5111011186063756
3,4,23,0.5097342979272591
3,4,24,0.508132680823147
3,4,25,0.5063621307625135
3,4,26,0.5043796193009983
3,4,27,0.5020710793840806
3,4,28,0.49929391761345493
3,4,29,0.4958991687805661
3,4,30,0.49188782706487566
3,4,31,0.4874703134151099
3,4,32,0.48287990629565786
3,4,33,0.4785179996194668
3,4,34,0.47489982753613647
3,4,35,0.47240807589070594
3,4,36,0.4711542205985961
3,4,37,0.4710234388017121
3,4,38,0.4717524588100051
3,4,39,0.4729496324331243
3,4,40,0.47410170462050816
3,4,41,0.47468855007408167
3,4,42,0.47436240343101077
3,4,43,0.47299927799529556
3,4,44,0.47061794229646636
3,4,45,0.467359455969698
3,4,46,0.4633988247532871
3,4,47,0.45883662933429664
3,4,48,0.4538935182743233
3,4,49,0.4489083636851464
3,4,50,0.44418137608848973
3,4,51,0.43992550366851096
3,4,52,0.4363604143532729
3,4,53,0.4337407451765211
3,4,54,0.43217780918297277
3,4,55,0.4315159457402307
3,4,56,0.4314005063164428
3,4,57,0.43146209842321936
3,4,58,0.43142751762123677
3,4,59,0.4312330709513154
3,4,60,0.43104667466032703
3,4,61,0.4311494355094665
3,4,62,0.4319650369719068
3,4,63,0.43393985633069243
3,4,64,0.43731010219115884
3,4,65,0.4419349820428526
3,4,66,0.447348484814435
3,4,67,0.4530624538076383
3,4,68,0.45870089419298216
3,4,69,0.4639898909575301
3,4,70,0.4688361049163249
3,4,71,0.4733425439538923
3,4,72,0.4777037388895821
3,4,73,0.4821482411839435
3,4,74,0.48678634446280106
3,4,75,0.4914716527533274
3,4,76,0.49587859185626737
3,4,77,0.49966843664236504
3,4,78,0.5025612322980492
3,4,79,0.5043581015822304
3,4,80,0.5049059096368204
3,4,81,0.5041471256605149
3,4,82,0.5022032447797066
3,4,83,0.49927991274407
3,4,84,0.49563770893581216
3,4,85,0.49164960482605635
3,4,86,0.48767298577462204
3,4,87,0.4839488383986086
3,4,88,0.4805968844983714
3,4,89,0.47764381995446514
3,4,90,0.47504971476792374
3,4,91,0.4728071707562751
3,4,92,0.4709892417088418
3,4,93,0.46975308351281636
3,4,94,0.46927459405163535
3,4,95,0.46961639521538834
3,4,96,0.4707009263862891
3,4,97,0.4722526476434605
3,4,98,0.4738328449584927
3,4,99,0.47506421997952064
3,4,100,0.4757399664916729
3,4,101,0.47579962990247615
3,4,102,0.4753630900423068
3,4,103,0.47480670860779917
3,4,104,0.4745503205604131
3,4,105,0.474841084721467
3,4,106,0.47568835715527163
3,4,107,0.4768906595544358
3,4,108,0.4781726608989003
3,4,109,0.479326344375991
3,4,110,0.48023753486413456
3,4,111,0.4809052845845996
3,4,112,0.4814253328662523
3,4,113,0.4819981344978101
3,4,114,0.48291691760684935
3,4,115,0.4844301264913644
3,4,116,0.4866176943817952
3,4,117,0.48937698677004193
3,4,118,0.4924137675171619
3,4,119,0.49526209137068306
3,4,120,0.49739379517882265
3,4,121,0.49834324741272706
3,4,122,0.4978017189685306
3,4,123,0.4957829391017984
3,4,124,0.4926505435323038
3,4,125,0.4890206835896852
3,4,126,0.48562404050863583
3,4,127,0.4831227378805639
3,4,128,0.48187607679369227
3,4,129,0.48185821654973776
3,4,130,0.4827670756649235
3,4,131,0.4840751567241412
3,4,132,0.4851883937196742
3,4,133,0.4856948706754457
3,4,134,0.48551377415069785
3,4,135,0.4848463106355401
3,4,136,0.4840282754025736
3,4,137,0.4833968086475668
3,4,138,0.4831941827005974
3,4,139,0.4834136072446797
3,4,140,0.4838771583173346
3,4,141,0.48433470102187376
3,4,142,0.4845563485492517
3,4,143,0.4844316219624967
3,4,144,0.4840357203666506
3,4,145,0.4836220954498001
3,4,146,0.4835178009821931
3,4,147,0.4839442396074089
3,4,148,0.484899619050332
3,4,149,0.48614286701364845
3,4,150,0.48730004344267197
3,4,151,0.4879887511834514
3,4,152,0.4879083071007784
3,4,153,0.4868402635645681
3,4,154,0.4848036208611801
3,4,155,0.4820655741351409
3,4,156,0.47904807454129694
3,4,157,0.4762466158819723
3,4,158,0.474051653842756
3,4,159,0.4726455246334822
3,4,160,0.472063100911885
3,4,161,0.4722284978677644
3,4,162,0.4729642621011267
3,4,163,0.47404127001182905
3,4,164,0.47528696651295704
3,4,165,0.47663604751367517
3,4,166,0.4780863071086263
3,4,167,0.47960928338961106
3,4,168,0.4811565946012114
3,4,169,0.4826489794981775
3,4,170,0.48391545794510005
3,4,171,0.4847894519479659
3,4,172,0.4852344342583861
3,4,173,0.48539382278728105
3,4,174,0.48555592032968214
3,4,175,0.4860176713127124
3,4,176,0.4869552489464499
3,4,177,0.48835701536643716
3,4,178,0.4900351643097299
3,4,179,0.49164218413784566
3,4,180,0.4927799976859505
3,4,181,0.4931009693916793
3,4,182,0.4924196547994716
3,4,183,0.49084247150037663
3,4,184,0.4886744682314492
3,4,185,0.4863334427358746
3,4,186,0.4843333075973925
3,4,187,0.48317390970375035
3,4,188,0.48317638005271046
3,4,189,0.4844341135488554
3,4,190,0.48686396550173927
3,4,191,0.4902014424856731
3,4,192,0.49401141240988666
3,4,193,0.4977643467884595
3,4,194,0.5009196623255018
3,4,195,0.503031482708307
3,4,196,0.5038681374082706
3,4,197,0.5034617786269157
3,4,198,0.5020001802457557
3,4,199,0.49970012436541805
3,4,200,0.4968447350767183
3,4,201,0.49386284619579385
3,4,202,0.4911332707811118
3,4,203,0.48877697364367706
3,4,204,0.4867510363181267
3,4,205,0.4850326672562944
3,4,206,0.4836531303153235
3,4,207,0.4827185784549884
3,4,208,0.48245778645202936
3,4,209,0.4830847764878438
3,4,210,0.4847467789820557
3,4,211,0.48752113322437235
3,4,212,0.49130172373021797
3,4,213,0.49565566517341736
3,4,214,0.4998644797817581
3,4,215,0.5032061047620505
3,4,216,0.5051913856143654
3,4,217,0.5056426027610075
3,4,218,0.5047193775374537
3,4,219,0.5029037738808395
3,4,220,0.5008535485744574
3,4,221,0.4991989323056458
3,4,222,0.4984380903960453
3,4,223,0.4987374027977067
3,4,224,0.49988002373226387
3,4,225,0.5014113095319913
3,4,226,0.5028292543666818
3,4,227,0.5037542253445403
3,4,228,0.5040823310047416
3,4,229,0.5040358085196671
3,4,230,0.5040684410902727
3,4,231,0.5046768150385565
3,4,232,0.5062440512081017
3,4,233,0.5089063386008129
3,4,234,0.5124517041599691
3,4,235,0.5163994103032112
3,4,236,0.5201825499011682
3,4,237,0.5232776343524936
3,4,238,0.5253731786680262
3,4,239,0.5264676727763571
3,4,240,0.5267422578319362
3,4,241,0.5264387539259522
3,4,242,0.5258049721919528
3,4,243,0.5250441380924518
3,4,244,0.5242960075312469
3,4,245,0.5236335767074058
3,4,246,0.5230795509185738
3,4,247,0.5226333990487687
3,4,248,0.5222658477100351
3,4,249,0.521904694553082
3,4,250,0.5213998894994718
3,4,251,0.5205464342270341
3,4,252,0.5191307960151706
3,4,253,0.5170421170089469
3,4,254,0.5143715520888708
3,4,255,0.5114242421651335
3,4,256,0.5086471173180169
3,4,257,0.5064537897623576
3,4,258,0.5050975012524141
3,4,259,0.5046266337889684
3,4,260,0.5048477262150906
3,4,261,0.5053939176515552
3,4,262,0.5058532802428611
3,4,263,0.5059049465704449
3,4,264,0.5053827074271656
3,4,265,0.5043422207048439
3,4,266,0.5030750048062076
3,4,267,0.5019832578776214
3,4,268,0.501428685986135
3,4,269,0.5016409642691747
3,4,270,0.5027009265836311
3,4,271,0.5044830120725404
3,4,272,0.506703915996802
3,4,273,0.5090512690478872
3,4,274,0.5112378174456993
3,4,275,0.5130503261952011
3,4,276,0.5143863888656699
3,4,277,0.5152980925059396
3,4,278,0.5159815999345905
3,4,279,0.5166666035495047
3,4,280,0.5174961202995005
3,4,281,0.51846888785865
3,4,282,0.5195125030598762
3,4,283,0.5205875178285819
3,4,284,0.5216842860753645
3,4,285,0.5227468206129033
3,4,286,0.5237312048986767
3,4,287,0.5246635416119894
3,4,288,0.5255882535590826
3,4,289,0.5265201842472489
3,4,290,0.5273849147423864
3,4,291,0.5279982983136465
3,4,292,0.5281595933938054
3,4,293,0.5277871900761029
3,4,294,0.526988659053309
3,4,295,0.5259494183276789
3,4,296,0.524811365430393
3,4,297,0.5237044264541584
3,4,298,0.5227563280421667
3,4,299,0.5219606297236951
3,4,300,0.5211634405400252
3,4,301,0.5202113489699703
3,4,302,0.519034946780478
3,4,303,0.5176620304086667
3,4,304,0.5161940239508548
3,4,305,0.5147299353031457
3,4,306,0.5133112852118372
3,4,307,0.5119018817368158
3,4,308,0.5104038151163509
3,4,309,0.5087118612465136
3,4,310,0.5067849899114404
3,4,311,0.5047432355404323
3,4,312,0.5028934617929217
3,4,313,0.5015994757362566
3,4,314,0.5011506869057891
3,4,315,0.5017131145655858
3,4,316,0.5033119001013351
3,4,317,0.5058268199900019
3,4,318,0.5090259760021812
3,4,319,0.5126108133304013
3,4,320,0.5162427207468931
3,4,321,0.519608356670149
3,4,322,0.5224480366320975
3,4,323,0.5245413040457446
3,4,324,0.5257108307944034
3,4,325,0.5258928419494517
3,4,326,0.5251863557816535
3,4,327,0.5237871678844072
3,4,328,0.5219505001891475
3,4,329,0.5199365163351044
3,4,330,0.517909024984123
3,4,331,0.5158975699497071
3,4,332,0.5138527569814441
3,4,333,0.5117204175727634
3,4,334,0.5094971133180713
3,4,335,0.507242927507915
3,4,336,0.5050989489928491
3,4,337,0.5032788313984113
3,4,338,0.5019788668250592
3,4,339,0.5012708839227693
3,4,340,0.5010116108878465
3,4,341,0.5008638772500706
3,4,342,0.5004536755355793
3,4,343,0.49949188542068834
3,4,344,0.4978289000213065
3,4,345,0.49551420783799904
3,4,346,0.49290048600015884
3,4,347,0.49057373849309693
3,4,348,0.4891338981648566
3,4,349,0.48898624182860123
3,4,350,0.49019790738542657
3,4,351,0.4924698006306452
3,4,352,0.4952128685828514
3,4,353,0.497694203912169
3,4,354,0.4991853738253926
3,4,355,0.4991792883871534
3,4,356,0.497585842313493
3,4,357,0.4947467024199994
3,4,358,0.4912868209632068
3,4,359,0.48788114503485397
3,4,360,0.48511677476280185
3,5,0,0.5028138046352336
3,5,1,0.5055227575053635
3,5,2,0.5081640895859643
3,5,3,0.5104208887365211
3,5,4,0.5119495220652427
3,5,5,0.5124731930351066
3,5,6,0.5118703017131815
3,5,7,0.5102448425891054
3,5,8,0.5079447394212868
3,5,9,0.505484010228514
3,5,10,0.5033977969295051
3,5,11,0.5020946165996976
3,5,12,0.5017653352655074
3,5,13,0.502362203865967
3,5,14,0.5036461025015805
3,5,15,0.5052698693074484
3,5,16,0.5068685214898989
3,5,17,0.50813958843556
3,5,18,0.5088846583226349
3,5,19,0.5091211518889078
3,5,20,0.5089099472427776
3,5,21,0.508351367161597
3,5,22,0.5076158943448669
3,5,23,0.5068841304799683
3,5,24,0.506283605926467
3,5,25,0.5058070979747483
3,5,26,0.5052841974386907
3,5,27,0.5044725828065132
3,5,28,0.5031154036589532
3,5,29,0.5009306670224397
3,5,30,0.49776364917426424
3,5,31,0.4936936111117543
3,5,32,0.4888992802318297
3,5,33,0.48380514498815463
3,5,34,0.478947920282772
3,5,35,0.4747447242971718
3,5,36,0.47139086018857895
3,5,37,0.4689300212734968
3,5,38,0.4673284154257247
3,5,39,0.46645667150846515
3,5,40,0.4660512819550455
3,5,41,0.46576546909267535
3,5,42,0.46532408352055704
3,5,43,0.4645190899830929
3,5,44,0.46312185889856133
3,5,45,0.46098267813795657
3,5,46,0.4579405582154503
3,5,47,0.45379916852053676
3,5,48,0.4486263637513405
3,5,49,0.4427529367084203
3,5,50,0.43661848661925023
3,5,51,0.43069253148018843
3,5,52,0.42543811293124056
3,5,53,0.4213006777062218
3,5,54,0.4185839647169761
3,5,55,0.4172751591661836
3,5,56,0.41705042162761685
3,5,57,0.41745704970819075
3,5,58,0.41801504938095185
3,5,59,0.4183900745248179
3,5,60,0.41848186713983526
3,5,61,0.41833005945357676
3,5,62,0.41827957360667756
3,5,63,0.41886802371117365
3,5,64,0.420570373434633
3,5,65,0.4236268722907064
3,5,66,0.42800070339556484
3,5,67,0.43351484916518557
3,5,68,0.4399375346259308
3,5,69,0.44696969986672846
3,5,70,0.45427519426613505
3,5,71,0.4615534414483983
3,5,72,0.46859593701088736
3,5,73,0.4753164464116125
3,5,74,0.48162280102849125
3,5,75,0.4872624750880765
3,5,76,0.49193926431460705
3,5,77,0.49543611557634387
3,5,78,0.49764203801124823
3,5,79,0.49855384943183084
3,5,80,0.4982429731751053
3,5,81,0.4968655631716522
3,5,82,0.4946966199993803
3,5,83,0.4920800844793666
3,5,84,0.48938751282005727
3,5,85,0.48696663163842563
3,5,86,0.4849642320890631
3,5,87,0.48333128477515563
3,5,88,0.4818889928173764
3,5,89,0.4803787700138376
3,5,90,0.4785882420690447
3,5,91,0.4764676417042336
3,5,92,0.4741494536637674
3,5,93,0.47195460246841603
3,5,94,0.4702826852055631
3,5,95,0.4694156262444842
3,5,96,0.46943135206763303
3,5,97,0.4701697320070683
3,5,98,0.47129835013492316
3,5,99,0.47252474964725855
3,5,100,0.4736734844147734
3,5,101,0.474656042043728
3,5,102,0.4754938260043708
3,5,103,0.4763723106560615
3,5,104,0.4774804037348096
3,5,105,0.47883628962581826
3,5,106,0.48024348789589344
3,5,107,0.48141265968420965
3,5,108,0.48211942165228466
3,5,109,0.4822793202403007
3,5,110,0.4819429314583859
3,5,111,0.4812876583939414
3,5,112,0.4805648637837293
3,5,113,0.4800677886323482
3,5,114,0.48011968183511694
3,5,115,0.4809723378587171
3,5,116,0.4826924762704849
3,5,117,0.48513881705177564
3,5,118,0.48799386707099063
3,5,119,0.49082664922964503
3,5,120,0.4931126673241097
3,5,121,0.49432747113997666
3,5,122,0.4940763704571962
3,5,123,0.49227189460101284
3,5,124,0.48917379141328104
3,5,125,0.4853593501474375
3,5,126,0.4816212248476683
3,5,127,0.4787529538529949
3,5,128,0.4772944859812958
3,5,129,0.47739534935114103
3,5,130,0.47887025886124485
3,5,131,0.4812106585794734
3,5,132,0.4836906702493181
3,5,133,0.48565856082896103
3,5,134,0.4867629437867894
3,5,135,0.4869513908489069
3,5,136,0.48636237991185294
3,5,137,0.4853115233118019
3,5,138,0.48417630856671084
3,5,139,0.4831714941969243
3,5,140,0.48239432270275107
3,5,141,0.48183423940104897
3,5,142,0.4813783600172467
3,5,143,0.4808835090323426
3,5,144,0.48027162095759895
3,5,145,0.4795829752683412
3,5,146,0.4789612433657184
3,5,147,0.4785752067099921
3,5,148,0.47851015329267044
3,5,149,0.4787303745001259
3,5,150,0.4790987276686972
3,5,151,0.47943559254466
3,5,152,0.4795573655340701
3,5,153,0.47924047416701
3,5,154,0.47836896917075
3,5,155,0.47697333892364085
3,5,156,0.4752199798459347
3,5,157,0.4733977251276849
3,5,158,0.4717714084249963
3,5,159,0.47045812079549065
3,5,160,0.4694804025292712
3,5,161,0.4688480796928578
3,5,162,0.4685425647427814
3,5,163,0.4685132206400363
3,5,164,0.46875818866137425
3,5,165,0.46933174572974584
3,5,166,0.4703016655744266
3,5,167,0.47168823021061823
3,5,168,0.47345143431804126
3,5,169,0.4754499498669393
3,5,170,0.47742941834970837
3,5,171,0.4791692984099891
3,5,172,0.48060648048219284
3,5,173,0.48184865176502306
3,5,174,0.4830980137691241
3,5,175,0.4845116503303444
3,5,176,0.4861258423161764
3,5,177,0.4878131096061074
3,5,178,0.48932081039514336
3,5,179,0.49027182517373485
3,5,180,0.4902464594802447
3,5,181,0.4889181892048376
3,5,182,0.48620156566372624
3,5,183,0.4823670562944339
3,5,184,0.47788881920828524
3,5,185,0.47332999777867324
3,5,186,0.46933258756027224
3,5,187,0.46653880584939006
3,5,188,0.4654384341804275
3,5,189,0.4662114775752338
3,5,190,0.4687371473850227
3,5,191,0.47261831972170365
3,5,192,0.4772287615551696
3,5,193,0.481862409111342
3,5,194,0.4858364242588581
3,5,195,0.4885829972112228
3,5,196,0.4897973056733283
3,5,197,0.48954767871679156
3,5,198,0.48813509867689003
3,5,199,0.485909678558579
3,5,200,0.48325820261258307
3,5,201,0.48063758583954863
3,5,202,0.4784170850599927
3,5,203,0.47666316904678563
3,5,204,0.4752282290247382
3,5,205,0.4739538570134144
3,5,206,0.47276087187542887
3,5,207,0.47170884851067607
3,5,208,0.47104070885104027
3,5,209,0.47106480764316366
3,5,210,0.4720772505993886
3,5,211,0.4742960665414661
3,5,212,0.4777433294136121
3,5,213,0.48209102832021766
3,5,214,0.4866611807911123
3,5,215,0.4906957869948224
3,5,216,0.4936451221491392
3,5,217,0.4952516320950225
3,5,218,0.49558520201376255
3,5,219,0.49500682217491515
3,5,220,0.49400995162327
3,5,221,0.49308777072014603
3,5,222,0.49262711913034557
3,5,223,0.4927488271029556
3,5,224,0.49329279881515586
3,5,225,0.4938752116071636
3,5,226,0.4941008731313982
3,5,227,0.49379958959152254
3,5,228,0.49310348489674594
3,5,229,0.49239448250168083
3,5,230,0.49220469862133115
3,5,231,0.49305368684630685
3,5,232,0.49530970015181164
3,5,233,0.4990500105748262
3,5,234,0.50395094560919
3,5,235,0.5094101527392251
3,5,236,0.5147160885076927
3,5,237,0.5191833466393584
3,5,238,0.522388602998971
3,5,239,0.5242532166846396
3,5,240,0.5248794582938595
3,5,241,0.5244786105925479
3,5,242,0.5233338873848153
3,5,243,0.5217189528086374
3,5,244,0.5198634555256579
3,5,245,0.5179527647827832
3,5,246,0.5161507811248655
3,5,247,0.514588647531936
3,5,248,0.513356341794193
3,5,249,0.5125027552255831
3,5,250,0.5119742097857345
3,5,251,0.5116019277983858
3,5,252,0.5111606863644519
3,5,253,0.5104949336091413
3,5,254,0.509602910490761
3,5,255,0.508666736128201
3,5,256,0.5080244461729791
3,5,257,0.5080015035361332
3,5,258,0.5087582148958514
3,5,259,0.5102397839775376
3,5,260,0.5121459745352739
3,5,261,0.5139864404501832
3,5,262,0.5152241462838888
3,5,263,0.5154669396400149
3,5,264,0.5145842415876006
3,5,265,0.5127182945953449
3,5,266,0.5102506875080708
3,5,267,0.5077073420965347
3,5,268,0.5056195442321836
3,5,269,0.5043918351972183
3,5,270,0.5042415455208181
3,5,271,0.5051556511452256
3,5,272,0.5069496935989576
3,5,273,0.5093730080783578
3,5,274,0.5121680319803944
3,5,275,0.5150743033113333
3,5,276,0.5177945261973277
3,5,277,0.5200631850260143
3,5,278,0.5217727608292252
3,5,279,0.5229145818468641
3,5,280,0.5234467572212718
3,5,281,0.5232664755908242
3,5,282,0.5223426465527916
3,5,283,0.5208420464445014
3,5,284,0.5190597817776065
3,5,285,0.5172505372292522
3,5,286,0.5156530394305414
3,5,287,0.5145302220765826
3,5,288,0.5140933935283094
3,5,289,0.5144115590151372
3,5,290,0.5153261090111716
3,5,291,0.5164780384461245
3,5,292,0.5174619400566175
3,5,293,0.51800918881228
3,5,294,0.5180616916595429
3,5,295,0.5176749894335402
3,5,296,0.516919015312158
3,5,297,0.5159251802120773
3,5,298,0.514918470525023
3,5,299,0.5140295774262653
3,5,300,0.5132115996454237
3,5,301,0.5124077964699343
3,5,302,0.5116469900193273
3,5,303,0.5110055270710733
3,5,304,0.5105375710193721
3,5,305,0.5102217011012161
3,5,306,0.5099211118484509
3,5,307,0.5094281658608109
3,5,308,0.5085473168760103
3,5,309,0.5071570945848906
3,5,310,0.5052644382253099
3,5,311,0.5030697590564749
3,5,312,0.5010090662781274
3,5,313,0.49959587757478213
3,5,314,0.4992090982726364
3,5,315,0.5000314372142214
3,5,316,0.5020600286613113
3,5,317,0.5051301602924204
3,5,318,0.5089675325879148
3,5,319,0.513229775306187
3,5,320,0.5175365477287344
3,5,321,0.5215335049489891
3,5,322,0.5249061999592778
3,5,323,0.5273622140357245
3,5,324,0.528660122689991
3,5,325,0.5286812077099695
3,5,326,0.5275065471592306
3,5,327,0.5254179880364674
3,5,328,0.5228628604374455
3,5,329,0.5203330630154352
3,5,330,0.5181566154444328
3,5,331,0.5164296687613367
3,5,332,0.5150961736551198
3,5,333,0.5139842796509914
3,5,334,0.5128628310027317
3,5,335,0.5115339523791405
3,5,336,0.5099345949481208
3,5,337,0.5081788821932468
3,5,338,0.5065037055681153
3,5,339,0.5051507693694202
3,5,340,0.5041791659183914
3,5,341,0.5033908693615152
3,5,342,0.5024899425320681
3,5,343,0.5012487782020653
3,5,344,0.49952776364401014
3,5,345,0.49730217070495336
3,5,346,0.49480813466760826
3,5,347,0.4925119546350028
3,5,348,0.49094273768272145
3,5,349,0.49050358827480667
3,5,350,0.4912963818385775
3,5,351,0.4930755029747179
3,5,352,0.4953283195359155
3,5,353,0.49743486074781157
3,5,354,0.49881389707653956
3,5,355,0.4990729263647611
3,5,356,0.49814502964311147
3,5,357,0.49628875798875943
3,5,358,0.4939746655879279
3,5,359,0.4916758976492711
3,5,360,0.4897659160599276
3,6,0,0.49046895763073123
3,6,1,0.49187993521496365
3,6,2,0.4931791006460345
3,6,3,0.4942523465512789
3,6,4,0.49497959541337083
3,6,5,0.49527635720876617
3,6,6,0.4951335681496093
3,6,7,0.4946600433481174
3,6,8,0.49406267200033177
3,6,9,0.49360772753831256
3,6,10,0.493541909151244
3,6,11,0.4939937794512902
3,6,12,0.4949435342579895
3,6,13,0.4962592023752957
3,6,14,0.4977530852786207
3,6,15,0.4992445138781351
3,6,16,0.5005774627970797
3,6,17,0.5016428849563546
3,6,18,0.502470982438419
3,6,19,0.5032138074381518
3,6,20,0.5039321110630786
3,6,21,0.5046854343995837
3,6,22,0.5055389261819614
3,6,23,0.5064911005684387
3,6,24,0.5074721039353034
3,6,25,0.5083258315930197
3,6,26,0.5088338369948001
3,6,27,0.5087802484416888
3,6,28,0.5079411702848383
3,6,29,0.5061015452554246
3,6,30,0.5031801811030273
3,6,31,0.49921286896705286
3,6,32,0.4942515046884692
3,6,33,0.4885236087883267
3,6,34,0.4823819756981423
3,6,35,0.47617051763348317
3,6,36,0.47014368485466423
3,6,37,0.46454760298821646
3,6,38,0.45962910415489844
3,6,39,0.4555382249066693
3,6,40,0.4522830984405726
3,6,41,0.4497982424565829
3,6,42,0.44796013100575194
3,6,43,0.44649674946280504
3,6,44,0.4450261136627186
3,6,45,0.4432451869941029
3,6,46,0.4407665518508733
3,6,47,0.4371282842588444
3,6,48,0.4322062909692356
3,6,49,0.4262382481100336
3,6,50,0.41965448378785886
3,6,51,0.4130577211807738
3,6,52,0.4071663320695172
3,6,53,0.4027053432219986
3,6,54,0.4001624690055566
3,6,55,0.39962737912659035
3,6,56,0.40081240387462025
3,6,57,0.4031125069247375
3,6,58,0.4057081922594104
3,6,59,0.4078928698008358
3,6,60,0.4091859480301248
3,6,61,0.4093278165392154
3,6,62,0.40852404557155153
3,6,63,0.40735213145310667
3,6,64,0.40650306193301544
3,6,65,0.40662973109936523
3,6,66,0.40821997639165675
3,6,67,0.4115794821886119
3,6,68,0.4167638403522929
3,6,69,0.42353105596042967
3,6,70,0.43143175117612836
3,6,71,0.43994191666249566
3,6,72,0.44857651007228344
3,6,73,0.45697457838199396
3,6,74,0.4648196842694611
3,6,75,0.4717630226949315
3,6,76,0.477533970090689
3,6,77,0.48197127956288816
3,6,78,0.48496989988139116
3,6,79,0.486474980066193
3,6,80,0.48651310108661616
3,6,81,0.4852548039207276
3,6,82,0.4830351802553155
3,6,83,0.48030186225018057
3,6,84,0.47755399262336534
3,6,85,0.4752257665813262
3,6,86,0.47352650515840194
3,6,87,0.47243108782703186
3,6,88,0.47171294875303404
3,6,89,0.4710028505478063
3,6,90,0.4699658265572981
3,6,91,0.46846472899514685
3,6,92,0.46662932528880763
3,6,93,0.4648383235455287
3,6,94,0.46354849216572297
3,6,95,0.4630959533920407
3,6,96,0.46360402586870675
3,6,97,0.4649417717847036
3,6,98,0.4667841469362546
3,6,99,0.4687894405379962
3,6,100,0.4706884431994454
3,6,101,0.4723184796377276
3,6,102,0.4736548789285399
3,6,103,0.47483673461627873
3,6,104,0.476043336915949
3,6,105,0.47735252426313285
3,6,106,0.47865612083529463
3,6,107,0.4797501025864151
3,6,108,0.48047985941403326
3,6,109,0.4807755122721456
3,6,110,0.48062550047940383
3,6,111,0.4800999704731017
3,6,112,0.4793320886127161
3,6,113,0.47852343164994
3,6,114,0.4779382117219828
3,6,115,0.4778663258779535
3,6,116,0.4785319541785075
3,6,117,0.4800111612524435
3,6,118,0.4822123306863743
3,6,119,0.48488703300593494
3,6,120,0.4875991248994288
3,6,121,0.48978189615970663
3,6,122,0.4908886896938298
3,6,123,0.4905974040696101
3,6,124,0.4888634828342014
3,6,125,0.48599312105554804
3,6,126,0.4825808137181473
3,6,127,0.4793469983254783
3,6,128,0.47693696956188525
3,6,129,0.4757445739619737
3,6,130,0.47585884429560715
3,6,131,0.47704857157666375
3,6,132,0.4788489440488016
3,6,133,0.4807620469259984
3,6,134,0.4824045657124163
3,6,135,0.483519280640459
3,6,136,0.4839395511302633
3,6,137,0.48367303042581
3,6,138,0.482803048062217
3,6,139,0.4813667905068595
3,6,140,0.4794098012466338
3,6,141,0.47697066394269344
3,6,142,0.4741065128959469
3,6,143,0.47098093300760463
3,6,144,0.4678639519072375
3,6,145,0.4650642737129029
3,6,146,0.4628691861745315
3,6,147,0.46150206207304034
3,6,148,0.46102729922883906
3,6,149,0.46133011001194335
3,6,150,0.46215856369039643
3,6,151,0.46323641010629946
3,6,152,0.46429240564040947
3,6,153,0.46505326609198305
3,6,154,0.4653919714154316
3,6,155,0.46528688383737454
3,6,156,0.46475270412793646
3,6,157,0.4638883066900994
3,6,158,0.4628382188092458
3,6,159,0.4616937479916745
3,6,160,0.46053788950707075
3,6,161,0.4595291338484807
3,6,162,0.4588552380712496
3,6,163,0.4586888134934084
3,6,164,0.45917703850025277
3,6,165,0.4603876298764778
3,6,166,0.46226426700331813
3,6,167,0.464620793988206
3,6,168,0.4671968909041448
3,6,169,0.46965122959230454
3,6,170,0.4716031601926793
3,6,171,0.4728357691600849
3,6,172,0.4734042698738467
3,6,173,0.4735649103281179
3,6,174,0.47365260455567726
3,6,175,0.47394119902123094
3,6,176,0.4745624623632065
3,6,177,0.47547977779616973
3,6,178,0.4765263991260118
3,6,179,0.4773700179800992
3,6,180,0.47756370747981663
3,6,181,0.4767187116804702
3,6,182,0.47469969330906375
3,6,183,0.4716774730467285
3,6,184,0.4679450273492416
3,6,185,0.46388610017777676
3,6,186,0.46000646784829874
3,6,187,0.45683376371673057
3,6,188,0.4547985857715847
3,6,189,0.45411199315530454
3,6,190,0.4547074756306466
3,6,191,0.4562783500913164
3,6,192,0.45835754705210824
3,6,193,0.46043879747742744
3,6,194,0.4620784248518742
3,6,195,0.4629504827134132
3,6,196,0.46297630048828425
3,6,197,0.46239393282371244
3,6,198,0.4615572510490617
3,6,199,0.460777478199507
3,6,200,0.46031491513089784
3,6,201,0.46036289321146584
3,6,202,0.46095998097298385
3,6,203,0.46190279528669936
3,6,204,0.4628014014565925
3,6,205,0.46331862582350336
3,6,206,0.46333330185636107
3,6,207,0.46293412536380946
3,6,208,0.46244590917694933
3,6,209,0.4623052657729259
3,6,210,0.46297873477585716
3,6,211,0.4648830918811529
3,6,212,0.46819960747804423
3,6,213,0.47271060520876007
3,6,214,0.47779168103383274
3,6,215,0.4826666699243232
3,6,216,0.4866892703801869
3,6,217,0.48948905704571827
3,6,218,0.4910096439341851
3,6,219,0.49148099219223035
3,6,220,0.4913007018793889
3,6,221,0.49087994577195576
3,6,222,0.4905553765635819
3,6,223,0.49043238775479986
3,6,224,0.4903377508771675
3,6,225,0.4898699417165276
3,6,226,0.4886361921620112
3,6,227,0.4865228067670148
3,6,228,0.4837562609336064
3,6,229,0.48087939300265076
3,6,230,0.4786206878071299
3,6,231,0.47771846439176097
3,6,232,0.4787785914433639
3,6,233,0.4820577581436612
3,6,234,0.48731002293442194
3,6,235,0.4938774181313288
3,6,236,0.5008131262635733
3,6,237,0.507068653388997
3,6,238,0.5118377731930646
3,6,239,0.5147088047915948
3,6,240,0.515569797378925
3,6,241,0.5145909891137883
3,6,242,0.5121925108782384
3,6,243,0.5089252963378286
3,6,244,0.5053213546838985
3,6,245,0.5018162026566715
3,6,246,0.49876434834894856
3,6,247,0.49639989480354724
3,6,248,0.49483272136233963
3,6,249,0.49411108914469243
3,6,250,0.49420279585153065
3,6,251,0.49497290151167006
3,6,252,0.4962266412737533
3,6,253,0.4978060210667446
3,6,254,0.4996032242146056
3,6,255,0.5015697707956087
3,6,256,0.5037179348895774
3,6,257,0.5060208305079716
3,6,258,0.508310100174992
3,6,259,0.5103132939606514
3,6,260,0.5117036377596295
3,6,261,0.5121679464817057
3,6,262,0.5114938213355887
3,6,263,0.5096624585715436
3,6,264,0.5068905936858119
3,6,265,0.5035605615782343
3,6,266,0.5001278458789029
3,6,267,0.49706870940109105
3,6,268,0.49480548776519623
3,6,269,0.49361891892709664
3,6,270,0.49360748166751933
3,6,271,0.4947058115566913
3,6,272,0.4967518801619483
3,6,273,0.4995414366738075
3,6,274,0.5028642123036258
3,6,275,0.5064813535130387
3,6,276,0.5100649559581324
3,6,277,0.5132588624682138
3,6,278,0.5158470299682193
3,6,279,0.5177242448154071
3,6,280,0.5187702136567405
3,6,281,0.5188212175164165
3,6,282,0.5178263722327249
3,6,283,0.5159941512561108
3,6,284,0.5137277249222078
3,6,285,0.5114453705639268
3,6,286,0.5095552098921365
3,6,287,0.5084158620274741
3,6,288,0.5082424290526415
3,6,289,0.509049934946393
3,6,290,0.5106152460297576
3,6,291,0.5125120224084883
3,6,292,0.5142738357807027
3,6,293,0.5155826226419395
3,6,294,0.5163624791936937
3,6,295,0.516721351761067
3,6,296,0.5168194671281761
3,6,297,0.5168064282121041
3,6,298,0.5168400087201387
3,6,299,0.5169816770067187
3,6,300,0.5171563210745548
3,6,301,0.5172789471502817
3,6,302,0.5173240653758103
3,6,303,0.5173190874209718
3,6,304,0.5173334798552776
3,6,305,0.5174134697165742
3,6,306,0.5174677636831395
3,6,307,0.5172762016296109
3,6,308,0.5165804023207533
3,6,309,0.5151667720248843
3,6,310,0.5129517104251148
3,6,311,0.5100600034794363
3,6,312,0.5068758555651588
3,6,313,0.5039212078943581
3,6,314,0.5016796645778016
3,6,315,0.500523353055636
3,6,316,0.5006613827070591
3,6,317,0.5021012747513502
3,6,318,0.5047007706296811
3,6,319,0.5082026525894819
3,6,320,0.5122415165817525
3,6,321,0.5164053739651792
3,6,322,0.5202638395219674
3,6,323,0.523356763262485
3,6,324,0.5252346839234248
3,6,325,0.5255774591260612
3,6,326,0.5243024983330871
3,6,327,0.5216108700670273
3,6,328,0.5179869042973245
3,6,329,0.5140961674270589
3,6,330,0.5105762323423948
3,6,331,0.5079057715000526
3,6,332,0.5063699123317665
3,6,333,0.5059892312748497
3,6,334,0.5065135390121954
3,6,335,0.5075081112102511
3,6,336,0.5085022179358171
3,6,337,0.5091297125993037
3,6,338,0.5092153086759652
3,6,339,0.5087924603766605
3,6,340,0.5079695765082866
3,6,341,0.5068247599982909
3,6,342,0.505454830540997
3,6,343,0.5039731974348286
3,6,344,0.5024199213149871
3,6,345,0.5007543101697335
3,6,346,0.49898934939454226
3,6,347,0.49723906688170955
3,6,348,0.49572603323867215
3,6,349,0.49472620222172675
3,6,350,0.4944178802212136
3,6,351,0.49481655163807525
3,6,352,0.495800774980666
3,6,353,0.49713620048926715
3,6,354,0.49848291955691887
3,6,355,0.4994836690023148
3,6,356,0.49993392627424876
3,6,357,0.49984368837843784
3,6,358,0.4993848178893766
3,6,359,0.4987519220279747
3,6,360,0.498103432397284
3,7,0,0.4834857709246722
3,7,1,0.48399501227651226
3,7,2,0.4845837435648585
3,7,3,0.4852102410528761
3,7,4,0.4858062201972298
3,7,5,0.4863031799125037
3,7,6,0.4866811896883388
3,7,7,0.4870040559576858
3,7,8,0.4873672363308783
3,7,9,0.48787242462866587
3,7,10,0.48859425676689283
3,7,11,0.4895322049868684
3,7,12,0.4906285037851738
3,7,13,0.49178866329401816
3,7,14,0.49290305836290077
3,7,15,0.49388634664009606
3,7,16,0.49468515262020724
3,7,17,0.49530714337186865
3,7,18,0.49588842571970176
3,7,19,0.49659692031692854
3,7,20,0.4975220954695246
3,7,21,0.49875460255113996
3,7,22,0.5003305935338425
3,7,23,0.5021497390053807
3,7,24,0.5039860665899635
3,7,25,0.5055094298847892
3,7,26,0.5063616122808922
3,7,27,0.5062671103116286
3,7,28,0.5050600929189172
3,7,29,0.5026999629234057
3,7,30,0.4993113766317068
3,7,31,0.4951093370546981
3,7,32,0.49028909049435354
3,7,33,0.48501500495813776
3,7,34,0.47944631173049695
3,7,35,0.4737191489172517
3,7,36,0.4678855307859336
3,7,37,0.4620520034396418
3,7,38,0.45645159778716954
3,7,39,0.45135687911539507
3,7,40,0.4469835982283953
3,7,41,0.4434894563598667
3,7,42,0.4409031407197712
3,7,43,0.43899166356051506
3,7,44,0.4372972754622962
3,7,45,0.43532868109515266
3,7,46,0.4324996948436279
3,7,47,0.4281843700135971
3,7,48,0.4221415196386988
3,7,49,0.41459951279941115
3,7,50,0.40610052055799256
3,7,51,0.397469694806286
3,7,52,0.3897143270568923
3,7,53,0.38385803853124145
3,7,54,0.3806292014178026
3,7,55,0.3802525047261898
3,7,56,0.3824745379274144
3,7,57,0.3866069506229173
3,7,58,0.3916262542016097
3,7,59,0.3965616060077057
3,7,60,0.40069775933813423
3,7,61,0.4036079798109332
3,7,62,0.4053467432022284
3,7,63,0.4063677311095869
3,7,64,0.40727507593260515
3,7,65,0.4086650600780875
3,7,66,0.41098358961780596
3,7,67,0.4145106615540372
3,7,68,0.41930458506481677
3,7,69,0.42513773229479535
3,7,70,0.43163613264935635
3,7,71,0.4384598196982149
3,7,72,0.4453667897573181
3,7,73,0.4521980044744715
3,7,74,0.45880722595137124
3,7,75,0.46501362229407434
3,7,76,0.4706299180430856
3,7,77,0.47548712754685724
3,7,78,0.47938966625853047
3,7,79,0.48207957929997775
3,7,80,0.48331880827767254
3,7,81,0.48300613217664873
3,7,82,0.4812461391534466
3,7,83,0.47831358486751113
3,7,84,0.4745793519433149
3,7,85,0.47047245058534787
3,7,86,0.46637894222323606
3,7,87,0.462568484581152
3,7,88,0.45917872523824593
3,7,89,0.45623478486520036
3,7,90,0.4537259109554717
3,7,91,0.4516876285651414
3,7,92,0.45027458599489384
3,7,93,0.44971471281636055
3,7,94,0.45020085499359797
3,7,95,0.45179478222477526
3,7,96,0.45438870563905165
3,7,97,0.4577114085486389
3,7,98,0.46135538238701296
3,7,99,0.46492537267096795
3,7,100,0.4680952458295824
3,7,101,0.47064258972664125
3,7,102,0.4725196336191572
3,7,103,0.47383798109207437
3,7,104,0.47478291394054534
3,7,105,0.47552711135068093
3,7,106,0.47615286971984533
3,7,107,0.47664305059844386
3,7,108,0.47695984757067317
3,7,109,0.4770785635386342
3,7,110,0.4769528959639792
3,7,111,0.4765587714084576
3,7,112,0.47593737930478014
3,7,113,0.4752201520291225
3,7,114,0.47460297575059024
3,7,115,0.47432325688828697
3,7,116,0.47464655245354703
3,7,117,0.4757656927492098
3,7,118,0.4776954454965327
3,7,119,0.4802695078804284
3,7,120,0.4831686772096822
3,7,121,0.48592936058283676
3,7,122,0.4880304372829027
3,7,123,0.48907339268023553
3,7,124,0.48884374187079305
3,7,125,0.4873875781262863
3,7,126,0.48497967962912353
3,7,127,0.4820494899642814
3,7,128,0.4790878830997574
3,7,129,0.4765131679197085
3,7,130,0.4745842862116913
3,7,131,0.47334387118252025
3,7,132,0.4726231763049248
3,7,133,0.472179890067176
3,7,134,0.47184423257651
3,7,135,0.4715109956313684
3,7,136,0.47109111666798
3,7,137,0.4705552058943684
3,7,138,0.4698746402905508
3,7,139,0.4689807855714473
3,7,140,0.4677996975057763
3,7,141,0.4662382355201094
3,7,142,0.4642359288541659
3,7,143,0.4618788019693416
3,7,144,0.45944526949924436
3,7,145,0.4573152174292876
3,7,146,0.455795036018547
3,7,147,0.4550248395910841
3,7,148,0.4549253291020717
3,7,149,0.4552106807894724
3,7,150,0.45548738412117407
3,7,151,0.4554317535832518
3,7,152,0.45486495774114233
3,7,153,0.4537756142693033
3,7,154,0.45239286274205665
3,7,155,0.4510436281411861
3,7,156,0.4499921788889822
3,7,157,0.4494131337336314
3,7,158,0.4493528586762137
3,7,159,0.44968225557064634
3,7,160,0.4501895178284347
3,7,161,0.4507342728204396
3,7,162,0.4512744439398169
3,7,163,0.45187698005519006
3,7,164,0.45273017043070624
3,7,165,0.4540478724458626
3,7,166,0.45588793318444065
3,7,167,0.45810899394591065
3,7,168,0.460485253564491
3,7,169,0.4626882497111456
3,7,170,0.46428994721326117
3,7,171,0.46499224508365694
3,7,172,0.464784909159876
3,7,173,0.4639051797522826
3,7,174,0.46274018621420226
3,7,175,0.461681511047315
3,7,176,0.4610123526458958
3,7,177,0.46083727994732415
3,7,178,0.46109660282769394
3,7,179,0.4615463856638484
3,7,180,0.46178414289730096
3,7,181,0.46138389092122545
3,7,182,0.4601106129361215
3,7,183,0.4579749113760164
3,7,184,0.45509877295772166
3,7,185,0.45175415791212054
3,7,186,0.4484067141313782
3,7,187,0.44556797485169486
3,7,188,0.44367166858725
3,7,189,0.44296235906604614
3,7,190,0.44341878787919853
3,7,191,0.44479188316052976
3,7,192,0.44671549686638024
3,7,193,0.4487618019025706
3,7,194,0.4505458101854071
3,7,195,0.45184781287181985
3,7,196,0.4527249669386316
3,7,197,0.4534332756783834
3,7,198,0.4541958805608438
3,7,199,0.4551138639575888
3,7,200,0.45620103355814395
3,7,201,0.4573822668071843
3,7,202,0.4584758125056768
3,7,203,0.45919881595160894
3,7,204,0.4592514540021972
3,7,205,0.45852615424853715
3,7,206,0.45721196289832755
3,7,207,0.4556927159931016
3,7,208,0.4544620575759155
3,7,209,0.45396528047453916
3,7,210,0.4545965017345607
3,7,211,0.4566578154163613
3,7,212,0.4601870106496903
3,7,213,0.46487271641117467
3,7,214,0.47010914703636025
3,7,215,0.4752283084658326
3,7,216,0.4797202780287726
3,7,217,0.48330625915374126
3,7,218,0.48591459769720097
3,7,219,0.48770244660186907
3,7,220,0.4889470147924337
3,7,221,0.4898846347638516
3,7,222,0.4907004889346448
3,7,223,0.4913686561989199
3,7,224,0.49161234466394427
3,7,225,0.49104583765997456
3,7,226,0.4893829279483296
3,7,227,0.486602274238236
3,7,228,0.4829997811347773
3,7,229,0.47919079100378575
3,7,230,0.47598686209657115
3,7,231,0.4742379311790943
3,7,232,0.4746247381071342
3,7,233,0.4774380610338538
3,7,234,0.4824777944365089
3,7,235,0.48909352099566494
3,7,236,0.49631934712811787
3,7,237,0.5030462583522769
3,7,238,0.5082945118221492
3,7,239,0.5114308671774367
3,7,240,0.5122174151338456
3,7,241,0.5108277149032922
3,7,242,0.5077958736549909
3,7,243,0.5038630509570815
3,7,244,0.4997566387883374
3,7,245,0.4960961050795348
3,7,246,0.4933622055995336
3,7,247,0.4917666201492812
3,7,248,0.4912184655729187
3,7,249,0.49147229729220676
3,7,250,0.49228172785396845
3,7,251,0.493456023613486
3,7,252,0.49484341880738697
3,7,253,0.49637904178405
3,7,254,0.49808178163725536
3,7,255,0.5000296872843142
3,7,256,0.5023027404588658
3,7,257,0.5048526976162948
3,7,258,0.5074084981059818
3,7,259,0.509575638731232
3,7,260,0.51095960494839
3,7,261,0.5112694255076699
3,7,262,0.510375670678465
3,7,263,0.5083308235457159
3,7,264,0.5053968071270147
3,7,265,0.5020127363502045
3,7,266,0.4986788577264949
3,7,267,0.4958808691732438
3,7,268,0.4940058584055987
3,7,269,0.4932421231470279
3,7,270,0.49356967697965753
3,7,271,0.49482065737968606
3,7,272,0.4967549639281188
3,7,273,0.49914054371859534
3,7,274,0.5017612576283258
3,7,275,0.5044226119611378
3,7,276,0.5069613707788809
3,7,277,0.5092640794635243
3,7,278,0.5113287885364999
3,7,279,0.5131597565222444
3,7,280,0.5146229204709926
3,7,281,0.5154811638452336
3,7,282,0.515570829522498
3,7,283,0.5149473418754869
3,7,284,0.5138635742148329
3,7,285,0.5126267001527307
3,7,286,0.511576321365852
3,7,287,0.5110448110667302
3,7,288,0.5112233887567698
3,7,289,0.5120907280793906
3,7,290,0.5134197616004907
3,7,291,0.5148186329761165
3,7,292,0.5159004510736244
3,7,293,0.5164589919626654
3,7,294,0.5165208076781043
3,7,295,0.5162835823130029
3,7,296,0.515968035366131
3,7,297,0.5157188760801901
3,7,298,0.5156290314245032
3,7,299,0.5156886917230903
3,7,300,0.5157888954258649
3,7,301,0.5158282497770417
3,7,302,0.5157761914795055
3,7,303,0.5156648983092609
3,7,304,0.5155972104817477
3,7,305,0.5156850041525444
3,7,306,0.5159190580372582
3,7,307,0.5161459984644412
3,7,308,0.5161099428934874
3,7,309,0.5155203069393645
3,7,310,0.5141833138163013
3,7,311,0.5120904632744214
3,7,312,0.509470567000757
3,7,313,0.5067187351696104
3,7,314,0.5042588861139408
3,7,315,0.5024855372332191
3,7,316,0.5017322479795667
3,7,317,0.5021759638892616
3,7,318,0.5038028683733174
3,7,319,0.506433849725159
3,7,320,0.5097431267518353
3,7,321,0.51332734035678
3,7,322,0.5167278448850531
3,7,323,0.519446569054717
3,7,324,0.5210207394310138
3,7,325,0.5211296416046257
3,7,326,0.5196841179461406
3,7,327,0.5168555271860414
3,7,328,0.5130522283305453
3,7,329,0.508828191910556
3,7,330,0.5047719868572154
3,7,331,0.5013988582299042
3,7,332,0.49904495629152257
3,7,333,0.4978141685131203
3,7,334,0.4975904636019473
3,7,335,0.4980716811192994
3,7,336,0.49884654803673445
3,7,337,0.49952519789116506
3,7,338,0.49984465587698107
3,7,339,0.4997138927075147
3,7,340,0.4991617240734465
3,7,341,0.498286272066002
3,7,342,0.49726352915808053
3,7,343,0.4962616470901862
3,7,344,0.49534194472931314
3,7,345,0.49444774747798154
3,7,346,0.49350062767676484
3,7,347,0.49249119433868044
3,7,348,0.4915402465585572
3,7,349,0.490852045921588
3,7,350,0.4906078551488105
3,7,351,0.49092339042474875
3,7,352,0.4918443878678619
3,7,353,0.4932981177660616
3,7,354,0.49502725621620935
3,7,355,0.49663511510806385
3,7,356,0.4977919209708388
3,7,357,0.4983762461200614
3,7,358,0.4984527412939289
3,7,359,0.4981532350107994
3,7,360,0.4976347149574626
3,8,0,0.48290121608214115
3,8,1,0.48364217747629834
3,8,2,0.48452392853120746
3,8,3,0.4854020957470978
3,8,4,0.4861676705353987
3,8,5,0.48674101202224956
3,8,6,0.4871020218785991
3,8,7,0.487314587485948
3,8,8,0.48746529701087227
3,8,9,0.4876336981568377
3,8,10,0.4878970936206778
3,8,11,0.48831832896802335
3,8,12,0.4889345429822319
3,8,13,0.4897380011521263
3,8,14,0.4906757289736145
3,8,15,0.49167880848421913
3,8,16,0.4926834934624078
3,8,17,0.49363977291567984
3,8,18,0.49455473013424905
3,8,19,0.49548096226360944
3,8,20,0.496466051173868
3,8,21,0.4975668206139063
3,8,22,0.4987995216746256
3,8,23,0.5000892542934082
3,8,24,0.5012495594089584
3,8,25,0.5019906161452166
3,8,26,0.5019753276749438
3,8,27,0.5009469286370579
3,8,28,0.49880963748533685
3,8,29,0.49563024757209295
3,8,30,0.4916443398488895
3,8,31,0.4871800737350991
3,8,32,0.48251623434799645
3,8,33,0.4778300747899561
3,8,34,0.47322148071084
3,8,35,0.4686914911462825
3,8,36,0.4641091213935748
3,8,37,0.459398948473309
3,8,38,0.4546563148238435
3,8,39,0.4501090985576594
3,8,40,0.4459828527014443
3,8,41,0.44240171753272767
3,8,42,0.43931828397641287
3,8,43,0.43644462413721785
3,8,44,0.4333099962873602
3,8,45,0.4294658854875918
3,8,46,0.42454874691630706
3,8,47,0.41825468802722465
3,8,48,0.410641848368965
3,8,49,0.4021568568075351
3,8,50,0.39345710473537576
3,8,51,0.38527151050462
3,8,52,0.3782737443163624
3,8,53,0.37305666794449194
3,8,54,0.370010390124184
3,8,55,0.36917911951777715
3,8,56,0.37033210796420274
3,8,57,0.37306913075672365
3,8,58,0.37680987649010245
3,8,59,0.38099057531824054
3,8,60,0.38527618453920554
3,8,61,0.38946666621023324
3,8,62,0.3936033217599362
3,8,63,0.39793761140992695
3,8,64,0.4027201607455612
3,8,65,0.4080337405835997
3,8,66,0.41377707297395117
3,8,67,0.4197687355419597
3,8,68,0.42581349199791385
3,8,69,0.43165487024090926
3,8,70,0.43706115054264905
3,8,71,0.441998538201246
3,8,72,0.4466408449392414
3,8,73,0.45123636845081666
3,8,74,0.4559787466588802
3,8,75,0.46089007026219453
3,8,76,0.46579096509160667
3,8,77,0.470428794270075
3,8,78,0.4745116978026983
3,8,79,0.4776404286104822
3,8,80,0.47943038313795583
3,8,81,0.47961386123180655
3,8,82,0.47810851906743773
3,8,83,0.4750196772216489
3,8,84,0.4706383143509749
3,8,85,0.46542667330587956
3,8,86,0.4598810836427258
3,8,87,0.45447483018498763
3,8,88,0.4496261391292278
3,8,89,0.4456599726787666
3,8,90,0.44279665636949644
3,8,91,0.4411371730612985
3,8,92,0.4407085445012022
3,8,93,0.44145642869034046
3,8,94,0.44328685679230667
3,8,95,0.44604226827349724
3,8,96,0.44949101886580056
3,8,97,0.4533551384068828
3,8,98,0.45733050463826275
3,8,99,0.46118031531687326
3,8,100,0.46472221427995797
3,8,101,0.4678236811142331
3,8,102,0.470448276263889
3,8,103,0.47260805228827596
3,8,104,0.4743219064428854
3,8,105,0.4755971337713975
3,8,106,0.47637242482278913
3,8,107,0.47647968076814234
3,8,108,0.4757909045166911
3,8,109,0.47431658669425214
3,8,110,0.4721450015795225
3,8,111,0.4694706686592731
3,8,112,0.4666268001196076
3,8,113,0.46400649299672075
3,8,114,0.46198195176299417
3,8,115,0.460839606581459
3,8,116,0.4607447250581374
3,8,117,0.46167936020686123
3,8,118,0.4634037461886422
3,8,119,0.4655629080705527
3,8,120,0.46779799469393835
3,8,121,0.46973727155542416
3,8,122,0.4710285861901284
3,8,123,0.4714766575383939
3,8,124,0.4710328039073318
3,8,125,0.4697956451083549
3,8,126,0.467983642210938
3,8,127,0.46588478684389373
3,8,128,0.4637966436200124
3,8,129,0.4619684922787245
3,8,130,0.46057356211799444
3,8,131,0.4596443132466424
3,8,132,0.45900155111290686
3,8,133,0.45839567494350447
3,8,134,0.45770636932368564
3,8,135,0.45693438555212373
3,8,136,0.45612838788215865
3,8,137,0.4553919168250777
3,8,138,0.45483842729346446
3,8,139,0.4545367487829121
3,8,140,0.45450794466977357
3,8,141,0.45470290777833794
3,8,142,0.45501437646209447
3,8,143,0.45534650055438
3,8,144,0.4557314688252166
3,8,145,0.4563409479945688
3,8,146,0.45726341906505696
3,8,147,0.4584027961817573
3,8,148,0.459522171448053
3,8,149,0.4602793895133853
3,8,150,0.4602919545139784
3,8,151,0.45932672099576266
3,8,152,0.45742576035395127
3,8,153,0.45487455520515147
3,8,154,0.4521819811287868
3,8,155,0.44991644574167233
3,8,156,0.44851676647898003
3,8,157,0.44819152038100907
3,8,158,0.44888166469660506
3,8,159,0.450273094787289
3,8,160,0.4518683486399192
3,8,161,0.4531933236230016
3,8,162,0.45395059887833916
3,8,163,0.4540954067104147
3,8,164,0.4538465927395
3,8,165,0.45356541506309744
3,8,166,0.4535397357571483
3,8,167,0.45388104687090136
3,8,168,0.45458013729529156
3,8,169,0.4554666502822737
3,8,170,0.4562015736194272
3,8,171,0.45644694848953965
3,8,172,0.4560473539655249
3,8,173,0.4551223247266051
3,8,174,0.45402104675821137
3,8,175,0.4531750462352774
3,8,176,0.45294342955066197
3,8,177,0.45350421808264024
3,8,178,0.4548202159015501
3,8,179,0.4565820854363419
3,8,180,0.45822833163793725
3,8,181,0.4591390114634126
3,8,182,0.4588814803950717
3,8,183,0.4572895857743343
3,8,184,0.45442599923665244
3,8,185,0.4506664716583106
3,8,186,0.44663718788162327
3,8,187,0.44303228444267806
3,8,188,0.44045016218891053
3,8,189,0.43922895585308735
3,8,190,0.43935616661681753
3,8,191,0.44054654743358124
3,8,192,0.4424306005814478
3,8,193,0.4446043150959164
3,8,194,0.44667015610627075
3,8,195,0.44839632448930017
3,8,196,0.4498235502844996
3,8,197,0.4511115935552829
3,8,198,0.45232447951892685
3,8,199,0.4534342637128708
3,8,200,0.4543479414060798
3,8,201,0.4549573682867088
3,8,202,0.4551835045015187
3,8,203,0.4549528099536366
3,8,204,0.4542315885826097
3,8,205,0.4531030085481002
3,8,206,0.45179479446730053
3,8,207,0.4506172720038327
3,8,208,0.4499127225885797
3,8,209,0.4499067156041579
3,8,210,0.45080523514891374
3,8,211,0.4528407640500896
3,8,212,0.456112390659458
3,8,213,0.46048633440164116
3,8,214,0.46559397486289167
3,8,215,0.47093453815477804
3,8,216,0.47603295432927145
3,8,217,0.48049806750989965
3,8,218,0.4840665963403785
3,8,219,0.48673890053392094
3,8,220,0.4886944854804885
3,8,221,0.4901128648594579
3,8,222,0.4912292616686673
3,8,223,0.49216065098001
3,8,224,0.4927930936533263
3,8,225,0.4929026980738318
3,8,226,0.49227959652530084
3,8,227,0.49081300800233085
3,8,228,0.48863999736893154
3,8,229,0.4862084123427064
3,8,230,0.4841838931445974
3,8,231,0.48328608316625604
3,8,232,0.48404898701201343
3,8,233,0.4866652925084416
3,8,234,0.4909465855695575
3,8,235,0.49633365433867677
3,8,236,0.5020340770750468
3,8,237,0.5071816581458148
3,8,238,0.511035258981105
3,8,239,0.5131725582029809
3,8,240,0.5135354842573846
3,8,241,0.5123592751354963
3,8,242,0.5100840409422528
3,8,243,0.5072329338204724
3,8,244,0.5042685787408272
3,8,245,0.5015749285697068
3,8,246,0.4994724584755585
3,8,247,0.4981226587045979
3,8,248,0.4974797975038064
3,8,249,0.4973985186497884
3,8,250,0.49778811850241417
3,8,251,0.49862474049129146
3,8,252,0.4998443132873416
3,8,253,0.5013593116085666
3,8,254,0.5031132488597274
3,8,255,0.5051077657900569
3,8,256,0.5073678547685452
3,8,257,0.5098295028413208
3,8,258,0.512285956464073
3,8,259,0.5144635715721361
3,8,260,0.5160896646754389
3,8,261,0.5169318734164028
3,8,262,0.5168220941917485
3,8,263,0.5156505457950549
3,8,264,0.5134285509293868
3,8,265,0.5103561245962883
3,8,266,0.5067990825873102
3,8,267,0.5032319206153818
3,8,268,0.5001449364060563
3,8,269,0.49792489068428725
3,8,270,0.4967874685731482
3,8,271,0.4967718020483664
3,8,272,0.4977783866058299
3,8,273,0.49961035472853665
3,8,274,0.501975698454696
3,8,275,0.5045667395723392
3,8,276,0.5071527224905342
3,8,277,0.5096123853173363
3,8,278,0.5119514565954415
3,8,279,0.5141447424973228
3,8,280,0.5160037829549955
3,8,281,0.5172646330562357
3,8,282,0.5177417154407763
3,8,283,0.5174328089134528
3,8,284,0.5165138696207755
3,8,285,0.5152645237331597
3,8,286,0.514077152817528
3,8,287,0.513396220406173
3,8,288,0.5135045192704442
3,8,289,0.5143966093699105
3,8,290,0.5157978912272398
3,8,291,0.51723874014287
3,8,292,0.5182617576976496
3,8,293,0.5186027316841116
3,8,294,0.5182368245430435
3,8,295,0.5173499128554963
3,8,296,0.5162256504022988
3,8,297,0.5151308214884995
3,8,298,0.5142719811673214
3,8,299,0.513714925216988
3,8,300,0.5133952401961316
3,8,301,0.5132156182236419
3,8,302,0.5131121551196228
3,8,303,0.513060289926137
3,8,304,0.5130817011718356
3,8,305,0.5132094694804514
3,8,306,0.5134211539442604
3,8,307,0.5136072293468579
3,8,308,0.5135760418597607
3,8,309,0.5130975265483909
3,8,310,0.5120216728186517
3,8,311,0.5103496983662865
3,8,312,0.5082624893065847
3,8,313,0.5060578229716626
3,8,314,0.5040567636058172
3,8,315,0.5025690947961696
3,8,316,0.5018671688269877
3,8,317,0.5021010387293792
3,8,318,0.5032423048324117
3,8,319,0.5051039898139005
3,8,320,0.5073777446085445
3,8,321,0.5097231685258582
3,8,322,0.5118178719528346
3,8,323,0.5133799364313023
3,8,324,0.5142157964966888
3,8,325,0.5142502551109208
3,8,326,0.513551928875418
3,8,327,0.5123160380537674
3,8,328,0.5108163128215755
3,8,329,0.5093068006629274
3,8,330,0.5079464178538388
3,8,331,0.5067633524258723
3,8,332,0.5056595548894758
3,8,333,0.5044790871426817
3,8,334,0.5030710092568526
3,8,335,0.5013266762499944
3,8,336,0.4992282755203243
3,8,337,0.49692565342952255
3,8,338,0.49472298869373765
3,8,339,0.4929478397882494
3,8,340,0.49179896488272695
3,8,341,0.4912782547766325
3,8,342,0.4912393501211428
3,8,343,0.49140605013620836
3,8,344,0.4914093964170547
3,8,345,0.4908777032336664
3,8,346,0.4895961534532933
3,8,347,0.48761942893370175
3,8,348,0.4852765739100807
3,8,349,0.48303086428627856
3,8,350,0.48130306827979963
3,8,351,0.4803801591484663
3,8,352,0.4803930537102409
3,8,353,0.4812803907594152
3,8,354,0.4827448870238372
3,8,355,0.48431316912106226
3,8,356,0.4855504913863405
3,8,357,0.4862284258707512
3,8,358,0.48634544289347
3,8,359,0.48604132970314606
3,8,360,0.48556173047073464
3,9,0,0.48989837618958815
3,9,1,0.4917068718774174
3,9,2,0.49385632460674006
3,9,3,0.49599240443756554
3,9,4,0.4978196307152197
3,9,5,0.49913259993823944
3,9,6,0.4998601584160812
3,9,7,0.5000727144481927
3,9,8,0.49989519710372926
3,9,9,0.4994582845526758
3,9,10,0.49892254832637295
3,9,11,0.49847903777925273
3,9,12,0.49830044338568497
3,9,13,0.4984909318642711
3,9,14,0.49907446832978997
3,9,15,0.5000195016792709
3,9,16,0.5012724624203073
3,9,17,0.5027183938570087
3,9,18,0.5042128992562082
3,9,19,0.5056579116289985
3,9,20,0.5069563729943543
3,9,21,0.5080242411920685
3,9,22,0.5087948746093544
3,9,23,0.5091984421904147
3,9,24,0.5091318243010046
3,9,25,0.508455337523092
3,9,26,0.5069999899912554
3,9,27,0.5046343357228286
3,9,28,0.5013538729109162
3,9,29,0.49728423292073726
3,9,30,0.4926339329470532
3,9,31,0.4876492864780237
3,9,32,0.48251792813344985
3,9,33,0.4773922523333115
3,9,34,0.4724175899538105
3,9,35,0.46766322420143885
3,9,36,0.4630701273838108
3,9,37,0.4585793141680827
3,9,38,0.45421401047676163
3,9,39,0.450043517976161
3,9,40,0.446066037956777
3,9,41,0.4421466118740151
3,9,42,0.43805443075468203
3,9,43,0.43351760706386544
3,9,44,0.4282484725602466
3,9,45,0.4221077513443862
3,9,46,0.4151898657813441
3,9,47,0.4076069427127077
3,9,48,0.39962775032743814
3,9,49,0.39166910765970503
3,9,50,0.3841855200850023
3,9,51,0.3775504316567182
3,9,52,0.37200511188345975
3,9,53,0.36776487274889696
3,9,54,0.3650165993163855
3,9,55,0.36381500905926617
3,9,56,0.364108238783454
3,9,57,0.3657939003651122
3,9,58,0.36862389341707913
3,9,59,0.3722733323624919
3,9,60,0.37655265071273125
3,9,61,0.381280203155741
3,9,62,0.38635217611140044
3,9,63,0.39177802951072255
3,9,64,0.39755915936350655
3,9,65,0.4035675100224338
3,9,66,0.40956960555000843
3,9,67,0.4153458692476739
3,9,68,0.4207873818608979
3,9,69,0.42585435513043346
3,9,70,0.430571568929668
3,9,71,0.4351053505538998
3,9,72,0.43971065632250333
3,9,73,0.4446425626317459
3,9,74,0.45002387188310766
3,9,75,0.45572130128644117
3,9,76,0.4613499621738598
3,9,77,0.46648957473771635
3,9,78,0.4707737168634537
3,9,79,0.473831165276588
3,9,80,0.4753762710753837
3,9,81,0.47523497630264133
3,9,82,0.47337926988709356
3,9,83,0.4699300584182617
3,9,84,0.46519483816679386
3,9,85,0.459655077404649
3,9,86,0.4537734297567542
3,9,87,0.44798756622016245
3,9,88,0.4427285723948202
3,9,89,0.43836139750500175
3,9,90,0.43515388393486154
3,9,91,0.43328253113757587
3,9,92,0.4328385476829916
3,9,93,0.4337878683519376
3,9,94,0.43605859604755487
3,9,95,0.4395252736146197
3,9,96,0.44393663032228253
3,9,97,0.44891372016689146
3,9,98,0.4540086109316426
3,9,99,0.45884035688263297
3,9,100,0.463116985698556
3,9,101,0.46665570189103456
3,9,102,0.4693972562658203
3,9,103,0.47136844628844476
3,9,104,0.4726389620149852
3,9,105,0.4733115895332435
3,9,106,0.4734446698906924
3,9,107,0.47294735895509155
3,9,108,0.47169907543581385
3,9,109,0.4697294067232528
3,9,110,0.4671773477085453
3,9,111,0.46428172526519373
3,9,112,0.46137135153235487
3,9,113,0.4587563102089344
3,9,114,0.4566963561713656
3,9,115,0.45538060379116546
3,9,116,0.4548231387413464
3,9,117,0.45484568744313414
3,9,118,0.4551344291848997
3,9,119,0.45541217653449456
3,9,120,0.45556132156209617
3,9,121,0.4555557173901533
3,9,122,0.45538923668716175
3,9,123,0.45515808436577315
3,9,124,0.45500280648722424
3,9,125,0.4550345192285719
3,9,126,0.45527695588102046
3,9,127,0.45563465340429005
3,9,128,0.45593551411759187
3,9,129,0.4560137616846579
3,9,130,0.4557595594434419
3,9,131,0.455092574097045
3,9,132,0.45388879849363634
3,9,133,0.45208875887094135
3,9,134,0.44986453121561193
3,9,135,0.4475530112040959
3,9,136,0.44547822474716253
3,9,137,0.4439203282717264
3,9,138,0.44307610057258484
3,9,139,0.4429960000006551
3,9,140,0.4436177513540012
3,9,141,0.4447788461738907
3,9,142,0.44625743848207106
3,9,143,0.4478246011902536
3,9,144,0.449360073639396
3,9,145,0.45091717057319214
3,9,146,0.4525351548582594
3,9,147,0.45412189509284345
3,9,148,0.45548158951225454
3,9,149,0.45637434572817726
3,9,150,0.45655096043855975
3,9,151,0.45590798442491764
3,9,152,0.4545962152985583
3,9,153,0.45293883199311474
3,9,154,0.4513785580617328
3,9,155,0.4503488946730813
3,9,156,0.4501461062156136
3,9,157,0.45084404875274936
3,9,158,0.45227803907606523
3,9,159,0.4540878486857433
3,9,160,0.4557747077663345
3,9,161,0.4568861384441564
3,9,162,0.4571831241238871
3,9,163,0.45668721678511115
3,9,164,0.4556395390622593
3,9,165,0.4543936799521398
3,9,166,0.4532747583097338
3,9,167,0.452510359214015
3,9,168,0.4522249116076743
3,9,169,0.4523662426820725
3,9,170,0.4526926309681842
3,9,171,0.45287846251842406
3,9,172,0.4526840901195908
3,9,173,0.452077739249146
3,9,174,0.45120187409957596
3,9,175,0.45031197199586903
3,9,176,0.4497176339612993
3,9,177,0.4497092772581241
3,9,178,0.4504629740342292
3,9,179,0.45189137221200665
3,9,180,0.45362401642375083
3,9,181,0.4551713517522928
3,9,182,0.45607875848987256
3,9,183,0.45597746781019005
3,9,184,0.4546363687287765
3,9,185,0.45215250151315783
3,9,186,0.448942833595262
3,9,187,0.44563530042992605
3,9,188,0.4428798808308249
3,9,189,0.4411508659766211
3,9,190,0.4406447567786199
3,9,191,0.4412933894639463
3,9,192,0.4428589574540173
3,9,193,0.44494467598540427
3,9,194,0.4470637595714543
3,9,195,0.44884553498369123
3,9,196,0.45017014619622153
3,9,197,0.4510766124401037
3,9,198,0.4516098279928479
3,9,199,0.4518525884447266
3,9,200,0.4518703734102482
3,9,201,0.4517210313401196
3,9,202,0.45149709953504974
3,9,203,0.4512320440433609
3,9,204,0.45092397331301465
3,9,205,0.45061918766227654
3,9,206,0.4504226651091696
3,9,207,0.45047075308249934
3,9,208,0.45098577462070194
3,9,209,0.4521452834194915
3,9,210,0.45409193531636954
3,9,211,0.4569634723212531
3,9,212,0.46079975961735226
3,9,213,0.4654858696279326
3,9,214,0.4707102422407196
3,9,215,0.47598619116498136
3,9,216,0.48083338613253074
3,9,217,0.4848854939750772
3,9,218,0.4879432967164568
3,9,219,0.490084016716245
3,9,220,0.4915529233200612
3,9,221,0.49254867419630977
3,9,222,0.4932858466047142
3,9,223,0.493872428903132
3,9,224,0.4941896181961494
3,9,225,0.49397154533125287
3,9,226,0.49293018593104926
3,9,227,0.4909300088177668
3,9,228,0.4881626480467665
3,9,229,0.4851399656264709
3,9,230,0.48258836571454644
3,9,231,0.48127787225527197
3,9,232,0.4817527021236426
3,9,233,0.48415403034782134
3,9,234,0.48821062075046723
3,9,235,0.49328637476408993
3,9,236,0.4985225311504472
3,9,237,0.5030538705727914
3,9,238,0.5062619897477969
3,9,239,0.5079167692491777
3,9,240,0.5081120426709052
3,9,241,0.5071689718845536
3,9,242,0.5055444154758961
3,9,243,0.5036882946796971
3,9,244,0.5019317312386321
3,9,245,0.5005034712583963
3,9,246,0.499558444650962
3,9,247,0.4991344026921726
3,9,248,0.49914431888948624
3,9,249,0.4994658851083416
3,9,250,0.5000348345954967
3,9,251,0.5008249170233546
3,9,252,0.5017558729666616
3,9,253,0.5027218432776354
3,9,254,0.5036646594650965
3,9,255,0.5046049020940504
3,9,256,0.5056033489803908
3,9,257,0.506643052990641
3,9,258,0.507590740978561
3,9,259,0.5082684720586161
3,9,260,0.5085019001086316
3,9,261,0.5081404602086147
3,9,262,0.5070592772879347
3,9,263,0.5051354394097636
3,9,264,0.502321568228874
3,9,265,0.49873299569783336
3,9,266,0.49463056376200193
3,9,267,0.49038202879125503
3,9,268,0.48644251678792483
3,9,269,0.48329006294107363
3,9,270,0.48131752918467785
3,9,271,0.48075368720429223
3,9,272,0.48165762700973813
3,9,273,0.48390782993378995
3,9,274,0.4871878648265901
3,9,275,0.4910742423627961
3,9,276,0.49514854332632774
3,9,277,0.49906569396597233
3,9,278,0.5026299030079873
3,9,279,0.5056972279348187
3,9,280,0.5080475490464361
3,9,281,0.509435527583923
3,9,282,0.5097211707660018
3,9,283,0.5089362130330096
3,9,284,0.5072787708954485
3,9,285,0.5051062142729803
3,9,286,0.502939821123
3,9,287,0.5013796934293302
3,9,288,0.5008722320945153
3,9,289,0.501557083204024
3,9,290,0.5032486342252743
3,9,291,0.5054746559714367
3,9,292,0.5076483625376571
3,9,293,0.5092751517022323
3,9,294,0.510068220837244
3,9,295,0.5099987529765498
3,9,296,0.509275054074711
3,9,297,0.5082095173279533
3,9,298,0.5071019871309399
3,9,299,0.5061663321614874
3,9,300,0.5055199417215754
3,9,301,0.50520931059438
3,9,302,0.5052049559219319
3,9,303,0.505430850888462
3,9,304,0.5058105541434501
3,9,305,0.5062689844484604
3,9,306,0.5067037632419135
3,9,307,0.5069484496464824
3,9,308,0.5068052180101518
3,9,309,0.5061198722776225
3,9,310,0.5048645860986078
3,9,311,0.5031665621259749
3,9,312,0.5012859622935482
3,9,313,0.4995192181146786
3,9,314,0.49812378356424314
3,9,315,0.49731796130714806
3,9,316,0.49725261001124216
3,9,317,0.49796386703394324
3,9,318,0.49937208023862656
3,9,319,0.5013078128749549
3,9,320,0.5035508437862917
3,9,321,0.5058654871724027
3,9,322,0.508017912921216
3,9,323,0.5097934299951676
3,9,324,0.5110290983117907
3,9,325,0.5116557261283099
3,9,326,0.5117299362359703
3,9,327,0.5114253927502082
3,9,328,0.5110042652675215
3,9,329,0.5107201492865754
3,9,330,0.5107007203378129
3,9,331,0.5108959068058353
3,9,332,0.511111843726001
3,9,333,0.5110817367495954
3,9,334,0.5105473142466012
3,9,335,0.5093451269043716
3,9,336,0.5074871167993991
3,9,337,0.5052313767078322
3,9,338,0.5030253647981541
3,9,339,0.5013392715631246
3,9,340,0.5004504976016151
3,9,341,0.500336110992386
3,9,342,0.5007298175355454
3,9,343,0.501196014342184
3,9,344,0.5012226155951245
3,9,345,0.5003735025047481
3,9,346,0.49849252436450714
3,9,347,0.4957858590505681
3,9,348,0.49274031275303337
3,9,349,0.48993283890717493
3,9,350,0.4878269545153606
3,9,351,0.4866768233242008
3,9,352,0.486499176489611
3,9,353,0.48707179943170553
3,9,354,0.48798477845735105
3,9,355,0.48878654924105186
3,9,356,0.48916073363917345
3,9,357,0.4890112297284876
3,9,358,0.48843351167236654
3,9,359,0.48761059892535147
3,9,360,0.48679679614501015
3,10,0,0.48710380637349754
3,10,1,0.48898427028337876
3,10,2,0.49129110541459114
3,10,3,0.4937553946811728
3,10,4,0.4960887336310888
3,10,5,0.49807203856652027
3,10,6,0.4995799705963055
3,10,7,0.5005954595694643
3,10,8,0.5011867670626506
3,10,9,0.501462740084234
3,10,10,0.5015420207161531
3,10,11,0.5015692745572504
3,10,12,0.5017231933260956
3,10,13,0.5021221113468862
3,10,14,0.5027402473741468
3,10,15,0.5034639402895287
3,10,16,0.5042112579446248
3,10,17,0.5048961610398705
3,10,18,0.5054021176505208
3,10,19,0.5057236388510085
3,10,20,0.5058995603222937
3,10,21,0.505973597190457
3,10,22,0.5060012843786978
3,10,23,0.5060087439787829
3,10,24,0.5059098143005057
3,10,25,0.5055099189924391
3,10,26,0.504570052180199
3,10,27,0.50286465050567
3,10,28,0.500270773823355
3,10,29,0.4967926843804219
3,10,30,0.4925494967166604
3,10,31,0.4877615871251093
3,10,32,0.4825775538029961
3,10,33,0.4771335082251731
3,10,34,0.47160644439988364
3,10,35,0.46609713190157354
3,10,36,0.46056665922749523
3,10,37,0.45498013915731855
3,10,38,0.4493951031307132
3,10,39,0.443879818085389
3,10,40,0.43840550095113184
3,10,41,0.43281948508814244
3,10,42,0.42689706183243664
3,10,43,0.4204083141227689
3,10,44,0.4131563616493651
3,10,45,0.40513259872674223
3,10,46,0.3965350405406121
3,10,47,0.3875902920796552
3,10,48,0.3787017794060771
3,10,49,0.3703896494315695
3,10,50,0.3630960398374368
3,10,51,0.3570537693306093
3,10,52,0.35233573748025504
3,10,53,0.3489800709872419
3,10,54,0.3469934339164777
3,10,55,0.34634241928279186
3,10,56,0.3470058881185217
3,10,57,0.34893646147297835
3,10,58,0.35197303522879203
3,10,59,0.35592141710394776
3,10,60,0.3606262115619376
3,10,61,0.36583752005773973
3,10,62,0.37129520117820886
3,10,63,0.3768116837906979
3,10,64,0.382241209610529
3,10,65,0.3874382620727707
3,10,66,0.392295511614318
3,10,67,0.3968203350103646
3,10,68,0.4011433194822038
3,10,69,0.4054572617983954
3,10,70,0.4099964012886481
3,10,71,0.41499623537201435
3,10,72,0.42062483250423416
3,10,73,0.42700280027929194
3,10,74,0.4340768553301082
3,10,75,0.4415142567545536
3,10,76,0.44875549840870954
3,10,77,0.45527235979797315
3,10,78,0.460692220382824
3,10,79,0.4647258269770617
3,10,80,0.4671664371782184
3,10,81,0.4678985467294463
3,10,82,0.46696099033478067
3,10,83,0.4645600324692255
3,10,84,0.46106875357532134
3,10,85,0.4569499065895418
3,10,86,0.4525617882393384
3,10,87,0.448223801097881
3,10,88,0.4442643065207563
3,10,89,0.4409423167141761
3,10,90,0.43838973139903814
3,10,91,0.43667299662949854
3,10,92,0.43588587264873285
3,10,93,0.4361205904535419
3,10,94,0.43746740838308706
3,10,95,0.4399545866721708
3,10,96,0.443445105075251
3,10,97,0.4476247555927541
3,10,98,0.4520570597579046
3,10,99,0.4563291742327744
3,10,100,0.46008788081630597
3,10,101,0.4630750096023723
3,10,102,0.4651814726735343
3,10,103,0.4664389093342
3,10,104,0.4669663857706515
3,10,105,0.46695024276510133
3,10,106,0.46660132589531333
3,10,107,0.4660386624577356
3,10,108,0.46531097024871276
3,10,109,0.4645672904781692
3,10,110,0.46397691427986876
3,10,111,0.4636482594290651
3,10,112,0.46362025340441354
3,10,113,0.4638384394148593
3,10,114,0.4642353058214529
3,10,115,0.4647837455603848
3,10,116,0.46542931994112574
3,10,117,0.46606346688809974
3,10,118,0.46654672422968174
3,10,119,0.4667913744143838
3,10,120,0.46682818037062845
3,10,121,0.4667113041957496
3,10,122,0.4664089276940892
3,10,123,0.46592862762690035
3,10,124,0.4653408890323822
3,10,125,0.4647243084556053
3,10,126,0.4641456913327226
3,10,127,0.463587398640106
3,10,128,0.46291756825932995
3,10,129,0.46198093322846584
3,10,130,0.46064433194645504
3,10,131,0.45876338842782305
3,10,132,0.4561857558860364
3,10,133,0.45287122651812906
3,10,134,0.44903351410747294
3,10,135,0.44509782353961946
3,10,136,0.4415124308573076
3,10,137,0.43866665425027396
3,10,138,0.436808455031599
3,10,139,0.4359622532901084
3,10,140,0.4360222053071133
3,10,141,0.4367638870565899
3,10,142,0.43786024529805906
3,10,143,0.4390041709760828
3,10,144,0.4400653440595348
3,10,145,0.44111442250833455
3,10,146,0.44225178247233293
3,10,147,0.44349693766674797
3,10,148,0.44476923419594777
3,10,149,0.4459451389379596
3,10,150,0.44687855339710303
3,10,151,0.44747024819086423
3,10,152,0.44773487701739634
3,10,153,0.4477600561856422
3,10,154,0.4477470856136914
3,10,155,0.4479604322864665
3,10,156,0.44860997543549846
3,10,157,0.4497748194894209
3,10,158,0.4513753800810819
3,10,159,0.4531739873624571
3,10,160,0.45483021930262874
3,10,161,0.45603768302691794
3,10,162,0.45662050734618037
3,10,163,0.45657148566301226
3,10,164,0.4560699796329141
3,10,165,0.4554241429610795
3,10,166,0.4549387307801061
3,10,167,0.45482624232835966
3,10,168,0.45517929885709457
3,10,169,0.4559127052238314
3,10,170,0.4567864183675189
3,10,171,0.4575181156551052
3,10,172,0.45792899089221617
3,10,173,0.4579803667043528
3,10,174,0.45773084743025877
3,10,175,0.45731684128484346
3,10,176,0.45692902532792323
3,10,177,0.4566978936845544
3,10,178,0.45660643667367745
3,10,179,0.45647492960840336
3,10,180,0.45603844979993563
3,10,181,0.45503853976134273
3,10,182,0.45326780386923415
3,10,183,0.45059778034415215
3,10,184,0.4470210116421961
3,10,185,0.442779485147084
3,10,186,0.43836317437405914
3,10,187,0.43438113168811265
3,10,188,0.43140497939280675
3,10,189,0.42984772035095553
3,10,190,0.42994597029393655
3,10,191,0.4317151352594944
3,10,192,0.4348797062138538
3,10,193,0.43889400441357684
3,10,194,0.44311806620890537
3,10,195,0.44705239435293437
3,10,196,0.4504166861319679
3,10,197,0.45308428906971293
3,10,198,0.4550069133040691
3,10,199,0.45623846650928923
3,10,200,0.45686566370737175
3,10,201,0.4569869839852881
3,10,202,0.4566922758891203
3,10,203,0.45594043119833233
3,10,204,0.4546528775498452
3,10,205,0.45290703327870624
3,10,206,0.4509213799900774
3,10,207,0.44899627573505646
3,10,208,0.44756887695231157
3,10,209,0.4470561510091141
3,10,210,0.44778696309728866
3,10,211,0.449951654956368
3,10,212,0.45351586077736494
3,10,213,0.45819673475095174
3,10,214,0.46344749101610777
3,10,215,0.4685755849583933
3,10,216,0.47299292711845753
3,10,217,0.4763398366711632
3,10,218,0.47851260950942326
3,10,219,0.4797085224096816
3,10,220,0.4802865610353223
3,10,221,0.4805558723550651
3,10,222,0.4807851544046658
3,10,223,0.48103339654993316
3,10,224,0.48106871060567646
3,10,225,0.4804923515482311
3,10,226,0.47894078940545554
3,10,227,0.47629582381215707
3,10,228,0.47281076383903414
3,10,229,0.4690980786791666
3,10,230,0.46602358454717496
3,10,231,0.464525766007655
3,10,232,0.4653168672998397
3,10,233,0.46862579133340665
3,10,234,0.4741305074022661
3,10,235,0.4810422844684796
3,10,236,0.48828870716123585
3,10,237,0.49476329822992454
3,10,238,0.49963792554895786
3,10,239,0.5025093342891854
3,10,240,0.5033510091797339
3,10,241,0.5024953128039384
3,10,242,0.5005323210297382
3,10,243,0.49808704507623847
3,10,244,0.49564613655429246
3,10,245,0.4935410843348908
3,10,246,0.4919766693593274
3,10,247,0.49095989272672597
3,10,248,0.49030955497089385
3,10,249,0.4898070000625376
3,10,250,0.4892962207840018
3,10,251,0.488665591231471
3,10,252,0.48782859357601005
3,10,253,0.486787746236329
3,10,254,0.4856341772287141
3,10,255,0.48452036658351166
3,10,256,0.4836210387523939
3,10,257,0.4830319885846751
3,10,258,0.4827136248319914
3,10,259,0.4825136969985262
3,10,260,0.482262388412976
3,10,261,0.4818177173051395
3,10,262,0.48105878142046093
3,10,263,0.4798892955772711
3,10,264,0.47829404074084964
3,10,265,0.47636805776999425
3,10,266,0.4742714162248772
3,10,267,0.4722091902811266
3,10,268,0.47043332826632983
3,10,269,0.46920194965130996
3,10,270,0.4687060413190653
3,10,271,0.4690362163521959
3,10,272,0.4702080143255235
3,10,273,0.4721581954970618
3,10,274,0.47472688315683487
3,10,275,0.4776759908286651
3,10,276,0.48075071749252674
3,10,277,0.48374443850866
3,10,278,0.4865462473342529
3,10,279,0.4890607139958705
3,10,280,0.49112045166588014
3,10,281,0.4925139212450304
3,10,282,0.49307297968716923
3,10,283,0.4927551548412617
3,10,284,0.4916828547448922
3,10,285,0.4901441385345326
3,10,286,0.4885660923255267
3,10,287,0.4874578855635657
3,10,288,0.48726427036980346
3,10,289,0.48822142275970704
3,10,290,0.49030010444551014
3,10,291,0.4931928177158834
3,10,292,0.4963679538000827
3,10,293,0.4992744072304162
3,10,294,0.5015312753511294
3,10,295,0.502988903029132
3,10,296,0.5036871816537928
3,10,297,0.5037526385991644
3,10,298,0.5033429030107257
3,10,299,0.5026176760094951
3,10,300,0.5017262468231463
3,10,301,0.5008043497182545
3,10,302,0.4999177182656173
3,10,303,0.49907699856603077
3,10,304,0.4983242314085275
3,10,305,0.49773908344799966
3,10,306,0.497311156761595
3,10,307,0.4968751100424401
3,10,308,0.4962036207637274
3,10,309,0.4951221399775348
3,10,310,0.4935848835551446
3,10,311,0.491713097485459
3,10,312,0.4897755264989984
3,10,313,0.48807285718287435
3,10,314,0.4868498307113251
3,10,315,0.48629249593539475
3,10,316,0.48647615881170436
3,10,317,0.4873210669834309
3,10,318,0.48866636617592435
3,10,319,0.4903583033795865
3,10,320,0.4922718559948945
3,10,321,0.4942874750415876
3,10,322,0.4962808222356845
3,10,323,0.4981157238953464
3,10,324,0.4996269801295924
3,10,325,0.5006753483766092
3,10,326,0.5012182795969634
3,10,327,0.501318650918968
3,10,328,0.5011681084371902
3,10,329,0.501028232615455
3,10,330,0.5011166100423471
3,10,331,0.501519205335976
3,10,332,0.5021567628853127
3,10,333,0.5028535685239172
3,10,334,0.5034258701211936
3,10,335,0.5037335375238312
3,10,336,0.5037568979581941
3,10,337,0.5036779646608128
3,10,338,0.5038020389293714
3,10,339,0.5044138716242367
3,10,340,0.505619196648305
3,10,341,0.5072623501371508
3,10,342,0.5089936696767314
3,10,343,0.5103488307132904
3,10,344,0.5108506345230743
3,10,345,0.5101864538535782
3,10,346,0.5083656414080744
3,10,347,0.5057220523342911
3,10,348,0.5027763934829824
3,10,349,0.500064216262994
3,10,350,0.49796986064950205
3,10,351,0.49667529533824006
3,10,352,0.49614263094408523
3,10,353,0.49611055342953775
3,10,354,0.49616700835733246
3,10,355,0.4959419824179634
3,10,356,0.49530324273055615
3,10,357,0.49438703670021644
3,10,358,0.49343613078760185
3,10,359,0.4926720335639859
3,10,360,0.4923025259300235
3,11,0,0.47753725329689073
3,11,1,0.47928748292940515
3,11,2,0.4813346751762326
3,11,3,0.48349077908713767
3,11,4,0.4855650534855436
3,11,5,0.4874093349155718
3,11,6,0.4888960554963212
3,11,7,0.4899694983021644
3,11,8,0.49071490820418057
3,11,9,0.4913181075488928
3,11,10,0.491984282113953
3,11,11,0.4929130676506124
3,11,12,0.49428952106471524
3,11,13,0.49618048561526634
3,11,14,0.4984436429689553
3,11,15,0.5007800367214725
3,11,16,0.5028699668264229
3,11,17,0.5044045654862789
3,11,18,0.5051513715580013
3,11,19,0.5051408705468586
3,11,20,0.5045120512571089
3,11,21,0.5034695833447316
3,11,22,0.5022863803825646
3,11,23,0.5012119745178678
3,11,24,0.5003288219964567
3,11,25,0.4995587002095051
3,11,26,0.4987268348126198
3,11,27,0.4975780418276963
3,11,28,0.49586058780374614
3,11,29,0.4933818849870533
3,11,30,0.49010246630295984
3,11,31,0.48611901193258406
3,11,32,0.4814381022442281
3,11,33,0.476121173660276
3,11,34,0.4703294224866732
3,11,35,0.4642289730596342
3,11,36,0.4579327699109484
3,11,37,0.45157289303419124
3,11,38,0.4453228028555793
3,11,39,0.4393147370671438
3,11,40,0.4335634196942976
3,11,41,0.427926716772702
3,11,42,0.42213519742520655
3,11,43,0.415809369458057
3,11,44,0.4086034104894166
3,11,45,0.40042328269036104
3,11,46,0.3914059499447622
3,11,47,0.38178860840236944
3,11,48,0.37209182495058213
3,11,49,0.36305718148864025
3,11,50,0.35538666256650375
3,11,51,0.3495033359510514
3,11,52,0.3455129881066597
3,11,53,0.3433020025230324
3,11,54,0.3425635252485025
3,11,55,0.3428860594186815
3,11,56,0.3439282958942813
3,11,57,0.3454597790706395
3,11,58,0.3473867935628989
3,11,59,0.34978339873076664
3,11,60,0.35285274637149266
3,11,61,0.35671420777975565
3,11,62,0.36136192242624926
3,11,63,0.36665785337784546
3,11,64,0.37233956656948636
3,11,65,0.37808445911183153
3,11,66,0.383607344463945
3,11,67,0.3888062557477798
3,11,68,0.3937787544171265
3,11,69,0.39875283328861355
3,11,70,0.4040187895313999
3,11,71,0.4098078991765787
3,11,72,0.4162671639401421
3,11,73,0.4234680555285344
3,11,74,0.4312855916042663
3,11,75,0.4393520053074368
3,11,76,0.44712340396984773
3,11,77,0.4541087201307258
3,11,78,0.4599855179724706
3,11,79,0.46453136164306225
3,11,80,0.46757843743702593
3,11,81,0.46900331686136904
3,11,82,0.46881012495810315
3,11,83,0.4671699219640167
3,11,84,0.4644287805811669
3,11,85,0.46102991591421
3,11,86,0.4573428028278443
3,11,87,0.45371816879580396
3,11,88,0.450480001081483
3,11,89,0.4478568090041436
3,11,90,0.44592014592306195
3,11,91,0.4446392606539348
3,11,92,0.4440123143149585
3,11,93,0.44406823662547995
3,11,94,0.44485922435777825
3,11,95,0.4464208114196626
3,11,96,0.4487154820236974
3,11,97,0.4515776806726741
3,11,98,0.45471371203038796
3,11,99,0.4578238606013155
3,11,100,0.4606377581261679
3,11,101,0.4629635732597149
3,11,102,0.4647305915578763
3,11,103,0.46596295577382896
3,11,104,0.4667461323886888
3,11,105,0.46723953285145076
3,11,106,0.4676381891766807
3,11,107,0.4680481091998408
3,11,108,0.4685011622574441
3,11,109,0.469114851456229
3,11,110,0.4700314978751183
3,11,111,0.4713133961858479
3,11,112,0.47295980081275124
3,11,113,0.4749113814793539
3,11,114,0.4771083669231091
3,11,115,0.479520660522828
3,11,116,0.48208993748743506
3,11,117,0.48464960475613683
3,11,118,0.4869390397345008
3,11,119,0.4887120164831869
3,11,120,0.4898223567358018
3,11,121,0.49014555513686975
3,11,122,0.48951604613073607
3,11,123,0.4878971606398427
3,11,124,0.4854324728463959
3,11,125,0.48235832267625134
3,11,126,0.4789728432647258
3,11,127,0.4755360875408137
3,11,128,0.4721821089573461
3,11,129,0.46898869374923985
3,11,130,0.46601105629171474
3,11,131,0.4631906011961842
3,11,132,0.46037870846908074
3,11,133,0.45746130182989925
3,11,134,0.45447637346242237
3,11,135,0.4516011129739523
3,11,136,0.44901821852479795
3,11,137,0.4468702056366037
3,11,138,0.4452234686964971
3,11,139,0.44402481776862673
3,11,140,0.4432064617129345
3,11,141,0.44269026631158787
3,11,142,0.44235315842672507
3,11,143,0.44214275674116854
3,11,144,0.4421805178721063
3,11,145,0.44269460583777964
3,11,146,0.4438461069955744
3,11,147,0.44564123358606295
3,11,148,0.4479155071836647
3,11,149,0.45041437110407356
3,11,150,0.4528641405847196
3,11,151,0.455019903871098
3,11,152,0.45671967674228514
3,11,153,0.4579059140712193
3,11,154,0.45871702668131387
3,11,155,0.4594602267040435
3,11,156,0.4604579828269208
3,11,157,0.4619503268529337
3,11,158,0.464025914109809
3,11,159,0.4665631908828432
3,11,160,0.46928048275742873
3,11,161,0.47185414042572044
3,11,162,0.4739759805952795
3,11,163,0.4754135345126638
3,11,164,0.47611952354115106
3,11,165,0.47624009598847045
3,11,166,0.4760110004514946
3,11,167,0.475650996358402
3,11,168,0.47530632012189494
3,11,169,0.4750069314007534
3,11,170,0.4746750859851374
3,11,171,0.47419323881995684
3,11,172,0.47348324363837946
3,11,173,0.4725188867026883
3,11,174,0.4713164718561937
3,11,175,0.46994958798239334
3,11,176,0.46851019596197485
3,11,177,0.46701949780446395
3,11,178,0.4653978515944869
3,11,179,0.46348573655232667
3,11,180,0.46112070000548566
3,11,181,0.4581681447083626
3,11,182,0.4545134181378148
3,11,183,0.45012061392976194
3,11,184,0.4451129455806605
3,11,185,0.4398675712148249
3,11,186,0.43494706615761425
3,11,187,0.4309090391653355
3,11,188,0.42820120864319955
3,11,189,0.4271353197875619
3,11,190,0.4278509801323297
3,11,191,0.43023415566392975
3,11,192,0.4338942836336876
3,11,193,0.43828608903713134
3,11,194,0.4428891072548764
3,11,195,0.4473703633658292
3,11,196,0.45158036229999016
3,11,197,0.45542935779409766
3,11,198,0.45880001846934326
3,11,199,0.46156036250162963
3,11,200,0.4635538499673827
3,11,201,0.46464121382237716
3,11,202,0.46471041890618814
3,11,203,0.4636363985256304
3,11,204,0.46140597478373807
3,11,205,0.45823582371915167
3,11,206,0.45453858352766036
3,11,207,0.45087059188230905
3,11,208,0.4478466642640028
3,11,209,0.445910129190323
3,11,210,0.44532869197465363
3,11,211,0.4462102531729525
3,11,212,0.44845094041633554
3,11,213,0.45170653197316074
3,11,214,0.45538186120157287
3,11,215,0.45884661843740115
3,11,216,0.4616834931777303
3,11,217,0.4637267651387408
3,11,218,0.4650342072706333
3,11,219,0.4658609498792478
3,11,220,0.4665402666523703
3,11,221,0.46736135652012645
3,11,222,0.4685644092386882
3,11,223,0.4701098103738914
3,11,224,0.47162854084753686
3,11,225,0.47258358866475353
3,11,226,0.47248398506879213
3,11,227,0.4710602429708917
3,11,228,0.46838174110127184
3,11,229,0.4649270839125216
3,11,230,0.4615493813498481
3,11,231,0.4593076952016244
3,11,232,0.4591478895243499
3,11,233,0.46158113689298613
3,11,234,0.4665096640773048
3,11,235,0.47326714822998794
3,11,236,0.4807928058214766
3,11,237,0.48785815710304553
3,11,238,0.49340353008608406
3,11,239,0.4967489076699887
3,11,240,0.49766883819528346
3,11,241,0.4964299452180698
3,11,242,0.49364586868903976
3,11,243,0.49002778628736743
3,11,244,0.48619527962248127
3,11,245,0.4826201252850965
3,11,246,0.47962980076463735
3,11,247,0.47733607019041796
3,11,248,0.47560224107710847
3,11,249,0.4742013834162861
3,11,250,0.47294732025584135
3,11,251,0.47169519297835566
3,11,252,0.47033849430969893
3,11,253,0.4688636792216434
3,11,254,0.4673637306063859
3,11,255,0.4660373890871512
3,11,256,0.46512085046876
3,11,257,0.4647808825959075
3,11,258,0.46504723462741315
3,11,259,0.4658140009775423
3,11,260,0.46690398407589767
3,11,261,0.46809699183837633
3,11,262,0.4691358524327959
3,11,263,0.4697997616768785
3,11,264,0.4699854240885343
3,11,265,0.4697193327182156
3,11,266,0.46912232240085133
3,11,267,0.46836871806619207
3,11,268,0.46764935438256633
3,11,269,0.46711683756690064
3,11,270,0.4668310027035937
3,11,271,0.46677946619645455
3,11,272,0.4669256783983528
3,11,273,0.46723873370012886
3,11,274,0.4677060324832019
3,11,275,0.4683216314551211
3,11,276,0.469105788453151
3,11,277,0.4701393964131139
3,11,278,0.4715192774516062
3,11,279,0.4732373196527548
3,11,280,0.47517288417703185
3,11,281,0.4771446864569031
3,11,282,0.47894700363408615
3,11,283,0.48043265630471316
3,11,284,0.4815864179519504
3,11,285,0.482524501598942
3,11,286,0.4834380881750538
3,11,287,0.48456044300664475
3,11,288,0.4860832847609073
3,11,289,0.4880532369611746
3,11,290,0.4903564432355678
3,11,291,0.4927496156996533
3,11,292,0.49487951080094866
3,11,293,0.4964237234204958
3,11,294,0.49723495940808077
3,11,295,0.4973612976289661
3,11,296,0.49695479501382733
3,11,297,0.49616699605262293
3,11,298,0.4951417349730238
3,11,299,0.4940187772312731
3,11,300,0.49292306474955533
3,11,301,0.4919927957096474
3,11,302,0.49133148040573255
3,11,303,0.49096346277631653
3,11,304,0.4909240249023804
3,11,305,0.49126230065819226
3,11,306,0.4918787586467464
3,11,307,0.49249840827335917
3,11,308,0.492774102992037
3,11,309,0.49239508287741535
3,11,310,0.49120077963650755
3,11,311,0.4892732652993325
3,11,312,0.4869480856849462
3,11,313,0.4846690083515542
3,11,314,0.4828409097512956
3,11,315,0.48178157626189044
3,11,316,0.48166071296538915
3,11,317,0.48241325680506325
3,11,318,0.4838121775951684
3,11,319,0.4855912640446767
3,11,320,0.4874814591805646
3,11,321,0.48926995835995335
3,11,322,0.49084100893880606
3,11,323,0.4921426354898207
3,11,324,0.49311483435975195
3,11,325,0.4936963508342507
3,11,326,0.4938837316751639
3,11,327,0.49375762310329824
3,11,328,0.49350805925216995
3,11,329,0.49337760259637553
3,11,330,0.49356513816184
3,11,331,0.4941520370340266
3,11,332,0.49506234501714336
3,11,333,0.4961398925444365
3,11,334,0.49721116827023865
3,11,335,0.498108934372489
3,11,336,0.4987661293976758
3,11,337,0.49929105463752693
3,11,338,0.499895561849729
3,11,339,0.5007705052419082
3,11,340,0.5019350792462809
3,11,341,0.5032076054852874
3,11,342,0.5043016576363297
3,11,343,0.5048826680602287
3,11,344,0.5046558364420333
3,11,345,0.5035111590169431
3,11,346,0.5016056200980025
3,11,347,0.49930443592106766
3,11,348,0.49705353289616144
3,11,349,0.495245018592597
3,11,350,0.4940849918523489
3,11,351,0.4935748202687347
3,11,352,0.4935632049600043
3,11,353,0.4937944656392346
3,11,354,0.49392841965937484
3,11,355,0.4936854991009997
3,11,356,0.49304688825162646
3,11,357,0.4922630543925034
3,11,358,0.4916356916295185
3,11,359,0.4913615161570238
3,11,360,0.49154587906240216
3,12,0,0.4879600079917003
3,12,1,0.48990278715745966
3,12,2,0.4918434038962393
3,12,3,0.4936037219673909
3,12,4,0.4950109884738266
3,12,5,0.4959470662062645
3,12,6,0.4963628697960325
3,12,7,0.4962562446532508
3,12,8,0.4958189695335148
3,12,9,0.49533873476954
3,12,10,0.4951668198479161
3,12,11,0.49564761759512177
3,12,12,0.4970383809511555
3,12,13,0.4993743443434514
3,12,14,0.502441758009971
3,12,15,0.5058306165337899
3,12,16,0.5090630283639217
3,12,17,0.5116395587581222
3,12,18,0.5132026102950703
3,12,19,0.5136992403579416
3,12,20,0.5132682333389156
3,12,21,0.5121938127270711
3,12,22,0.5109077075316115
3,12,23,0.5097834738910575
3,12,24,0.5089405470988044
3,12,25,0.5083200293679125
3,12,26,0.5077354191980817
3,12,27,0.5068728618363385
3,12,28,0.5053828450150103
3,12,29,0.502995404565885
3,12,30,0.4996590292287137
3,12,31,0.49547991257701945
3,12,32,0.4904832626589219
3,12,33,0.48474526190416983
3,12,34,0.47840180987759046
3,12,35,0.47160975776566894
3,12,36,0.46454576135445474
3,12,37,0.45744475433983456
3,12,38,0.4505624666043091
3,12,39,0.4441330617472657
3,12,40,0.4382912868933189
3,12,41,0.4330076246914038
3,12,42,0.4280819973353405
3,12,43,0.4231202961502296
3,12,44,0.4176749988896155
3,12,45,0.4114977021430765
3,12,46,0.40456802656186847
3,12,47,0.39696987472672596
3,12,48,0.38904184971146344
3,12,49,0.3813842597926985
3,12,50,0.3746734581913573
3,12,51,0.3694130292551491
3,12,52,0.36582868632356075
3,12,53,0.3639106172159358
3,12,54,0.3634226174934769
3,12,55,0.36396985931614184
3,12,56,0.36513790401649326
3,12,57,0.3666161387464329
3,12,58,0.36826497002135405
3,12,59,0.37012707502359243
3,12,60,0.3724691027811611
3,12,61,0.37558129797629225
3,12,62,0.37965032185090375
3,12,63,0.3846546497539774
3,12,64,0.390362818328279
3,12,65,0.3964044269278336
3,12,66,0.4023759433374775
3,12,67,0.40801641729152494
3,12,68,0.4132810399436624
3,12,69,0.4183282127384504
3,12,70,0.4234666188868729
3,12,71,0.42900536279699025
3,12,72,0.43521829058912703
3,12,73,0.44225876590039154
3,12,74,0.44999579652357996
3,12,75,0.4580194563320955
3,12,76,0.4657478036066272
3,12,77,0.47263637668104636
3,12,78,0.47828025533194124
3,12,79,0.48240494876132356
3,12,80,0.48485769609111223
3,12,81,0.4856201930457082
3,12,82,0.48480421350479214
3,12,83,0.4826029945515539
3,12,84,0.479343304092698
3,12,85,0.4754265405430346
3,12,86,0.4712094865734116
3,12,87,0.46708310622707194
3,12,88,0.46338708317282734
3,12,89,0.46035935186488364
3,12,90,0.45811859349280254
3,12,91,0.4566796444012234
3,12,92,0.456021680703642
3,12,93,0.4560789548059046
3,12,94,0.45674497006404746
3,12,95,0.45790686595669106
3,12,96,0.45945364012256795
3,12,97,0.46123253976737943
3,12,98,0.4630421503242951
3,12,99,0.464707950848077
3,12,100,0.4660928535501019
3,12,101,0.4671452237940283
3,12,102,0.46789908087014087
3,12,103,0.46842763986330493
3,12,104,0.4688219443724518
3,12,105,0.46922059327344473
3,12,106,0.469759504099629
3,12,107,0.4704476338278279
3,12,108,0.4712445197306959
3,12,109,0.4721705450049949
3,12,110,0.47322847058577044
3,12,111,0.4743731190068092
3,12,112,0.47557959080611173
3,12,113,0.4768449573102796
3,12,114,0.4782256534209827
3,12,115,0.4798346889944225
3,12,116,0.4817321081191614
3,12,117,0.4838299910834333
3,12,118,0.48591442790796235
3,12,119,0.4877412396669223
3,12,120,0.48907423084177404
3,12,121,0.48965390982107904
3,12,122,0.4892690056456342
3,12,123,0.48791805688411205
3,12,124,0.48577454304975987
3,12,125,0.4830800492137645
3,12,126,0.4801463591943846
3,12,127,0.47726128094178694
3,12,128,0.47460558877199094
3,12,129,0.4722727871282253
3,12,130,0.47029454340607085
3,12,131,0.46856101342347306
3,12,132,0.4668718152002678
3,12,133,0.4650598784378973
3,12,134,0.4630414162700933
3,12,135,0.46081518141636585
3,12,136,0.4584360297826613
3,12,137,0.45605064895425507
3,12,138,0.45385687031757216
3,12,139,0.451959531644599
3,12,140,0.4504083075286624
3,12,141,0.44922670761419514
3,12,142,0.44839167747035164
3,12,143,0.4478662628314036
3,12,144,0.44765110161700716
3,12,145,0.4477847043171224
3,12,146,0.4482516491942209
3,12,147,0.4489838746200899
3,12,148,0.44983691454465363
3,12,149,0.4506274464340086
3,12,150,0.451207244232323
3,12,151,0.45150621897823034
3,12,152,0.4516122041358731
3,12,153,0.4517355531991799
3,12,154,0.452162651707805
3,12,155,0.45322097034729286
3,12,156,0.45516223706572345
3,12,157,0.45807913672265116
3,12,158,0.4618664595825864
3,12,159,0.4662018757795204
3,12,160,0.47060514830833167
3,12,161,0.4745959525104797
3,12,162,0.47777281575967745
3,12,163,0.4798536778516416
3,12,164,0.48075060435155553
3,12,165,0.48054349399175916
3,12,166,0.4794283474033562
3,12,167,0.4776594543986211
3,12,168,0.47546079829471205
3,12,169,0.47301395210230796
3,12,170,0.4704475343562282
3,12,171,0.4678299150201986
3,12,172,0.4651786887047586
3,12,173,0.4625064085051703
3,12,174,0.4598363975600101
3,12,175,0.45722050758268623
3,12,176,0.4547217094588546
3,12,177,0.45237636789585733
3,12,178,0.45018596536394956
3,12,179,0.4481066277636306
3,12,180,0.44606427979979946
3,12,181,0.44393212847906377
3,12,182,0.4414913132664394
3,12,183,0.4385293180281556
3,12,184,0.43497837651340665
3,12,185,0.4310546026530002
3,12,186,0.42719513208941234
3,12,187,0.4238783128792782
3,12,188,0.42152315573050847
3,12,189,0.42046612120671906
3,12,190,0.4208949342059422
3,12,191,0.4227314026075225
3,12,192,0.4256344534151348
3,12,193,0.4291381057406258
3,12,194,0.4328610858270436
3,12,195,0.4366219125372233
3,12,196,0.4403830062295639
3,12,197,0.4441267609643496
3,12,198,0.4477374549826459
3,12,199,0.45098419278635116
3,12,200,0.45359008753926916
3,12,201,0.4553033469719073
3,12,202,0.4559137513695201
3,12,203,0.45526112008844877
3,12,204,0.45336230051361426
3,12,205,0.45049036770552325
3,12,206,0.44713718435449956
3,12,207,0.4438742061622743
3,12,208,0.44122763353727945
3,12,209,0.43951769191421214
3,12,210,0.4388958674605117
3,12,211,0.4394182448864693
3,12,212,0.44099153397158253
3,12,213,0.4433265163628878
3,12,214,0.4459682769227188
3,12,215,0.4485075429743636
3,12,216,0.4507308708115483
3,12,217,0.4525631388756236
3,12,218,0.4540572278386311
3,12,219,0.4554265578436368
3,12,220,0.45696286888930576
3,12,221,0.4589088230645658
3,12,222,0.4614366961850098
3,12,223,0.4644508640137175
3,12,224,0.46754573875550115
3,12,225,0.4701309878936693
3,12,226,0.47158035980695034
3,12,227,0.4714205270194285
3,12,228,0.46952053893586004
3,12,229,0.46624445452295094
3,12,230,0.46247432246227727
3,12,231,0.45937354903309097
3,12,232,0.4580352802781696
3,12,233,0.45918558644507934
3,12,234,0.46297245632206274
3,12,235,0.4689026493654109
3,12,236,0.4759851710692732
3,12,237,0.48297372375882563
3,12,238,0.48872416780508193
3,12,239,0.49244628066243873
3,12,240,0.4938165418779119
3,12,241,0.49301479091874384
3,12,242,0.4905663882223499
3,12,243,0.487106334140071
3,12,244,0.4832279649802421
3,12,245,0.47942862090341243
3,12,246,0.47607696133329225
3,12,247,0.4733646330553841
3,12,248,0.47128134594073506
3,12,249,0.4697148088442239
3,12,250,0.4685590559194644
3,12,251,0.46772688287740655
3,12,252,0.46711958485604366
3,12,253,0.46665488106218633
3,12,254,0.466313842491262
3,12,255,0.4661890057635623
3,12,256,0.46643385143375676
3,12,257,0.4671533602342782
3,12,258,0.46834298112133743
3,12,259,0.4699123595842497
3,12,260,0.4716870402942356
3,12,261,0.4733941306348486
3,12,262,0.47468452263612443
3,12,263,0.4752449420535716
3,12,264,0.47490907291963413
3,12,265,0.4737058140226627
3,12,266,0.4718715550998915
3,12,267,0.469808695074805
3,12,268,0.46797256007118115
3,12,269,0.4667396361650383
3,12,270,0.4663236302094392
3,12,271,0.46674032244083125
3,12,272,0.46782237093116313
3,12,273,0.4692962835821461
3,12,274,0.4708876236844274
3,12,275,0.47237778961582294
3,12,276,0.47364575898671246
3,12,277,0.47473333618630315
3,12,278,0.4758059350867644
3,12,279,0.4769959059879077
3,12,280,0.47835714273992097
3,12,281,0.4798911844209105
3,12,282,0.4815601028165124
3,12,283,0.4833292346132886
3,12,284,0.48520974490240915
3,12,285,0.4872473998815548
3,12,286,0.4895256006704183
3,12,287,0.49214991266350167
3,12,288,0.4951382182776066
3,12,289,0.49835539338154156
3,12,290,0.5015318434065591
3,12,291,0.5043159418817523
3,12,292,0.5063232548054986
3,12,293,0.5072670363288063
3,12,294,0.5070720192844433
3,12,295,0.5058734066339862
3,12,296,0.5039524250339577
3,12,297,0.5016425483421921
3,12,298,0.4992678501797979
3,12,299,0.4970863978281608
3,12,300,0.4952758153094538
3,12,301,0.49400408565102855
3,12,302,0.4933986321336142
3,12,303,0.49346585763917916
3,12,304,0.4941666082451698
3,12,305,0.4954307490770926
3,12,306,0.4970303756252991
3,12,307,0.49858498073604446
3,12,308,0.4996637015328648
3,12,309,0.4998832984203271
3,12,310,0.49905459166721744
3,12,311,0.4973222571643213
3,12,312,0.4951537271411556
3,12,313,0.4931408989844271
3,12,314,0.4918057030935781
3,12,315,0.49150737712274345
3,12,316,0.4923802440744913
3,12,317,0.494240698374758
3,12,318,0.49667234292613643
3,12,319,0.49920954878584767
3,12,320,0.5014194314787745
3,12,321,0.5030202080654722
3,12,322,0.5039487924266098
3,12,323,0.5042895348207485
3,12,324,0.5041528872687924
3,12,325,0.5036404059400698
3,12,326,0.5028763105407801
3,12,327,0.5020317383738391
3,12,328,0.5013140728323958
3,12,329,0.5009297398062696
3,12,330,0.5010511377792576
3,12,331,0.5017621881361646
3,12,332,0.5029890859829591
3,12,333,0.5045452281259066
3,12,334,0.5061550418492089
3,12,335,0.5074807392064944
3,12,336,0.5082760065804672
3,12,337,0.5084868826864327
3,12,338,0.5082139451927035
3,12,339,0.5076267486506788
3,12,340,0.506845583749906
3,12,341,0.5059261069619998
3,12,342,0.5048811766449683
3,12,343,0.503632384685192
3,12,344,0.5020325292795675
3,12,345,0.4999894329209224
3,12,346,0.4975732267354518
3,12,347,0.4950175601996811
3,12,348,0.4926541887178995
3,12,349,0.49080079137254023
3,12,350,0.48965003526879014
3,12,351,0.4892481934795566
3,12,352,0.4895191565028907
3,12,353,0.4902496485492768
3,12,354,0.491080120622446
3,12,355,0.49165153935410455
3,12,356,0.49181544477312733
3,12,357,0.491686304213817
3,12,358,0.49147418474946764
3,12,359,0.4913266098327985
3,12,360,0.4913442408020677
3,13,0,0.4896005309974662
3,13,1,0.49165533960060137
3,13,2,0.493825804661403
3,13,3,0.49579737857026224
3,13,4,0.4972182734831016
3,13,5,0.49788578803418976
3,13,6,0.4978416835551954
3,13,7,0.497210225891224
3,13,8,0.49636812291420196
3,13,9,0.4957120637610211
3,13,10,0.49561331915455015
3,13,11,0.4963273025609806
3,13,12,0.49798113611264905
3,13,13,0.5004389039695148
3,13,14,0.5033560342592031
3,13,15,0.5062715595552338
3,13,16,0.5087955855036151
3,13,17,0.5105959868263148
3,13,18,0.5114637011257637
3,13,19,0.511394473431092
3,13,20,0.5105762971106339
3,13,21,0.5093306522616148
3,13,22,0.508140003996199
3,13,23,0.5073838613525102
3,13,24,0.5070984369553502
3,13,25,0.5071050723008956
3,13,26,0.5070875011347541
3,13,27,0.5065916601319937
3,13,28,0.5051204248079146
3,13,29,0.5023258973297269
3,13,30,0.49815441166123164
3,13,31,0.4928169162113482
3,13,32,0.4865512981826616
3,13,33,0.47961719003375913
3,13,34,0.47222206390251625
3,13,35,0.46449847263458977
3,13,36,0.456567254887226
3,13,37,0.4486447211347011
3,13,38,0.44096356384848523
3,13,39,0.4337592281821731
3,13,40,0.4272160472679806
3,13,41,0.4214330031831392
3,13,42,0.41633763357298487
3,13,43,0.4116262798354507
3,13,44,0.4068423860536446
3,13,45,0.40161285939941915
3,13,46,0.39576747244093935
3,13,47,0.3892544434089792
3,13,48,0.38228692123479935
3,13,49,0.3753512160074586
3,13,50,0.3690238297509008
3,13,51,0.3638111450445313
3,13,52,0.3600918926920383
3,13,53,0.35805839187318966
3,13,54,0.35766678880696523
3,13,55,0.3586815933525602
3,13,56,0.3607509249875391
3,13,57,0.36352630268009495
3,13,58,0.3667107876279375
3,13,59,0.3701409376821734
3,13,60,0.37390084175754096
3,13,61,0.37814273781402574
3,13,62,0.38298485934816495
3,13,63,0.3884491985407858
3,13,64,0.39439914940256443
3,13,65,0.4005126158937475
3,13,66,0.4064266745611959
3,13,67,0.41187523951817206
3,13,68,0.41677151036986637
3,13,69,0.4212248232202306
3,13,70,0.4255904327403445
3,13,71,0.43034183539025966
3,13,72,0.4359216660036253
3,13,73,0.4426130136508075
3,13,74,0.450368241993613
3,13,75,0.4588315669246688
3,13,76,0.4673718045337858
3,13,77,0.4753024515682664
3,13,78,0.4820273556779669
3,13,79,0.4870837425484867
3,13,80,0.4901750751842905
3,13,81,0.491216893133681
3,13,82,0.49035629802028186
3,13,83,0.48788892266552886
3,13,84,0.48424462915673105
3,13,85,0.47990545941320206
3,13,86,0.4752927384814928
3,13,87,0.47085346895148383
3,13,88,0.4669455431519041
3,13,89,0.4638102985819309
3,13,90,0.4615623064845881
3,13,91,0.46017622397960406
3,13,92,0.4595648373603556
3,13,93,0.45962916165587925
3,13,94,0.4602594960601954
3,13,95,0.4613221283585719
3,13,96,0.46264384254426477
3,13,97,0.4640929675310252
3,13,98,0.46559196841764394
3,13,99,0.4671305657419419
3,13,100,0.4686924725925872
3,13,101,0.47023710888551123
3,13,102,0.47172420855227387
3,13,103,0.47312195114986283
3,13,104,0.4743989133115091
3,13,105,0.4754899381730716
3,13,106,0.4762964605922284
3,13,107,0.4766844222962185
3,13,108,0.47660429472411503
3,13,109,0.47616484724646424
3,13,110,0.4754749407022949
3,13,111,0.4746139011148346
3,13,112,0.4736755703744129
3,13,113,0.4727884947556999
3,13,114,0.4721269317103281
3,13,115,0.4718272820310961
3,13,116,0.4719186109906707
3,13,117,0.47234308714868084
3,13,118,0.4729988145773036
3,13,119,0.47373487106188217
3,13,120,0.4743407636917752
3,13,121,0.4746055403671578
3,13,122,0.47440975263881285
3,13,123,0.4738264335912422
3,13,124,0.4730340760586375
3,13,125,0.47221881405701605
3,13,126,0.47158178008848267
3,13,127,0.4712735630699578
3,13,128,0.4713452569199768
3,13,129,0.4716940419937957
3,13,130,0.4720980891112541
3,13,131,0.4722460252150428
3,13,132,0.47185664660305265
3,13,133,0.47078056411323255
3,13,134,0.469007793462353
3,13,135,0.4666728445794706
3,13,136,0.46402071980621884
3,13,137,0.4613848089706573
3,13,138,0.4590909561534483
3,13,139,0.45728142918366904
3,13,140,0.4559766124315998
3,13,141,0.4551067026218076
3,13,142,0.45455291912510437
3,13,143,0.4542144023959838
3,13,144,0.4540058876831336
3,13,145,0.4538774229400159
3,13,146,0.4537666081730803
3,13,147,0.45357052323355956
3,13,148,0.45307872078275624
3,13,149,0.4520249766020726
3,13,150,0.4502432186722255
3,13,151,0.44777128109908587
3,13,152,0.44493277470842013
3,13,153,0.44224256733003275
3,13,154,0.44031636092473725
3,13,155,0.4397501516960077
3,13,156,0.44091534630792245
3,13,157,0.4438770218024579
3,13,158,0.4483481084854062
3,13,159,0.45370636102825973
3,13,160,0.4591705185471043
3,13,161,0.4640720158998069
3,13,162,0.46796888918931556
3,13,163,0.47063305212778966
3,13,164,0.4720342673671194
3,13,165,0.47227084674311587
3,13,166,0.47149918044266337
3,13,167,0.469888224633797
3,13,168,0.46753512582931983
3,13,169,0.4644869252748254
3,13,170,0.4607790604946644
3,13,171,0.4565216666300316
3,13,172,0.4519499036658556
3,13,173,0.4473443889741582
3,13,174,0.44298142019029174
3,13,175,0.439130949756702
3,13,176,0.43603050057652026
3,13,177,0.43379827651679376
3,13,178,0.4323771878951194
3,13,179,0.43154130685785413
3,13,180,0.4309535623439594
3,13,181,0.4302334304532789
3,13,182,0.4290163743503137
3,13,183,0.42705998697691194
3,13,184,0.4242915365977496
3,13,185,0.42092284145177905
3,13,186,0.4174537116494236
3,13,187,0.4144397589754819
3,13,188,0.41230035721541153
3,13,189,0.41126075823915476
3,13,190,0.4113906425310251
3,13,191,0.41256685659944753
3,13,192,0.41449839154440504
3,13,193,0.416838755083325
3,13,194,0.41936927848390276
3,13,195,0.42205612588123653
3,13,196,0.42498817941926414
3,13,197,0.42827931595189167
3,13,198,0.431912629172577
3,13,199,0.43566539542335664
3,13,200,0.43920958558598755
3,13,201,0.44224776766083296
3,13,202,0.4445124852142596
3,13,203,0.4457080997116408
3,13,204,0.44562135651736906
3,13,205,0.44429669341130257
3,13,206,0.4420646294740968
3,13,207,0.4393972345566372
3,13,208,0.4368301528097161
3,13,209,0.4348435828334444
3,13,210,0.43384733294514227
3,13,211,0.4341514368497088
3,13,212,0.43585858071301326
3,13,213,0.43874155112726937
3,13,214,0.44227757576602345
3,13,215,0.44591194908798104
3,13,216,0.44922551089160473
3,13,217,0.45193437164982597
3,13,218,0.4539336449951338
3,13,219,0.4553583306014474
3,13,220,0.45650522611617883
3,13,221,0.4576787060847944
3,13,222,0.45913008818148626
3,13,223,0.46088663343773356
3,13,224,0.46271299090155293
3,13,225,0.4641686436994807
3,13,226,0.46472877238443583
3,13,227,0.4639802010165236
3,13,228,0.4617905066032664
3,13,229,0.4584731522106831
3,13,230,0.45482925209586217
3,13,231,0.45191522823627844
3,13,232,0.4507608871042919
3,13,233,0.45209243521084896
3,13,234,0.45610425697532236
3,13,235,0.46237167258770095
3,13,236,0.4699639877591141
3,13,237,0.4776671508926988
3,13,238,0.4843231857752807
3,13,239,0.48911202104993656
3,13,240,0.49166234065675357
3,13,241,0.49207993141648426
3,13,242,0.4908074569017328
3,13,243,0.4884262960705409
3,13,244,0.48551374647660006
3,13,245,0.4825415133612182
3,13,246,0.47983404843029853
3,13,247,0.4775520175072415
3,13,248,0.47571521160344205
3,13,249,0.4742796377819141
3,13,250,0.47321574364167085
3,13,251,0.47252315343704226
3,13,252,0.4721879675328857
3,13,253,0.47218756674911433
3,13,254,0.4725223039786894
3,13,255,0.47324305429289876
3,13,256,0.47439647105460453
3,13,257,0.4759398480121793
3,13,258,0.4777222184209948
3,13,259,0.4795387501115716
3,13,260,0.48115226152838025
3,13,261,0.48230933032324164
3,13,262,0.48277358350741156
3,13,263,0.48239134799773237
3,13,264,0.48116556198879684
3,13,265,0.4792946896125658
3,13,266,0.47717386483527163
3,13,267,0.47530609727452744
3,13,268,0.4741467309222009
3,13,269,0.4740026211048062
3,13,270,0.4749859009585286
3,13,271,0.4769729470428666
3,13,272,0.4796393298255305
3,13,273,0.48255343216071334
3,13,274,0.4853073215600396
3,13,275,0.48762284438042086
3,13,276,0.4893839908710929
3,13,277,0.49066798885789026
3,13,278,0.491708831235846
3,13,279,0.49273157397731987
3,13,280,0.4938730907483947
3,13,281,0.49519854652474654
3,13,282,0.4967077826460465
3,13,283,0.498383786878502
3,13,284,0.5002144901574124
3,13,285,0.5021666636639112
3,13,286,0.5042478950798012
3,13,287,0.5065097325047931
3,13,288,0.5089449536751435
3,13,289,0.5114570477342844
3,13,290,0.5138479340439989
3,13,291,0.5158345636321692
3,13,292,0.517110826234557
3,13,293,0.5174595849868084
3,13,294,0.5168270952708343
3,13,295,0.5153047638134832
3,13,296,0.5130942322248063
3,13,297,0.5104762590853796
3,13,298,0.5077525065454913
3,13,299,0.505166876373648
3,13,300,0.5028991075765968
3,13,301,0.5011267364710915
3,13,302,0.49998240481208256
3,13,303,0.49948587009954787
3,13,304,0.4995983662267276
3,13,305,0.5002440157766374
3,13,306,0.5012046568802164
3,13,307,0.5021420312259052
3,13,308,0.5027128824891466
3,13,309,0.5026373208100181
3,13,310,0.5018121868957919
3,13,311,0.5004242824152131
3,13,312,0.49890324582674783
3,13,313,0.49773705183259354
3,13,314,0.4973122580692222
3,13,315,0.4978447508042008
3,13,316,0.49933666544785843
3,13,317,0.5015131903518459
3,13,318,0.5039078776330433
3,13,319,0.5060584210676465
3,13,320,0.5075954812344984
3,13,321,0.5083279116163966
3,13,322,0.5082868809374603
3,13,323,0.5076412402560838
3,13,324,0.5065907097536038
3,13,325,0.5053321156227428
3,13,326,0.5040421019064841
3,13,327,0.5028704982673281
3,13,328,0.501955925839589
3,13,329,0.501424089344764
3,13,330,0.5014009779639367
3,13,331,0.5019908255513401
3,13,332,0.5031907754173797
3,13,333,0.5048842587500829
3,13,334,0.5068436536846673
3,13,335,0.5087354362023114
3,13,336,0.5102333696239687
3,13,337,0.5111300542282969
3,13,338,0.5113540629083425
3,13,339,0.5109442047888276
3,13,340,0.5099967279635363
3,13,341,0.5086339990163797
3,13,342,0.5069741350946948
3,13,343,0.5050416187031477
3,13,344,0.5027497240809425
3,13,345,0.5000146450451931
3,13,346,0.4968665307371833
3,13,347,0.4934526111013099
3,13,348,0.49001207243016304
3,13,349,0.4868354915893957
3,13,350,0.4841826386856501
3,13,351,0.4822397148117218
3,13,352,0.4811197760690952
3,13,353,0.480786835610536
3,13,354,0.4810228048549732
3,13,355,0.481559001576063
3,13,356,0.48222476224772287
3,13,357,0.4829740645693251
3,13,358,0.48377960091058647
3,13,359,0.48458130853829706
3,13,360,0.48538861430716507
3,14,0,0.4852663616411207
3,14,1,0.4878874120226715
3,14,2,0.49056625087355277
3,14,3,0.4928496458015457
3,14,4,0.49432191969847444
3,14,5,0.49477172339425823
3,14,6,0.4942968829951816
3,14,7,0.4932403196889108
3,14,8,0.4921431269217575
3,14,9,0.4915032313053892
3,14,10,0.49166828355964387
3,14,11,0.4927853779421043
3,14,12,0.4948238923419429
3,14,13,0.4974986176047681
3,14,14,0.5003645148172828
3,14,15,0.5029961728320255
3,14,16,0.5051260512012357
3,14,17,0.506623209437829
3,14,18,0.5074872379789632
3,14,19,0.5078049078249888
3,14,20,0.5077034836798608
3,14,21,0.5074059543255658
3,14,22,0.5071882027422424
3,14,23,0.507182384259011
3,14,24,0.5072634561694332
3,14,25,0.5071681156087967
3,14,26,0.5065802416879467
3,14,27,0.5051245832236401
3,14,28,0.5024510536134025
3,14,29,0.4983917901485612
3,14,30,0.4930225616812392
3,14,31,0.4865965533379914
3,14,32,0.4794133657376106
3,14,33,0.4717504722383065
3,14,34,0.4637689803343196
3,14,35,0.4555332543988174
3,14,36,0.4470602541309644
3,14,37,0.43843720318804885
3,14,38,0.429829836461384
3,14,39,0.4214722875539203
3,14,40,0.4136137159368495
3,14,41,0.4064539418913409
3,14,42,0.40004236339624993
3,14,43,0.3941973596810011
3,14,44,0.388533745092081
3,14,45,0.38267082500852495
3,14,46,0.37641279835879987
3,14,47,0.36969155636224843
3,14,48,0.36274199986273625
3,14,49,0.35609475747943686
3,14,50,0.35035633170908703
3,14,51,0.34604151589427223
3,14,52,0.3435349036585265
3,14,53,0.34297692361986926
3,14,54,0.34420158756582736
3,14,55,0.3468130252320478
3,14,56,0.3503158432124319
3,14,57,0.35426069404783583
3,14,58,0.35832649913990566
3,14,59,0.36239096200169224
3,14,60,0.3665662186718115
3,14,61,0.3710417257834511
3,14,62,0.3760279344762649
3,14,63,0.38167739740284745
3,14,64,0.38797350754502474
3,14,65,0.39466163216560196
3,14,66,0.40136494778506476
3,14,67,0.4077520670819611
3,14,68,0.41366026169819137
3,14,69,0.4190937825859034
3,14,70,0.42422409753165946
3,14,71,0.4293306328690688
3,14,72,0.4347274124114816
3,14,73,0.44069205470729583
3,14,74,0.44728821775037697
3,14,75,0.4543260399907632
3,14,76,0.46140687730591845
3,14,77,0.4680988506067862
3,14,78,0.47402049409545044
3,14,79,0.4788479251583947
3,14,80,0.48230094610824586
3,14,81,0.4841601190921524
3,14,82,0.48437895217584104
3,14,83,0.48310744110921827
3,14,84,0.4806107976280612
3,14,85,0.4772305866374247
3,14,86,0.4733310985140207
3,14,87,0.4693284462476029
3,14,88,0.4656194420324789
3,14,89,0.46249393134402056
3,14,90,0.4600868713463747
3,14,91,0.45841294436171875
3,14,92,0.4574646036970319
3,14,93,0.4572042991570016
3,14,94,0.4575585176600261
3,14,95,0.45840279588526045
3,14,96,0.45954884569544546
3,14,97,0.46085673649172115
3,14,98,0.46224022349151844
3,14,99,0.46366897335131624
3,14,100,0.4651244260800713
3,14,101,0.4665896457985948
3,14,102,0.468077462451538
3,14,103,0.46961475304059747
3,14,104,0.47120568704990656
3,14,105,0.47277099050237603
3,14,106,0.4741627201726434
3,14,107,0.4752155540558914
3,14,108,0.4758363508051417
3,14,109,0.47606481897789477
3,14,110,0.4759441400084828
3,14,111,0.47552482536928803
3,14,112,0.4748979040169556
3,14,113,0.47417374515880417
3,14,114,0.4734514071121555
3,14,115,0.4727563362435821
3,14,116,0.47205699143108987
3,14,117,0.4712938024323244
3,14,118,0.47042675880332924
3,14,119,0.4694359565875685
3,14,120,0.4682828775574309
3,14,121,0.4669517771274284
3,14,122,0.4654900469305328
3,14,123,0.46406777887433986
3,14,124,0.46285499944618785
3,14,125,0.46194986176039343
3,14,126,0.46142122070140745
3,14,127,0.46129548093027534
3,14,128,0.461530796219444
3,14,129,0.46195675976704687
3,14,130,0.4623490226988592
3,14,131,0.4624636913798138
3,14,132,0.4621015113936345
3,14,133,0.46115680283707816
3,14,134,0.45962723491027113
3,14,135,0.4576427017841664
3,14,136,0.4554271773382466
3,14,137,0.453278282157267
3,14,138,0.4514934896705341
3,14,139,0.45023591618219805
3,14,140,0.44960678258694375
3,14,141,0.4496118405044081
3,14,142,0.45012612601054525
3,14,143,0.45096167828837647
3,14,144,0.4518972523675281
3,14,145,0.45271168351225954
3,14,146,0.4532056688502519
3,14,147,0.4531807917461446
3,14,148,0.45237400696308105
3,14,149,0.4505521158902277
3,14,150,0.4476552871862171
3,14,151,0.44388703167179966
3,14,152,0.439721119278292
3,14,153,0.43577371634135675
3,14,154,0.4327524131373102
3,14,155,0.43131390658417074
3,14,156,0.4318207569877265
3,14,157,0.4342767058981895
3,14,158,0.43830018407400156
3,14,159,0.44315688308887924
3,14,160,0.44799198635204557
3,14,161,0.4521344893718745
3,14,162,0.45522212130738676
3,14,163,0.45720026553666127
3,14,164,0.4582410208497644
3,14,165,0.45860129242724834
3,14,166,0.4585060457895963
3,14,167,0.45810196209023324
3,14,168,0.457369820959682
3,14,169,0.4561019289294942
3,14,170,0.4539931617323052
3,14,171,0.4508753863675848
3,14,172,0.44688568284967056
3,14,173,0.44234742330833804
3,14,174,0.43769172099658743
3,14,175,0.43341885557348064
3,14,176,0.4300138993815658
3,14,177,0.4277925349383776
3,14,178,0.4267956520805253
3,14,179,0.4267317454834352
3,14,180,0.42705693725300903
3,14,181,0.42718312630142397
3,14,182,0.4266586494247042
3,14,183,0.4252708649205067
3,14,184,0.4230108427520529
3,14,185,0.420149074887982
3,14,186,0.4172486472130265
3,14,187,0.4148598907433648
3,14,188,0.41329568589241544
3,14,189,0.4125925388489284
3,14,190,0.41264082414800746
3,14,191,0.4132267012424258
3,14,192,0.4141187793734451
3,14,193,0.4151577478887389
3,14,194,0.41635844324305327
3,14,195,0.417907173909479
3,14,196,0.42003888621707625
3,14,197,0.4229127126711189
3,14,198,0.42645504437497284
3,14,199,0.4303279932547754
3,14,200,0.4340727554724457
3,14,201,0.43726507505879864
3,14,202,0.439570069591771
3,14,203,0.44071565204267443
3,14,204,0.4405500807240392
3,14,205,0.43916227331113267
3,14,206,0.4369284801750594
3,14,207,0.43438473286518703
3,14,208,0.43212249326852487
3,14,209,0.4306621014376193
3,14,210,0.4304261662475838
3,14,211,0.4316600039782845
3,14,212,0.4343372738008188
3,14,213,0.4381019491245357
3,14,214,0.44233766428801025
3,14,215,0.4463926250728745
3,14,216,0.449763413473844
3,14,217,0.45217881628341766
3,14,218,0.45359099995525737
3,14,219,0.4541386634886211
3,14,220,0.4540755927108686
3,14,221,0.45368456344508534
3,14,222,0.4532190494945335
3,14,223,0.4527632855481256
3,14,224,0.45223889275736867
3,14,225,0.4514480197134193
3,14,226,0.4501512843362607
3,14,227,0.4481666916902911
3,14,228,0.4454664521549678
3,14,229,0.4422696544138934
3,14,230,0.4390906874538554
3,14,231,0.4366647263731751
3,14,232,0.4357873911625472
3,14,233,0.4370623289247809
3,14,234,0.4406738000502055
3,14,235,0.44634634959673447
3,14,236,0.4533799785517575
3,14,237,0.4607617558413395
3,14,238,0.4674322936927856
3,14,239,0.4725577619860643
3,14,240,0.47568150236996776
3,14,241,0.47678369959462824
3,14,242,0.47620014663915855
3,14,243,0.47446758028830915
3,14,244,0.4721534505061124
3,14,245,0.46971811302907013
3,14,246,0.46748003169017266
3,14,247,0.46561308671512464
3,14,248,0.4641614441611839
3,14,249,0.463121278209516
3,14,250,0.4625118021191664
3,14,251,0.46236707497965757
3,14,252,0.4626598298015772
3,14,253,0.46329214387598083
3,14,254,0.46412027247864573
3,14,255,0.46500685170066586
3,14,256,0.4658369616068411
3,14,257,0.4665255844979376
3,14,258,0.46704698999317507
3,14,259,0.46744545434707163
3,14,260,0.46780678845705803
3,14,261,0.46821715706264366
3,14,262,0.46872380066519
3,14,263,0.46931310860697684
3,14,264,0.4699349996820191
3,14,265,0.4705501992672567
3,14,266,0.4711943882077311
3,14,267,0.47197031742906964
3,14,268,0.4729779635489185
3,14,269,0.4742815811379704
3,14,270,0.4758861790179605
3,14,271,0.4777164410346431
3,14,272,0.4796395382854363
3,14,273,0.48147871310904006
3,14,274,0.48309385353418355
3,14,275,0.48443650521581383
3,14,276,0.4855293233399068
3,14,277,0.48648701143982365
3,14,278,0.48751293640096394
3,14,279,0.48875382904656156
3,14,280,0.49024264716384663
3,14,281,0.49195775986991097
3,14,282,0.4938235172807913
3,14,283,0.4957345724468755
3,14,284,0.49755890145703896
3,14,285,0.49913973340190554
3,14,286,0.5004022026029434
3,14,287,0.5013613522680606
3,14,288,0.5020800916295809
3,14,289,0.5026501378678461
3,14,290,0.5031322368783787
3,14,291,0.5035227963701487
3,14,292,0.5037604313193393
3,14,293,0.5037609492817987
3,14,294,0.5034213992882397
3,14,295,0.5026186635609036
3,14,296,0.5012565736895406
3,14,297,0.49935032294156534
3,14,298,0.4970282477799279
3,14,299,0.49447190528665536
3,14,300,0.49192137262004937
3,14,301,0.48971953681734753
3,14,302,0.48822020782187847
3,14,303,0.48764438808110105
3,14,304,0.4880630166524556
3,14,305,0.48942023438723997
3,14,306,0.49146219678273334
3,14,307,0.4937828967779014
3,14,308,0.49595003592341386
3,14,309,0.4975657012073387
3,14,310,0.49835932271854344
3,14,311,0.49832793274208387
3,14,312,0.4977258575308954
3,14,313,0.49691883533107634
3,14,314,0.496266220761517
3,14,315,0.4960841690024964
3,14,316,0.4965723189331982
3,14,317,0.49769576035856866
3,14,318,0.49921191480970206
3,14,319,0.5008243410287112
3,14,320,0.5022480242594537
3,14,321,0.503273240905232
3,14,322,0.5038291796835651
3,14,323,0.5039667234308672
3,14,324,0.5037968227905428
3,14,325,0.503460516089238
3,14,326,0.5030837749152502
3,14,327,0.5027209809982621
3,14,328,0.5024059971474439
3,14,329,0.5021840687791005
3,14,330,0.5021133111635948
3,14,331,0.5022595775125378
3,14,332,0.5026574056769876
3,14,333,0.5033135390708992
3,14,334,0.5041859543164922
3,14,335,0.5051332206803433
3,14,336,0.5059562832993811
3,14,337,0.506502094841307
3,14,338,0.506701825587912
3,14,339,0.5065366806555964
3,14,340,0.5059994221097944
3,14,341,0.5050806683603802
3,14,342,0.5037883028920096
3,14,343,0.502109325798676
3,14,344,0.4999610926666324
3,14,345,0.49727360569028584
3,14,346,0.49411313162595244
3,14,347,0.4906790764925167
3,14,348,0.4872553176641743
3,14,349,0.48416320679577257
3,14,350,0.48167556974401377
3,14,351,0.4799732352835376
3,14,352,0.4791427067458399
3,14,353,0.4791299447234776
3,14,354,0.47972340866743135
3,14,355,0.4806457314232283
3,14,356,0.48166544051922544
3,14,357,0.4826459325693094
3,14,358,0.4835024920656385
3,14,359,0.4841686608256718
3,14,360,0.48468985957999183
3,15,0,0.4907605290597739
3,15,1,0.49189830850067956
3,15,2,0.4929454648257752
3,15,3,0.4936571521229785
3,15,4,0.49387366803718347
3,15,5,0.4935861806781228
3,15,6,0.4929380637549188
3,15,7,0.4922178467696593
3,15,8,0.49177448914978306
3,15,9,0.4918984755653797
3,15,10,0.49274348108733357
3,15,11,0.4942890148150224
3,15,12,0.49634176355978304
3,15,13,0.4985305231075135
3,15,14,0.5004170521935498
3,15,15,0.5016928635665234
3,15,16,0.5022211883495368
3,15,17,0.5019785419172467
3,15,18,0.5011318071607318
3,15,19,0.49999806988928164
3,15,20,0.49884195636289275
3,15,21,0.49792541347154884
3,15,22,0.49742323977020775
3,15,23,0.4973052191155771
3,15,24,0.49730270689143663
3,15,25,0.49702616204569544
3,15,26,0.496086050908775
3,15,27,0.4941252777630313
3,15,28,0.49090722962824856
3,15,29,0.4864609244595557
3,15,30,0.4810469510736254
3,15,31,0.474976103393412
3,15,32,0.4685424493069206
3,15,33,0.46205361475430523
3,15,34,0.4557178577171806
3,15,35,0.44959476453051045
3,15,36,0.4436019658008755
3,15,37,0.4376586720542036
3,15,38,0.43179424455482707
3,15,39,0.4260931924198134
3,15,40,0.4206278364200541
3,15,41,0.41544147982643626
3,15,42,0.410499849329622
3,15,43,0.4055836996780761
3,15,44,0.40029763563038057
3,15,45,0.3943197758074762
3,15,46,0.3875641378116352
3,15,47,0.380060165859264
3,15,48,0.3721512415986111
3,15,49,0.36453510221354773
3,15,50,0.3580204803101026
3,15,51,0.3532623463931744
3,15,52,0.3506875688859582
3,15,53,0.350368612774756
3,15,54,0.35195423428925765
3,15,55,0.3548392062974745
3,15,56,0.3584356806728707
3,15,57,0.3623178926432814
3,15,58,0.3662722056800624
3,15,59,0.3703067448841536
3,15,60,0.3746822958375172
3,15,61,0.3797584259995416
3,15,62,0.38582730578867075
3,15,63,0.3929593049777215
3,15,64,0.40095786914370374
3,15,65,0.4093902758083078
3,15,66,0.41769538465866457
3,15,67,0.4253434907197155
3,15,68,0.43200801815880735
3,15,69,0.4375668986342222
3,15,70,0.4420410141915306
3,15,71,0.445606764393703
3,15,72,0.44862868810309475
3,15,73,0.4515650312868235
3,15,74,0.4547524259747216
3,15,75,0.45835115560259604
3,15,76,0.4624062432416
3,15,77,0.4668729005787319
3,15,78,0.47158045233751605
3,15,79,0.4762290153732879
3,15,80,0.4803799379163976
3,15,81,0.4834993086828066
3,15,82,0.48517027035792487
3,15,83,0.4852064215322585
3,15,84,0.483613099646718
3,15,85,0.4806292917053496
3,15,86,0.4767503718617826
3,15,87,0.47264950957573326
3,15,88,0.46901361005009723
3,15,89,0.4663365966388553
3,15,90,0.46482813451400073
3,15,91,0.46446602087010863
3,15,92,0.4650932053240617
3,15,93,0.46643174297731643
3,15,94,0.4680987681485475
3,15,95,0.469677124761432
3,15,96,0.4708510889631152
3,15,97,0.4714644182224055
3,15,98,0.47145861715760107
3,15,99,0.4708375182720216
3,15,100,0.469709364340616
3,15,101,0.46831263493486136
3,15,102,0.466961071533846
3,15,103,0.465972419677633
3,15,104,0.46561672849429564
3,15,105,0.4660621374491266
3,15,106,0.4673308604423176
3,15,107,0.469244782896766
3,15,108,0.4715153733039202
3,15,109,0.4738395851245874
3,15,110,0.4758618493038859
3,15,111,0.47725566124894675
3,15,112,0.47779697813872674
3,15,113,0.47734649310107885
3,15,114,0.47587546204145215
3,15,115,0.4734864087245895
3,15,116,0.47034897841791573
3,15,117,0.46666117184158423
3,15,118,0.46269996060926893
3,15,119,0.45883114563384003
3,15,120,0.4554062781413155
3,15,121,0.452620368531519
3,15,122,0.45049827236261475
3,15,123,0.4490309449420531
3,15,124,0.4480935186620566
3,15,125,0.44740217570049595
3,15,126,0.44670176207501366
3,15,127,0.4458758121072272
3,15,128,0.44493731892335553
3,15,129,0.4439879488260928
3,15,130,0.44319885497022016
3,15,131,0.44270967292137314
3,15,132,0.4425574114003916
3,15,133,0.4426595176600741
3,15,134,0.44279084081180875
3,15,135,0.4426965465539287
3,15,136,0.442184541606094
3,15,137,0.4412240548653407
3,15,138,0.4400053938271391
3,15,139,0.4388220280951856
3,15,140,0.43806267675700145
3,15,141,0.4381131702249167
3,15,142,0.439168224942389
3,15,143,0.44114544145967094
3,15,144,0.44368733743359823
3,15,145,0.4462409525407962
3,15,146,0.44818533536285526
3,15,147,0.44897761596298796
3,15,148,0.44819421591658337
3,15,149,0.4456677611869839
3,15,150,0.4415934015046567
3,15,151,0.4365275959985931
3,15,152,0.43127991443761127
3,15,153,0.4267115998329278
3,15,154,0.4235919953235456
3,15,155,0.4224201635505375
3,15,156,0.4232895400315095
3,15,157,0.4259483882740316
3,15,158,0.4298695151597296
3,15,159,0.43430047465028637
3,15,160,0.4384609543124429
3,15,161,0.44182925311306137
3,15,162,0.44425264965530986
3,15,163,0.4458910456662346
3,15,164,0.4470200038105925
3,15,165,0.44785217851018055
3,15,166,0.4485232023952362
3,15,167,0.4491000710919188
3,15,168,0.44947804495515326
3,15,169,0.44930965566641934
3,15,170,0.44814295622419503
3,15,171,0.44569754923543387
3,15,172,0.44202605043222637
3,15,173,0.43739796596204306
3,15,174,0.4322297308438439
3,15,175,0.42708221477076924
3,15,176,0.422584285806761
3,15,177,0.41928265767881195
3,15,178,0.4175043628882427
3,15,179,0.417174790884758
3,15,180,0.4178691774976704
3,15,181,0.41903491753125116
3,15,182,0.4201221631941192
3,15,183,0.42066796249614846
3,15,184,0.42038884548101574
3,15,185,0.41936027220700045
3,15,186,0.4179768376381438
3,15,187,0.416639074827396
3,15,188,0.41560712550277945
3,15,189,0.41503785396718423
3,15,190,0.41503670630654893
3,15,191,0.41556530876793873
3,15,192,0.4165010793192733
3,15,193,0.41774192972525226
3,15,194,0.41927032677075127
3,15,195,0.4211580517426249
3,15,196,0.423462791711217
3,15,197,0.4261089213167751
3,15,198,0.4288151172739073
3,15,199,0.431194145992649
3,15,200,0.4328949451851889
3,15,201,0.4336428252614408
3,15,202,0.43326080796305994
3,15,203,0.4317078732095447
3,15,204,0.4291222642452097
3,15,205,0.42579497178293946
3,15,206,0.4221500236446252
3,15,207,0.4187193646677357
3,15,208,0.41606303062786343
3,15,209,0.4146069102092329
3,15,210,0.41464257438979774
3,15,211,0.4163005542896639
3,15,212,0.4194400980629305
3,15,213,0.42367497558038375
3,15,214,0.4284666347241004
3,15,215,0.4332343528675215
3,15,216,0.43747253181757406
3,15,217,0.4408446819613509
3,15,218,0.4431598325137733
3,15,219,0.4443564076098731
3,15,220,0.44448030727688226
3,15,221,0.4436808097839111
3,15,222,0.442228834392154
3,15,223,0.44040853866614893
3,15,224,0.438468904703814
3,15,225,0.43662981325371336
3,15,226,0.43500479557703564
3,15,227,0.4335782957643787
3,15,228,0.43227117754221567
3,15,229,0.4309781112005529
3,15,230,0.42967809587866823
3,15,231,0.42858689551845497
3,15,232,0.4281026851447284
3,15,233,0.42865067094740866
3,15,234,0.43051496264592676
3,15,235,0.4337364446423228
3,15,236,0.4380157069267518
3,15,237,0.44275554053099225
3,15,238,0.4472207323584572
3,15,239,0.45072753463726584
3,15,240,0.4528577961255982
3,15,241,0.45354862274990343
3,15,242,0.4530541131251576
3,15,243,0.45183178398427376
3,15,244,0.4503666506776958
3,15,245,0.44901393584852056
3,15,246,0.44794168096720843
3,15,247,0.4471701930392245
3,15,248,0.44663075250601175
3,15,249,0.44627366296883253
3,15,250,0.4461430060648119
3,15,251,0.4463551861603382
3,15,252,0.4469853644018606
3,15,253,0.447971699126657
3,15,254,0.44912025058548527
3,15,255,0.4501914040649236
3,15,256,0.45094431682682296
3,15,257,0.45122905942912145
3,15,258,0.45109061887078294
3,15,259,0.4507591955746861
3,15,260,0.4505922862604632
3,15,261,0.4509508898895846
3,15,262,0.45208399204451855
3,15,263,0.4540721527334773
3,15,264,0.45680077553358095
3,15,265,0.4599604709550652
3,15,266,0.46318956280813894
3,15,267,0.46619253345196304
3,15,268,0.46873870587695127
3,15,269,0.470665632530924
3,15,270,0.47188372801478773
3,15,271,0.472401374125126
3,15,272,0.4723223865539769
3,15,273,0.47176440086803834
3,15,274,0.47089777225742263
3,15,275,0.4699311161369228
3,15,276,0.46902906451507675
3,15,277,0.46833470016117335
3,15,278,0.46800862203505267
3,15,279,0.46812936653499515
3,15,280,0.4686718401045155
3,15,281,0.4695895616510228
3,15,282,0.47081756431041455
3,15,283,0.47226783166556896
3,15,284,0.47377731965112885
3,15,285,0.47511164216618296
3,15,286,0.4760999016863781
3,15,287,0.4766630135678181
3,15,288,0.47682606833036356
3,15,289,0.476721704296712
3,15,290,0.47654090287907136
3,15,291,0.476464720473806
3,15,292,0.47659170439059534
3,15,293,0.47693454588875694
3,15,294,0.4774028820591773
3,15,295,0.47774954320453733
3,15,296,0.47764242794465916
3,15,297,0.47688787388411386
3,15,298,0.4755079080370302
3,15,299,0.47369244141536454
3,15,300,0.4717907164849239
3,15,301,0.47030751545979815
3,15,302,0.4697664467400539
3,15,303,0.4705281621952517
3,15,304,0.4727147688177677
3,15,305,0.47619613611678785
3,15,306,0.48054100109303843
3,15,307,0.48510252177787383
3,15,308,0.48923254279547984
3,15,309,0.49239663228940167
3,15,310,0.49421119033778105
3,15,311,0.49458627174381203
3,15,312,0.4937497053566737
3,15,313,0.49209709110730393
3,15,314,0.49006676686016826
3,15,315,0.48811183413434955
3,15,316,0.4865844176822998
3,15,317,0.4855954155917514
3,15,318,0.4850277886129925
3,15,319,0.4846712817805196
3,15,320,0.4843090022620433
3,15,321,0.4837764445945523
3,15,322,0.48302181320164467
3,15,323,0.48213840800838426
3,15,324,0.48127977378247494
3,15,325,0.48060008778858476
3,15,326,0.48020460162141826
3,15,327,0.48008226944338644
3,15,328,0.48019027998760344
3,15,329,0.48050211789839536
3,15,330,0.48096663649914
3,15,331,0.48153851051106616
3,15,332,0.48221259935714766
3,15,333,0.48302391011004775
3,15,334,0.4839866897253052
3,15,335,0.48502489529924764
3,15,336,0.4860089343925534
3,15,337,0.48687327286884785
3,15,338,0.4876546494425405
3,15,339,0.4884106538253615
3,15,340,0.4891568122090829
3,15,341,0.4898336727916275
3,15,342,0.4903576359232571
3,15,343,0.49064064992961953
3,15,344,0.49051876247828446
3,15,345,0.4898138604112661
3,15,346,0.48850971009688776
3,15,347,0.4867987530466106
3,15,348,0.48500757154449786
3,15,349,0.48349558515396746
3,15,350,0.482551043409371
3,15,351,0.48234670254953876
3,15,352,0.48295257729854024
3,15,353,0.484301178374787
3,15,354,0.4861702325183785
3,15,355,0.4882441451712562
3,15,356,0.4902299472770361
3,15,357,0.4919565286568072
3,15,358,0.49335413004755496
3,15,359,0.4944132282846687
3,15,360,0.49519811003022
