deviant_position,roving_block,repetition,mean_single_block_gfp_0_180_ms
1,1,1,1.4014829551267636
1,1,2,1.970196489135809
1,1,3,1.6732844709298225
1,1,4,1.3937716913140668
1,1,5,1.8648224136848912
1,1,6,1.0350815840274032
1,1,7,1.6618414468897782
1,1,8,1.648912274609084
1,1,9,1.3899159905955616
1,1,10,1.1023953510162499
1,1,11,1.4196752833967312
1,1,12,1.4883726576089653
1,1,13,1.7398426756892462
1,1,14,1.1787942723704707
1,1,15,1.4923425494022287
1,2,1,1.4630807082315838
1,2,2,0.8037392266810385
1,2,3,1.5135824790122834
1,2,4,1.4182161633099044
1,2,5,1.3623985937415628
1,2,6,1.4868165043063861
1,2,7,1.0355786945217442
1,2,8,1.4317668578799796
1,2,9,1.3250070783806007
1,2,10,1.2221654344723079
1,2,11,1.3045438613283236
1,2,12,1.7483690352727825
1,2,13,1.4010340110630306
1,2,14,1.331369712893161
1,2,15,0.9767408001987387
1,3,1,1.0248229875289108
1,3,2,3.581161326447934
1,3,3,1.637480046528022
1,3,4,1.1968049346431253
1,3,5,1.0770735721170677
1,3,6,1.537907870481281
1,3,7,1.414687182159124
1,3,8,1.382059399961709
1,3,9,1.398406161543077
1,3,10,1.8588167791831953
1,3,11,1.8668450752820307
1,3,12,1.398592180480057
1,3,13,1.0544613891154524
1,3,14,1.1180699804464762
1,3,15,1.7193109608756214
1,4,1,1.3779258326195343
1,4,2,1.1874554297231692
1,4,3,1.468465316356447
1,4,4,1.4045799375994952
1,4,5,0.9906205993145544
1,4,6,1.1539475231721592
1,4,7,1.4166128269226779
1,4,8,1.2745407479837834
1,4,9,1.3493468848514694
1,4,10,0.9454341655278856
1,4,11,1.3348937671033847
1,4,12,1.7134437256850217
1,4,13,1.043090854185695
1,4,14,1.0396496380793012
1,4,15,1.4844238598252535
1,5,1,1.039733092010235
1,5,2,1.1360138185307938
1,5,3,1.5360216619646074
1,5,4,1.1926225814732916
1,5,5,1.5848079815760396
1,5,6,1.8488785791657303
1,5,7,1.2945394929213714
1,5,8,2.1773769520251127
1,5,9,1.3059174170137324
1,5,10,1.1183173995256033
1,5,11,1.7816022041934718
1,5,12,2.3067229598346928
1,5,13,1.7339785079320842
1,5,14,1.6524112998345575
1,5,15,1.1385589985060374
1,6,1,1.4306825065668027
1,6,2,1.2453067116549095
1,6,3,1.499266423427148
1,6,4,1.350848528705242
1,6,5,0.7733301916507977
1,6,6,1.575619835233482
1,6,7,1.3038865026037822
1,6,8,1.1628560756892727
1,6,9,1.1499862554528484
1,6,10,1.1746209144977202
1,6,11,1.3819917743610888
1,6,12,1.574538623469073
1,6,13,1.4879817838565137
1,6,14,1.4197307175071197
1,6,15,1.4450246787155088
1,7,1,1.4620843121455376
1,7,2,1.718321664479714
1,7,3,1.8645373102595317
1,7,4,1.9718787735127532
1,7,5,1.1729399619915573
1,7,6,1.2898413175996755
1,7,7,1.4471164184339367
1,7,8,1.3500616457805075
1,7,9,1.3151739394204536
1,7,10,1.382667035136132
1,7,11,1.4793216602607095
1,7,12,2.3524248504113308
1,7,13,0.9822236494210398
1,7,14,1.5721388543838275
1,7,15,1.3460253041069716
1,8,1,1.4399219633113347
1,8,2,1.4216468989593818
1,8,3,1.1753142365604685
1,8,4,1.4722332312311424
1,8,5,1.137658148740625
1,8,6,1.7608936856909876
1,8,7,1.1793250346369508
1,8,8,1.382140307598007
1,8,9,1.9431979398976418
1,8,10,1.482766018172037
1,8,11,1.3042411313040148
1,8,12,1.1769077231252452
1,8,13,0.8525456223050523
1,8,14,1.296518493321874
1,8,15,1.577123860354843
1,9,1,1.002150283227096
1,9,2,1.4950007828186946
1,9,3,1.3273079431662262
1,9,4,1.4408431572529283
1,9,5,2.0920115403280635
1,9,6,1.0348488279366341
1,9,7,1.0737741211659784
1,9,8,1.476307500764733
1,9,9,1.2817646569983028
1,9,10,1.232781637991501
1,9,11,1.3962615643338387
1,9,12,1.212423923760387
1,9,13,1.0614718825044094
1,9,14,1.2497234870493195
1,9,15,1.9988144781098474
1,10,1,1.4421086617557675
1,10,2,1.768815292828699
1,10,3,1.2024865477492908
1,10,4,1.7465447975162787
1,10,5,1.1587399873494335
1,10,6,1.0966302100695557
1,10,7,1.048266947610024
1,10,8,1.428504015236055
1,10,9,1.6903759403937797
1,10,10,1.152477860825891
1,10,11,1.0245611020388352
1,10,12,1.3053869905966755
1,10,13,1.1593034903969999
1,10,14,1.6109097015251796
1,10,15,0.9944364143248812
1,11,1,1.3785219207259702
1,11,2,1.3384125598674428
1,11,3,1.0183701886204586
1,11,4,1.6790925807568784
1,11,5,0.9562293625683153
1,11,6,1.2863394126823464
1,11,7,1.3398453171337406
1,11,8,1.2101889692366892
1,11,9,1.5741012616749295
1,11,10,1.656816325275686
1,11,11,1.3870309750254108
1,11,12,2.070029816882002
1,11,13,0.9172752614052263
1,11,14,1.0863510203952955
1,11,15,1.428939441890096
1,12,1,1.6197774019523383
1,12,2,1.1954250873754926
1,12,3,1.2689308032880295
1,12,4,1.0707554887898565
1,12,5,1.808363339278923
1,12,6,1.3525202553625197
1,12,7,0.9159656715396789
1,12,8,1.6706002248714662
1,12,9,1.2437048359353624
1,12,10,1.056200249137021
1,12,11,1.4448522564208985
1,12,12,1.1910332672128574
1,12,13,1.3099258756185745
1,12,14,1.5370132711661333
1,12,15,1.4126830962904005
1,13,1,1.1750322969535807
1,13,2,1.5716739939033617
1,13,3,1.2930947689350316
1,13,4,1.6603845819254521
1,13,5,1.3040439511158426
1,13,6,1.3613868839824923
1,13,7,1.0354354920832332
1,13,8,1.4234732369547174
1,13,9,1.1366415351311259
1,13,10,1.6642693231428383
1,13,11,1.6204187579757514
1,13,12,1.409755271631178
1,13,13,1.240854054942891
1,13,14,1.058873192412687
1,13,15,1.5018992582658564
1,14,1,1.1445114247119497
1,14,2,1.2921942088058949
1,14,3,1.1729002370852308
1,14,4,1.2747899543074792
1,14,5,1.3821453206517131
1,14,6,1.3764719106677268
1,14,7,1.3461566089816914
1,14,8,1.6481544834341624
1,14,9,1.6423565229679797
1,14,10,1.2616355453074555
1,14,11,1.5373746565163389
1,14,12,1.299896002000448
1,14,13,1.7464595925911495
1,14,14,1.338284061959912
1,14,15,1.4061916005440165
1,15,1,1.305099695606193
1,15,2,1.3103005630863982
1,15,3,1.2515030542147882
1,15,4,1.5305602166649126
1,15,5,1.3536970269690187
1,15,6,1.1605347588997181
1,15,7,1.3975153975128267
1,15,8,1.2488274632751013
1,15,9,1.2406830290858346
1,15,10,1.2276946908285757
1,15,11,1.2012034308987274
1,15,12,1.8633815446896032
1,15,13,1.4507259437469329
1,15,14,1.4275797369857195
1,15,15,1.0667102880324786
1,16,1,1.433146174462962
1,16,2,1.5057010905294754
1,16,3,1.8384452181500965
1,16,4,1.4098871787871405
1,16,5,1.290477334436868
1,16,6,1.2207834677494864
1,16,7,1.6747584611111677
1,16,8,1.4774755150371643
1,16,9,1.5687704594235372
1,16,10,1.1296365967777224
1,16,11,1.0187609538164606
1,16,12,1.2179085783924413
1,16,13,1.2483272602630469
1,16,14,1.4221491788965042
1,16,15,1.5439035082683183
1,17,1,1.5889802389219316
1,17,2,1.1349254895085217
1,17,3,1.4437606402597072
1,17,4,1.3857759606134918
1,17,5,1.3175646113570223
1,17,6,1.1270079018544956
1,17,7,1.0831299681594484
1,17,8,1.4441748918986408
1,17,9,1.3114891672142492
1,17,10,1.2981747628189058
1,17,11,1.0725742128171991
1,17,12,1.4498447704441384
1,17,13,1.6660154612965365
1,17,14,1.3048188701354602
1,17,15,1.6141914015285215
1,18,1,0.7871218069803508
1,18,2,1.0237063747901087
1,18,3,1.4743371098610218
1,18,4,1.5517234293402729
1,18,5,1.1077084323751327
1,18,6,1.6336390791201252
1,18,7,1.146384718826198
1,18,8,1.2650965241855974
1,18,9,0.9495736507885457
1,18,10,1.170131672859816
1,18,11,1.0778042036963658
1,18,12,1.2530359406672
1,18,13,1.372417283513031
1,18,14,1.0696548996257425
1,18,15,1.2609736002862773
1,19,1,1.3992166010974068
1,19,2,1.3232279962244617
1,19,3,1.1454332404276744
1,19,4,1.5719860801475767
1,19,5,1.3356198476956551
1,19,6,1.017841384671502
1,19,7,1.5565772721710014
1,19,8,1.7825641198609705
1,19,9,1.074076399572609
1,19,10,1.2870631517425741
1,19,11,1.1402356618148097
1,19,12,1.0747967753172316
1,19,13,1.343929025267374
1,19,14,1.2865157365247777
1,19,15,1.0378293463149644
1,20,1,1.4409542539696691
1,20,2,1.1730161791137768
1,20,3,1.6167971089280706
1,20,4,1.1772641819088523
1,20,5,1.214056248985955
1,20,6,1.1651136692718655
1,20,7,1.29998287290771
1,20,8,1.188372290370697
1,20,9,1.234887882331962
1,20,10,1.3924428621928684
1,20,11,1.3234790490204942
1,20,12,0.9674908564238601
1,20,13,1.616821244954291
1,20,14,1.5389257032065886
1,20,15,1.5897069559570551
1,21,1,1.4527820718728068
1,21,2,1.473255909972271
1,21,3,1.6291918776735035
1,21,4,1.1608821872528023
1,21,5,1.3268667310822566
1,21,6,0.9571487448454072
1,21,7,1.6464020611907293
1,21,8,0.9562217193426311
1,21,9,1.5911259479992204
1,21,10,1.4935293768310995
1,21,11,1.2740008185098375
1,21,12,1.987165647435203
1,21,13,1.0539438993015062
1,21,14,1.6574296499920596
1,21,15,1.1347645889530111
1,22,1,1.3961388205817125
1,22,2,1.2068085617634667
1,22,3,1.4267588695250768
1,22,4,1.661119970255843
1,22,5,1.258590453696155
1,22,6,1.940225128147539
1,22,7,1.6592861544191828
1,22,8,1.4655695794672576
1,22,9,1.2834929605920018
1,22,10,0.9820793303198396
1,22,11,1.3561345065756332
1,22,12,1.3010135770230395
1,22,13,1.3319431609946053
1,22,14,2.4173099894660215
1,22,15,1.3819848018505732
1,23,1,1.3299278707756081
1,23,2,1.6451475315376232
1,23,3,1.5064546932527916
1,23,4,1.4661528172485208
1,23,5,1.6224842753143036
1,23,6,1.4495967003642474
1,23,7,1.2076435668657297
1,23,8,1.1519581572324247
1,23,9,1.7380746415972443
1,23,10,1.5583567040459296
1,23,11,1.2145225771111465
1,23,12,1.072203040257447
1,23,13,1.541916253659978
1,23,14,1.6843000200134415
1,23,15,1.2574119106094073
1,24,1,0.9461125441432797
1,24,2,1.962612807071824
1,24,3,1.1413883790576511
1,24,4,1.6808027479597463
1,24,5,1.3413189342074707
1,24,6,1.255266481929743
1,24,7,1.1449488590960573
1,24,8,1.5292556980609107
1,24,9,1.1016279566891813
1,24,10,1.6700090130450618
1,24,11,1.2969571918647966
1,24,12,1.39207391806736
1,24,13,1.942624331887804
1,24,14,1.2996625105425341
1,24,15,1.5668277259054744
1,25,1,1.3767791463681458
1,25,2,1.738992521436556
1,25,3,0.9164294217969644
1,25,4,1.4497442042406112
1,25,5,1.4634585715611406
1,25,6,0.8560184264675309
1,25,7,1.4858181300994169
1,25,8,1.2177726524594266
1,25,9,1.9446659949971137
1,25,10,1.3800981644644568
1,25,11,1.3512693413840606
1,25,12,1.188671730466597
1,25,13,1.4984994943665009
1,25,14,1.4455185900971999
1,25,15,1.3240830856810668
1,26,1,1.1494147276323088
1,26,2,1.228359592658338
1,26,3,1.5304092465577548
1,26,4,1.6782218288450326
1,26,5,1.5623873020440036
1,26,6,1.6640033123952944
1,26,7,0.9232549301048872
1,26,8,1.665419998933924
1,26,9,2.2434140402534988
1,26,10,1.0968860416933757
1,26,11,1.0267961911614913
1,26,12,1.4869737569446664
1,26,13,1.6479003715690186
1,26,14,1.2415801950985395
1,26,15,1.689631874309506
1,27,1,1.9236304444192573
1,27,2,1.4758000088426273
1,27,3,1.7433504603592966
1,27,4,1.3691259966113885
1,27,5,1.632434766372085
1,27,6,1.08319116052936
1,27,7,1.0416396071771417
1,27,8,1.4081902684639593
1,27,9,1.3325970787510037
1,27,10,1.209094070001559
1,27,11,1.9646588748417697
1,27,12,1.3810741098807375
1,27,13,1.6045628881461327
1,27,14,1.7753874323107681
1,27,15,1.073286818184287
1,28,1,0.982730725474789
1,28,2,1.5649228803665656
1,28,3,2.0873439600083703
1,28,4,1.0079167567023188
1,28,5,1.2683595103007546
1,28,6,1.3303144269179352
1,28,7,1.271374183387831
1,28,8,0.8430624429615934
1,28,9,1.7173619368309263
1,28,10,1.1423380945583501
1,28,11,1.6946258111548866
1,28,12,1.2409406254290214
1,28,13,1.755759191415228
1,28,14,0.9997633769441047
1,28,15,1.0499571666002439
1,29,1,1.306429300082399
1,29,2,0.9683349475848405
1,29,3,2.1297652277970496
1,29,4,1.1855456397389756
1,29,5,1.4314507924985087
1,29,6,1.4079993093212573
1,29,7,0.9829620869099478
1,29,8,1.3007436901251686
1,29,9,1.1555706943185913
1,29,10,1.076058874126417
1,29,11,1.1797797589407626
1,29,12,1.1747237303093496
1,29,13,1.6157413404961543
1,29,14,1.470601884974942
1,29,15,1.3222119964867156
1,30,1,1.4761512267811097
1,30,2,1.3727024938217327
1,30,3,1.6198730241246417
1,30,4,1.3900593472758398
1,30,5,1.0598288703092824
1,30,6,1.2508328251906806
1,30,7,1.3782488787059712
1,30,8,1.121710189564244
1,30,9,1.1427096475664495
1,30,10,1.3842059941555611
1,30,11,1.113887053341731
1,30,12,1.0555640171686789
1,30,13,1.1715376872600713
1,30,14,1.7892933063290082
1,30,15,1.3707550737924787
1,31,1,1.3224792547057063
1,31,2,1.1563917610580552
1,31,3,1.3764811744143293
1,31,4,1.061433056624651
1,31,5,1.4330424131565092
1,31,6,1.3954046433834497
1,31,7,1.3055820132188956
1,31,8,0.8125115957113632
1,31,9,0.8849562244635254
1,31,10,1.844315782326012
1,31,11,1.3192236858138406
1,31,12,1.2612052745927922
1,31,13,1.0860871783686128
1,31,14,1.1060633359787446
1,31,15,1.4126722593646839
1,32,1,1.4140213768212881
1,32,2,1.282887581999422
1,32,3,1.3881181203712392
1,32,4,1.265027300449355
1,32,5,1.5686559908757147
1,32,6,1.2365111988852575
1,32,7,1.619860920760878
1,32,8,1.4530953413243886
1,32,9,1.3180691012662347
1,32,10,1.2215754616647747
1,32,11,1.3367835046655638
1,32,12,1.608232514437168
1,32,13,1.1705661643208674
1,32,14,1.588105910306019
1,32,15,1.5350169567550496
1,33,1,1.1749019466866077
1,33,2,1.482671163596046
1,33,3,1.8045889753240514
1,33,4,1.1730706804028235
1,33,5,1.3088333063828603
1,33,6,1.4261297604641052
1,33,7,1.2628777913904587
1,33,8,1.8662612291511733
1,33,9,1.3056664908849143
1,33,10,1.035489708563512
1,33,11,1.0840403528811406
1,33,12,1.4175653444235905
1,33,13,1.3076601755800767
1,33,14,1.0366940200707384
1,33,15,1.2094578961267972
1,34,1,1.5132710104462086
1,34,2,1.646514188891742
1,34,3,1.8905070509908761
1,34,4,1.501784806779266
1,34,5,1.068394842581295
1,34,6,1.393169290972547
1,34,7,1.3842979749004538
1,34,8,1.7956570989576912
1,34,9,1.2019122147171004
1,34,10,1.3189217353577518
1,34,11,1.3601402485167304
1,34,12,1.1132441799988138
1,34,13,1.244906575903302
1,34,14,0.8680527974161351
1,34,15,0.9758315342918457
1,35,1,1.5058178635589892
1,35,2,1.7110623521607438
1,35,3,1.1669208821332264
1,35,4,1.2158387972309954
1,35,5,1.1120508063902985
1,35,6,1.5224112419181703
1,35,7,1.547762571556584
1,35,8,1.5129742400227675
1,35,9,1.5365771939885924
1,35,10,1.2278698943129567
1,35,11,1.3737740983358815
1,35,12,1.2655016188139048
1,35,13,1.200592128620531
1,35,14,1.70919752528854
1,35,15,0.8626556798881414
1,36,1,1.3195402017371125
1,36,2,1.83914777572737
1,36,3,1.4479361628657135
1,36,4,1.7530113919051928
1,36,5,1.7030991494078256
1,36,6,1.4314868399334257
1,36,7,1.5732066485644522
1,36,8,1.8067354220787497
1,36,9,1.4867268808407168
1,36,10,1.3611237324569714
1,36,11,1.317624557152084
1,36,12,1.5750139631670792
1,36,13,1.419496459897452
1,36,14,0.8254141133731329
1,36,15,1.3098732811855403
1,37,1,1.1025691636848352
1,37,2,0.7454607033828982
1,37,3,1.038768223774805
1,37,4,1.4962602934694205
1,37,5,2.1469620190443046
1,37,6,1.4377552969330434
1,37,7,1.3505479160605798
1,37,8,0.8744473642393784
1,37,9,1.445165842615632
1,37,10,1.5252773996367657
1,37,11,1.3008296093875695
1,37,12,1.180635725251396
1,37,13,1.318421493861376
1,37,14,1.32631398566952
1,37,15,1.3370787045861041
1,38,1,1.2602331673597535
1,38,2,1.2799536584017563
1,38,3,1.2780387230358736
1,38,4,1.1336140479180987
1,38,5,1.3013556521135168
1,38,6,1.7270554293947835
1,38,7,1.047603556628883
1,38,8,1.7022153072267747
1,38,9,1.2296403446702169
1,38,10,1.379586345434798
1,38,11,1.1896694768562015
1,38,12,1.3269620665449091
1,38,13,1.171169059532545
1,38,14,1.4426813416629491
1,38,15,1.4196929199593273
1,39,1,1.51865898387272
1,39,2,1.582128552311554
1,39,3,1.0534038554030256
1,39,4,1.619336240647493
1,39,5,1.3117185005210936
1,39,6,1.1368278734475186
1,39,7,1.0379665547850285
1,39,8,1.104994263821973
1,39,9,1.27098949631408
1,39,10,1.4828799293008095
1,39,11,1.2296536030404877
1,39,12,1.280234727251064
1,39,13,1.2926778404960413
1,39,14,1.3307602289332772
1,39,15,0.8603695835794658
1,40,1,1.3858236217680096
1,40,2,1.4224702351675316
1,40,3,1.88895258665291
1,40,4,1.5498463274850398
1,40,5,0.9253847181162284
1,40,6,1.7166930697911467
1,40,7,1.6795411570748058
1,40,8,1.4518386271994315
1,40,9,1.323410211517268
1,40,10,1.757798252495949
1,40,11,1.3449400416920863
1,40,12,1.4757951977133068
1,40,13,1.4841366673432592
1,40,14,1.0630079096431952
1,40,15,1.5945999945002594
1,41,1,1.3785166786602512
1,41,2,1.3341370523819027
1,41,3,1.1132958930364627
1,41,4,0.5846078548021132
1,41,5,0.7540551904441208
1,41,6,1.3318581322019738
1,41,7,1.3803447499202883
1,41,8,1.1538059369990292
1,41,9,0.9794836087404916
1,41,10,0.8307684374911735
1,41,11,1.031104203752075
1,41,12,1.7353865489050124
1,41,13,1.6415038271154532
1,41,14,1.1301522296613453
1,41,15,1.538615281986717
1,42,1,2.0322881002634876
1,42,2,1.1969228251962958
1,42,3,1.7793593763737447
1,42,4,1.6526606359798621
1,42,5,1.3911019046804884
1,42,6,1.1974228101780968
1,42,7,1.7035464935219253
1,42,8,1.5690394769825187
1,42,9,2.0121344674461863
1,42,10,1.4613580724122814
1,42,11,0.9006464663138777
1,42,12,1.8075724024910935
1,42,13,1.6893679538593895
1,42,14,1.6188934328602294
1,42,15,1.5301271092423474
1,43,1,1.5120282698536531
1,43,2,1.421104868970041
1,43,3,1.5396394335960657
1,43,4,1.4094811720159024
1,43,5,1.894506430970589
1,43,6,1.466440148287903
1,43,7,2.1283837660576843
1,43,8,1.291203612560171
1,43,9,1.3859759431978096
1,43,10,1.4117960648880705
1,43,11,1.2379484085087757
1,43,12,1.2261378357213497
1,43,13,1.4818811634874456
1,43,14,1.7718537272681327
1,43,15,1.8533285873883552
1,44,1,1.4091292004296072
1,44,2,1.3541594740404908
1,44,3,1.5420913749031608
1,44,4,1.6908206007224433
1,44,5,1.1467503097750795
1,44,6,1.1771276364323982
1,44,7,1.3633038738551202
1,44,8,1.904879862130626
1,44,9,1.5297395556580458
1,44,10,1.3854959241052522
1,44,11,1.341339826171364
1,44,12,1.3873965857821062
1,44,13,1.3078205276255415
1,44,14,1.8745088182223928
1,44,15,1.3163305844124014
1,45,1,1.686792314199465
1,45,2,1.8696484535613491
1,45,3,1.7185585209322454
1,45,4,1.6186505719313313
1,45,5,1.3123098370471749
1,45,6,1.2333305580691554
1,45,7,1.4032646417822332
1,45,8,1.241555520125666
1,45,9,1.1978640716647957
1,45,10,1.523425338781654
1,45,11,1.5815709421218676
1,45,12,0.891093279117408
1,45,13,0.7242851626289689
1,45,14,1.2443265213734955
1,45,15,1.2279197201259051
1,46,1,1.5633982013989984
1,46,2,1.3154850576611872
1,46,3,1.501141841387401
1,46,4,0.9505630972861607
1,46,5,1.285812173817168
1,46,6,0.9769647656868604
1,46,7,1.1632496730695938
1,46,8,1.42335846181419
1,46,9,1.2696398368798751
1,46,10,1.479016776804138
1,46,11,1.9511822652895559
1,46,12,1.495713589739083
1,46,13,1.7398226457993204
1,46,14,1.4612832667341609
1,46,15,1.4111649019996986
1,47,1,1.8389658739602295
1,47,2,2.0985962946594534
1,47,3,1.538051178050523
1,47,4,1.4887466170523356
1,47,5,1.523456735668126
1,47,6,1.386792306118769
1,47,7,1.14336055373026
1,47,8,1.489696916218951
1,47,9,1.430591260178762
1,47,10,1.3790143409481987
1,47,11,1.470886698439355
1,47,12,1.2461307252457987
1,47,13,1.6376811270068923
1,47,14,1.581063027105846
1,47,15,1.3931398613002748
1,48,1,1.6279223541070413
1,48,2,1.43770241232118
1,48,3,1.2339740285627412
1,48,4,0.9659941320202772
1,48,5,0.8510030110492213
1,48,6,1.425974937928421
1,48,7,1.225483996330713
1,48,8,0.9143051674630103
1,48,9,1.6713459395536878
1,48,10,1.3317048092326718
1,48,11,1.7829826755214258
1,48,12,1.4615461054203258
1,48,13,0.8918213528815329
1,48,14,1.4059811847092458
1,48,15,1.4321913556404513
1,49,1,1.4961473831903915
1,49,2,1.19212036929983
1,49,3,1.7216983315107102
1,49,4,1.4025726649181067
1,49,5,1.3007498369861503
1,49,6,1.9346013333263488
1,49,7,1.1423585122453992
1,49,8,1.3818027772128383
1,49,9,1.3714567314047914
1,49,10,1.342968916755417
1,49,11,1.1468715416472857
1,49,12,1.108812662740933
1,49,13,1.2243797670913747
1,49,14,1.5752167924113265
1,49,15,1.0773920364340368
1,50,1,1.2991968210605285
1,50,2,1.1795543726671516
1,50,3,2.091911351395811
1,50,4,1.4400292593915134
1,50,5,1.8792306478236964
1,50,6,1.5007917781278015
1,50,7,1.4301042915414093
1,50,8,0.8615215064211151
1,50,9,1.3287590708596362
1,50,10,1.1260714130808813
1,50,11,1.051635026605247
1,50,12,1.6372921497549195
1,50,13,1.0072854845893742
1,50,14,2.0365668810291306
1,50,15,1.5930327511118745
1,51,1,1.2643041387794283
1,51,2,1.093605028877032
1,51,3,1.357348952496704
1,51,4,1.3576453629292742
1,51,5,1.7103239729373234
1,51,6,1.5260081138040982
1,51,7,1.6179003412867266
1,51,8,1.191798254982724
1,51,9,1.124760668770249
1,51,10,1.00503194205124
1,51,11,1.2318418139275156
1,51,12,1.5112492881545911
1,51,13,1.4123876689545207
1,51,14,1.3470582927284038
1,51,15,1.8542803763687958
1,52,1,1.5056674302260367
1,52,2,1.504234135111419
1,52,3,1.5741078277865843
1,52,4,1.5718634851094433
1,52,5,1.2375511433733832
1,52,6,1.8866832216567322
1,52,7,1.3946322743918818
1,52,8,1.6789860331196176
1,52,9,1.5404313891199108
1,52,10,1.3087129493205563
1,52,11,1.425645374910257
1,52,12,1.0922971943361028
1,52,13,1.6806587037639547
1,52,14,1.6095667718886415
1,52,15,1.429881768035504
1,53,1,1.213061374688152
1,53,2,1.4710818270103825
1,53,3,1.7662988152593626
1,53,4,1.2420855661832262
1,53,5,1.3767171576467254
1,53,6,1.706952214569327
1,53,7,1.5767767248722768
1,53,8,1.529817713010966
1,53,9,1.1684109235233315
1,53,10,1.3159672326205842
1,53,11,1.8152877555428912
1,53,12,1.4232967021015988
1,53,13,1.5450683341566973
1,53,14,1.4519615135922859
1,53,15,1.0823694567239233
1,54,1,1.135761792800783
1,54,2,1.3021218588092307
1,54,3,1.4383402998243078
1,54,4,1.7155407372000744
1,54,5,0.8585519030668808
1,54,6,1.0765867752102334
1,54,7,1.0322034916397909
1,54,8,1.2761088028799084
1,54,9,1.6343143268818576
1,54,10,1.815556379543848
1,54,11,1.6260675131517976
1,54,12,0.9482179551481521
1,54,13,1.1293488092381418
1,54,14,1.425143765150255
1,54,15,1.0404511946834443
1,55,1,1.1788393752457438
1,55,2,1.5917593763896685
1,55,3,0.9536535370991314
1,55,4,1.382259523602813
1,55,5,1.552084900198869
1,55,6,1.5004476274893357
1,55,7,1.3471725806014998
1,55,8,1.1839164663666872
1,55,9,1.5530533050823467
1,55,10,1.1704984283312723
1,55,11,1.0994942565299501
1,55,12,1.403784911418806
1,55,13,1.2737400668570218
1,55,14,1.525987545760291
1,55,15,1.3860808870361556
1,56,1,1.0725256235561027
1,56,2,1.4833146940467665
1,56,3,1.6029920553240928
1,56,4,1.5245236347313165
1,56,5,1.2591691939947032
1,56,6,1.0081447254007474
1,56,7,1.2426945757859431
1,56,8,1.4266234709178882
1,56,9,0.9315126356606542
1,56,10,1.461128404402374
1,56,11,1.6334487827505613
1,56,12,1.5991294533903435
1,56,13,1.6073929328976824
1,56,14,1.2008785855626702
1,56,15,0.9538152725441544
1,57,1,1.298666021697384
1,57,2,1.6157183439707603
1,57,3,1.24091405259617
1,57,4,1.2591210022633252
1,57,5,1.15942682991646
1,57,6,1.2960511758454194
1,57,7,1.380012561093427
1,57,8,1.409758443141148
1,57,9,1.5881673114797603
1,57,10,0.962914082212292
1,57,11,1.34325240757383
1,57,12,1.2471450094688248
1,57,13,1.0947874833763898
1,57,14,1.0496796696681996
1,57,15,1.2160206760825345
1,58,1,1.6684527442359078
1,58,2,1.7821229059355337
1,58,3,1.3678956004017393
1,58,4,1.519847371208344
1,58,5,1.7735483378307435
1,58,6,0.9330815785967167
1,58,7,1.5187730944097024
1,58,8,1.3361797517015606
1,58,9,0.8431097619549479
1,58,10,1.328973390817959
1,58,11,1.6847444719426206
1,58,12,1.168558540182274
1,58,13,1.4622158645408436
1,58,14,1.4715995964134443
1,58,15,1.7154809086336684
1,59,1,1.3400507747354407
1,59,2,1.955779621337002
1,59,3,1.5890328276595655
1,59,4,0.9298711688328157
1,59,5,1.037013085361281
1,59,6,1.3051309982632617
1,59,7,1.3468235732653335
1,59,8,1.4889321654252412
1,59,9,1.2082906710320418
1,59,10,1.2466455509593066
1,59,11,1.233930874151001
1,59,12,1.0859938116766716
1,59,13,1.3174854401034248
1,59,14,0.9277581482370436
1,59,15,1.133493294655424
1,60,1,1.3061108767599896
1,60,2,1.6355080610924921
1,60,3,1.1755493043088237
1,60,4,1.3007018630466833
1,60,5,1.443212149712714
1,60,6,1.260160516424346
1,60,7,1.6799460074547086
1,60,8,1.5075494109320833
1,60,9,1.0933499409080747
1,60,10,1.352489033336302
1,60,11,1.129141570384165
1,60,12,1.011047914724236
1,60,13,1.5206577926711558
1,60,14,1.427581991427163
1,60,15,1.590612403897495
1,61,1,1.7984394744696053
1,61,2,1.1989502717983782
1,61,3,1.178079000321663
1,61,4,1.3438982176525607
1,61,5,1.6082304669902867
1,61,6,1.3917076327255313
1,61,7,0.9130435927625515
1,61,8,1.6021694782983396
1,61,9,1.2203600525227178
1,61,10,1.6340672500797728
1,61,11,1.3722973781934538
1,61,12,1.1778026865338405
1,61,13,1.2928514408576832
1,61,14,1.449782127667259
1,61,15,1.9228655135150177
1,62,1,1.2994745205786797
1,62,2,1.4685311017782043
1,62,3,1.4070141727605685
1,62,4,0.9233638768659608
1,62,5,1.6301837821464369
1,62,6,1.1881664832747585
1,62,7,1.220566857592137
1,62,8,1.302488993301436
1,62,9,1.1170996832642215
1,62,10,1.4525628462255067
1,62,11,1.1987729770029312
1,62,12,1.0937860833537572
1,62,13,1.3197793275421699
1,62,14,0.918453515950291
1,62,15,1.5867365171804788
1,63,1,1.1002633045581112
1,63,2,2.0954652370383635
1,63,3,1.4924253539283396
1,63,4,1.5351964436696417
1,63,5,1.342695758394151
1,63,6,1.8000927414433556
1,63,7,1.525315065299848
1,63,8,1.476037661546045
1,63,9,1.9590032707673282
1,63,10,1.0041057544800196
1,63,11,1.3619178684855848
1,63,12,1.6400161111653804
1,63,13,1.2569208203198121
1,63,14,0.8469714335862366
1,63,15,1.8191537363135921
1,64,1,2.322255128645203
1,64,2,1.536055124033099
1,64,3,1.2758867586247626
1,64,4,1.7141208466244964
1,64,5,1.549600719247011
1,64,6,1.2901437507595237
1,64,7,1.2330908716680256
1,64,8,1.6885892214551825
1,64,9,1.4729385899399343
1,64,10,1.2178332111533476
1,64,11,1.1179901281085487
1,64,12,1.0503361519333998
1,64,13,1.3675239817926212
1,64,14,1.1945252832295405
1,64,15,1.550483000836352
1,65,1,1.4159400828924402
1,65,2,1.5208187041390662
1,65,3,1.2413834196199638
1,65,4,1.844364004770584
1,65,5,1.2067055358795864
1,65,6,1.2872536443585554
1,65,7,1.3978673810357392
1,65,8,1.2251953384583418
1,65,9,1.5730959701014453
1,65,10,1.3983999988021993
1,65,11,1.3661316507339671
1,65,12,1.7931801437633856
1,65,13,1.6006656881806367
1,65,14,1.5417484276902456
1,65,15,1.402031376247164
1,66,1,1.5801963583268006
1,66,2,1.2783075308657421
1,66,3,1.325047094448321
1,66,4,1.4557705311759983
1,66,5,1.5922518074987386
1,66,6,1.753986791778267
1,66,7,1.7888647756728457
1,66,8,1.0472942402332477
1,66,9,1.093570640877373
1,66,10,1.0402331423606912
1,66,11,1.1333475377291498
1,66,12,1.6282791501562661
1,66,13,1.0959341750760425
1,66,14,1.4672173390455805
1,66,15,1.3885950441307373
1,67,1,1.5547269294360442
1,67,2,1.8269544872857049
1,67,3,1.105814978074721
1,67,4,1.2496399418861392
1,67,5,1.083446394950593
1,67,6,1.4910099340074712
1,67,7,1.5365678345568057
1,67,8,1.1762626404551582
1,67,9,1.4293553857057488
1,67,10,1.216132395127343
1,67,11,1.761312031656651
1,67,12,1.252670737293587
1,67,13,0.8792034889816581
1,67,14,1.5251364753082242
1,67,15,1.5733719779244189
1,68,1,1.575270299869868
1,68,2,2.046770544493844
1,68,3,1.1357874802563732
1,68,4,1.2635412178170102
1,68,5,1.5921480511383845
1,68,6,1.635104235607862
1,68,7,1.6090370140331636
1,68,8,1.2603212450830792
1,68,9,1.0767164753645238
1,68,10,1.249799816171762
1,68,11,1.275149010662398
1,68,12,1.399775758017099
1,68,13,1.1663136131363587
1,68,14,1.538834181817876
1,68,15,1.1658303021941068
1,69,1,1.159567774497556
1,69,2,1.2360742314182172
1,69,3,1.2812230424884645
1,69,4,1.0356354637248184
1,69,5,1.2359635185745588
1,69,6,1.6417064638621917
1,69,7,1.5450558240132128
1,69,8,1.4312129374899705
1,69,9,0.8772647677101996
1,69,10,1.201267007573899
1,69,11,1.0367601885456754
1,69,12,1.2057421380235975
1,69,13,1.6822873284889353
1,69,14,1.595833799388
1,69,15,1.1911711328021968
1,70,1,1.0020757684053345
1,70,2,1.5698129664306082
1,70,3,1.9132348033550923
1,70,4,1.5501983880229868
1,70,5,1.2286780665755828
1,70,6,1.3064402915916273
1,70,7,1.5774407195551925
1,70,8,1.6124464937512015
1,70,9,0.8492196684807687
1,70,10,1.0954027846736905
1,70,11,1.3901010623817753
1,70,12,1.5294893996354144
1,70,13,1.7458245653895226
1,70,14,1.2249829367064697
1,70,15,1.6720899255757569
1,71,1,1.1223473036249976
1,71,2,1.5163466800077734
1,71,3,1.5893404833365175
1,71,4,1.6173064820709384
1,71,5,1.4093768710299022
1,71,6,1.1929277690496756
1,71,7,1.3027896250664877
1,71,8,1.7058742722978784
1,71,9,1.3387427554868183
1,71,10,1.1528317742091752
1,71,11,1.3709874465001726
1,71,12,1.6489156129897313
1,71,13,1.3007365517713674
1,71,14,1.7632581950967787
1,71,15,1.958028445156236
1,72,1,1.4646316935655677
1,72,2,1.3187836001832551
1,72,3,1.3031268689675601
1,72,4,2.102495554817741
1,72,5,1.754161693179047
1,72,6,1.6753375959803152
1,72,7,1.0680189779470515
1,72,8,0.962535339797111
1,72,9,1.879578365389207
1,72,10,1.0287192424639673
1,72,11,1.5849561302551558
1,72,12,1.2274251072298372
1,72,13,1.4526028211456974
1,72,14,1.11201317053015
1,72,15,1.4811434062033457
1,73,1,0.9047239321574283
1,73,2,1.5401161553065994
1,73,3,1.1700829594566469
1,73,4,1.457215133643218
1,73,5,1.2136708146927253
1,73,6,1.2697459591484788
1,73,7,1.8475683301213106
1,73,8,2.2161920191025697
1,73,9,1.8200505875248858
1,73,10,1.2878245776392672
1,73,11,1.1928260832946989
1,73,12,1.6503080449315168
1,73,13,1.3158217801441363
1,73,14,1.622678739874331
1,73,15,1.7823800133042753
1,74,1,1.41037481850011
1,74,2,0.932668623835976
1,74,3,1.5135281156174787
1,74,4,1.5268859651184237
1,74,5,1.4471814968343217
1,74,6,1.767208387028675
1,74,7,1.4415411059773706
1,74,8,1.4274524219114701
1,74,9,1.9184266602005462
1,74,10,1.0957457845211593
1,74,11,1.58936038690171
1,74,12,1.0773402587077552
1,74,13,0.9089467649188623
1,74,14,1.0395690299150195
1,74,15,0.794604725098617
1,75,1,1.9113066778750472
1,75,2,1.000200556026914
1,75,3,1.871250267052527
1,75,4,1.341443963277636
1,75,5,1.1461436587573428
1,75,6,1.1803176816877445
1,75,7,1.182295422331681
1,75,8,1.517636323831543
1,75,9,1.299636821707826
1,75,10,1.616224460356617
1,75,11,1.4197733065610467
1,75,12,1.33759786634149
1,75,13,1.1075939671095256
1,75,14,1.461091775764956
1,75,15,1.3713506101705555
1,76,1,1.1933005695514316
1,76,2,1.7639797154140073
1,76,3,1.4018062347187523
1,76,4,1.5519218913654154
1,76,5,1.778518009417403
1,76,6,1.4316511816825144
1,76,7,0.9460122691549161
1,76,8,1.0888128020474122
1,76,9,1.7266174918772041
1,76,10,1.9392509995999423
1,76,11,1.5014708097058724
1,76,12,1.2670561772419118
1,76,13,1.3892049194370701
1,76,14,1.6229663305662017
1,76,15,2.14698562976606
1,77,1,1.3477062222839953
1,77,2,1.6419689426474409
1,77,3,1.3407149438732038
1,77,4,1.3730418386506753
1,77,5,1.4656901333875327
1,77,6,1.7429116175865267
1,77,7,1.233379722815852
1,77,8,1.1998633878882758
1,77,9,1.3952964956577654
1,77,10,1.4364999365904036
1,77,11,1.8464352294946984
1,77,12,1.4977313735575692
1,77,13,1.520715454923455
1,77,14,1.3359405777604503
1,77,15,1.1947577211328235
1,78,1,1.6921050796557289
1,78,2,1.8472928142262643
1,78,3,1.1917508980384848
1,78,4,1.6387728389554566
1,78,5,1.9717132051205901
1,78,6,1.1934609895168673
1,78,7,1.3640862054419678
1,78,8,0.9132639324019711
1,78,9,1.0007894139429225
1,78,10,1.2655403025865972
1,78,11,1.4909628928634195
1,78,12,1.4744504679321153
1,78,13,1.207165627200477
1,78,14,1.2185470880313236
1,78,15,1.3794035069585695
1,79,1,1.406066347103366
1,79,2,1.4356377236594515
1,79,3,0.9249525179856897
1,79,4,1.4832639806439434
1,79,5,1.0047804109509761
1,79,6,1.135791986810169
1,79,7,1.298306290578847
1,79,8,0.963806966889298
1,79,9,1.4906462481937304
1,79,10,1.3893839395861027
1,79,11,1.4067257405100386
1,79,12,1.1912130952492441
1,79,13,1.7612503779538917
1,79,14,1.3940687385630246
1,79,15,1.3082836523794055
1,80,1,1.477902297639225
1,80,2,1.2682275123449473
1,80,3,1.4282449994571178
1,80,4,1.8924978947357955
1,80,5,1.1815476349177594
1,80,6,0.9769299344241192
1,80,7,1.2914084670544665
1,80,8,1.7327843522034303
1,80,9,1.606346002535997
1,80,10,0.9317001791526947
1,80,11,0.9388979973510352
1,80,12,1.1467819659970493
1,80,13,1.7857721903862385
1,80,14,1.1701340503908382
1,80,15,1.1214929995737657
1,81,1,1.411684930367277
1,81,2,1.0971303949587563
1,81,3,1.1894683779317365
1,81,4,1.3603341018856305
1,81,5,1.3560486406073626
1,81,6,3.6636582657559567
1,81,7,1.065963050659299
1,81,8,1.06903629632026
1,81,9,0.9245660700887923
1,81,10,1.443700743263108
1,81,11,1.1426316646390489
1,81,12,1.6193637317895002
1,81,13,1.2573642846508726
1,81,14,1.4344736452598221
1,81,15,1.4082887569513811
1,82,1,1.311947525047057
1,82,2,1.3684033356823415
1,82,3,1.3416404010822194
1,82,4,0.8416715987226913
1,82,5,1.1645474395782995
1,82,6,1.2068264174153553
1,82,7,1.7164783536212167
1,82,8,1.5944309543773638
1,82,9,1.6274486824183716
1,82,10,1.5568208769853846
1,82,11,1.3064669644451834
1,82,12,1.688948414323683
1,82,13,1.2829543188968942
1,82,14,1.9514383314987174
1,82,15,1.3977628023230058
1,83,1,1.6085503646041373
1,83,2,1.2133020108402568
1,83,3,1.1897306736880557
1,83,4,1.2853795404514357
1,83,5,1.2355171987681481
1,83,6,0.9453545656853442
1,83,7,1.234358216832841
1,83,8,1.6340288753433274
1,83,9,1.4084609864829076
1,83,10,1.2188101992252263
1,83,11,1.0947517438187047
1,83,12,1.2940101978751768
1,83,13,1.3858959695397617
1,83,14,1.2598928022366709
1,83,15,1.5143273610615706
1,84,1,1.3078747244539994
1,84,2,1.5262465046537386
1,84,3,1.9862716467185544
1,84,4,1.8845223072337756
1,84,5,1.5692431921053516
1,84,6,2.2143743259975355
1,84,7,1.2366156677420885
1,84,8,1.5447969527437917
1,84,9,1.1894865397011067
1,84,10,1.831056982385391
1,84,11,1.4200628821718675
1,84,12,1.2365007109527226
1,84,13,1.121178530967509
1,84,14,1.6749266051364518
1,84,15,1.504579411345572
1,85,1,1.9051311378932287
1,85,2,2.0253789343762456
1,85,3,1.5314365861133596
1,85,4,1.4610744274769256
1,85,5,1.7637460409266668
1,85,6,1.4984311930136636
1,85,7,1.0215299940323925
1,85,8,1.4625034746373167
1,85,9,1.3541251965180678
1,85,10,1.7612221600600957
1,85,11,2.1341937789863787
1,85,12,1.3081712956399731
1,85,13,1.5497007845659552
1,85,14,2.010021303297326
1,85,15,1.6200348973678678
1,86,1,1.926656543392143
1,86,2,1.4047049050693154
1,86,3,1.8392267142112195
1,86,4,2.0039813299524805
1,86,5,1.3484082786754483
1,86,6,1.4049361232207866
1,86,7,1.6826583916985125
1,86,8,1.462970899971211
1,86,9,1.809595186218854
1,86,10,1.4793778873623953
1,86,11,1.5963755932519348
1,86,12,0.9225315721362926
1,86,13,0.9329151740173935
1,86,14,2.0697129975951274
1,86,15,1.3637376237512302
1,87,1,1.8302869046621302
1,87,2,1.4903659590985099
1,87,3,0.6732721447637554
1,87,4,1.1677216172663152
1,87,5,1.531586999177927
1,87,6,1.579673911399152
1,87,7,1.5079738279562842
1,87,8,1.6269611342054169
1,87,9,2.0157000899051267
1,87,10,1.9982685733789067
1,87,11,2.2073197361103274
1,87,12,1.7192455556786825
1,87,13,1.486782086616893
1,87,14,2.008389721851014
1,87,15,1.3178254269093552
1,88,1,1.577488418688465
1,88,2,2.016765287115762
1,88,3,2.124703943909665
1,88,4,1.5531291131605123
1,88,5,1.8424024996462616
1,88,6,2.221522105388604
1,88,7,1.8859077707303031
1,88,8,1.853702391876558
1,88,9,2.0995995644602976
1,88,10,1.6168915088466178
1,88,11,1.24810328967543
1,88,12,1.335678059260301
1,88,13,1.2874348769772035
1,88,14,1.2227224626738113
1,88,15,1.8425356200993426
1,89,1,1.7832928587226058
1,89,2,1.4360847929827707
1,89,3,1.3931302700411765
1,89,4,1.4567503793703913
1,89,5,1.387550883824049
1,89,6,1.270656164664627
1,89,7,1.6122656377900064
1,89,8,1.1869944788531877
1,89,9,2.242368278993514
1,89,10,1.380994164474932
1,89,11,1.8990315729758966
1,89,12,1.5621759963484882
1,89,13,1.71196542764128
1,89,14,1.3613794503373382
1,89,15,1.2422694857691479
1,90,1,1.9674764877614628
1,90,2,1.7042962171508584
1,90,3,1.5666434149748691
1,90,4,1.7703678849121143
1,90,5,1.8959950232046614
1,90,6,1.977080304832135
1,90,7,2.0876837164028306
1,90,8,1.9933595432547677
1,90,9,1.9231179095308741
1,90,10,1.3747277443121104
1,90,11,1.957554750740491
1,90,12,1.5251495073709098
1,90,13,1.6237365276910622
1,90,14,1.570945997420748
1,90,15,1.0567266289265118
1,91,1,1.7271200602758736
1,91,2,1.341073548026406
1,91,3,1.467820070446392
1,91,4,2.019784867000713
1,91,5,1.572094193544053
1,91,6,1.7788203199242434
1,91,7,1.4536576944462003
1,91,8,1.1672751555822567
1,91,9,1.644893418477466
1,91,10,1.870263183111143
1,91,11,1.498160917643678
1,91,12,1.2645531282616118
1,91,13,1.728355973712234
1,91,14,1.7468801695951788
1,91,15,1.7003675881408298
1,92,1,1.3356296471880025
1,92,2,1.690406243438866
1,92,3,1.4629294350181568
1,92,4,1.4352855023973363
1,92,5,1.718958258117075
1,92,6,2.4520437208816883
1,92,7,3.7033769095895654
1,92,8,1.3769983136309778
1,92,9,1.7320403493828256
1,92,10,0.9111670363383013
1,92,11,1.4433768608881992
1,92,12,1.4455401965247798
1,92,13,1.4774856823493243
1,92,14,1.5519813796380173
1,92,15,1.0275900621287732
1,93,1,1.9053083224474707
1,93,2,1.216257316512532
1,93,3,1.2679261021310668
1,93,4,1.6302399389991384
1,93,5,1.7998130400706347
1,93,6,1.137613593374184
1,93,7,1.6862785027716165
1,93,8,1.2606520261729166
1,93,9,1.723235710294925
1,93,10,2.051035200521156
1,93,11,1.702076011840479
1,93,12,1.6712076191626903
1,93,13,1.5203223329555806
1,93,14,1.5783333424799522
1,93,15,1.3507016335768107
1,94,1,1.7959569252958298
1,94,2,2.0084732718143194
1,94,3,1.4653627924798618
1,94,4,1.185126872368586
1,94,5,1.4468278132433752
1,94,6,1.718168632508892
1,94,7,1.3549972321354768
1,94,8,1.6242956357289342
1,94,9,1.2771848593416133
1,94,10,1.1686539445093553
1,94,11,1.7816212781864271
1,94,12,1.3808722986853272
1,94,13,1.3278719120003954
1,94,14,1.8138629715468269
1,94,15,1.7238329643137424
1,95,1,1.2198738190423033
1,95,2,1.993459844549256
1,95,3,1.2240872367431157
1,95,4,1.6715403707838403
1,95,5,0.7308376936459194
1,95,6,1.0809431522909785
1,95,7,1.2478670564532688
1,95,8,1.2945876383862145
1,95,9,0.9033139996353973
1,95,10,1.7454273876508855
1,95,11,1.5597880845419003
1,95,12,1.6259436969089802
1,95,13,1.417590245150228
1,95,14,1.4341234925870026
1,95,15,0.9240178279950624
1,96,1,1.7449694103152404
1,96,2,1.3298637296780913
1,96,3,0.7325820720251289
1,96,4,1.5985751032472222
1,96,5,1.6518390590483685
1,96,6,1.3986788953085552
1,96,7,1.6520466997852372
1,96,8,1.1191193584604158
1,96,9,1.4098342873863854
1,96,10,1.5149686277021952
1,96,11,1.7058869822733116
1,96,12,1.3717045914925305
1,96,13,0.9937305779186333
1,96,14,1.769203795628425
1,96,15,1.5413632625367524
1,97,1,1.7372390768325223
1,97,2,1.7893835826404405
1,97,3,1.475726638205616
1,97,4,1.5758937158302233
1,97,5,1.322820277507275
1,97,6,1.8989765563683736
1,97,7,1.5820930205063162
1,97,8,1.5858012921444529
1,97,9,1.2105281689668794
1,97,10,1.1249221905533822
1,97,11,1.5221359835313764
1,97,12,1.4274842776607892
1,97,13,1.7139148498210706
1,97,14,1.0237774470379222
1,97,15,1.3251345777702443
1,98,1,1.7321633186872283
1,98,2,1.1942779112234208
1,98,3,0.9202768959054667
1,98,4,1.401371858099793
1,98,5,1.1313022919352707
1,98,6,1.271177708010495
1,98,7,1.06726964862721
1,98,8,0.8077905910597454
1,98,9,1.4750474336128268
1,98,10,1.0706845764651638
1,98,11,1.8172697282336296
1,98,12,1.4494847898171286
1,98,13,1.1705781441177376
1,98,14,1.5697007944445516
1,98,15,1.6332090496620617
1,99,1,1.312666955002403
1,99,2,1.6531448921024177
1,99,3,1.0585497843595382
1,99,4,1.6536048221123334
1,99,5,1.8866638892300127
1,99,6,1.6104323573745623
1,99,7,1.425793242725375
1,99,8,1.17647219650803
1,99,9,1.4499593292672244
1,99,10,1.6459815785432284
1,99,11,1.6009240152700275
1,99,12,1.4251599943181592
1,99,13,1.6466302061766436
1,99,14,1.9564120217211374
1,99,15,1.6778861341394276
1,100,1,1.5441208864871954
1,100,2,1.3287535529622045
1,100,3,1.3672340509002514
1,100,4,1.8224928874337942
1,100,5,1.8313797257505557
1,100,6,2.1245416854198553
1,100,7,1.4775753285813298
1,100,8,1.6321680419226277
1,100,9,1.150424436354458
1,100,10,1.5042080509948752
1,100,11,1.4401082812542831
1,100,12,1.6321793224024999
1,100,13,1.6648546680385659
1,100,14,0.9838513926972715
1,100,15,1.3824385398982246
1,101,1,1.607650568444448
1,101,2,1.4527122654136713
1,101,3,1.231632104148418
1,101,4,1.4241469581800117
1,101,5,1.8063462145734885
1,101,6,1.5720853646121118
1,101,7,1.336774014565106
1,101,8,1.7347921698063524
1,101,9,1.5678428935624051
1,101,10,1.6486126731975355
1,101,11,1.573416401769119
1,101,12,1.495237237305707
1,101,13,1.5719944752565982
1,101,14,1.4449686608177628
1,101,15,1.8258465841178622
1,102,1,0.8733102025802865
1,102,2,1.4491882094133217
1,102,3,1.5581790261612158
1,102,4,1.168107047644966
1,102,5,1.5226144666078743
1,102,6,1.2108442600397384
1,102,7,1.4265541722845645
1,102,8,1.5187350548359042
1,102,9,1.3933572767844804
1,102,10,1.653397197077737
1,102,11,1.636594467467697
1,102,12,1.5773789704788785
1,102,13,1.7613619754000676
1,102,14,1.6558324807646045
1,102,15,2.2564491577193695
1,103,1,1.3001742178744249
1,103,2,1.3592282716787671
1,103,3,1.908547493766103
1,103,4,1.366200334988807
1,103,5,1.209564024849731
1,103,6,2.0194148762137423
1,103,7,1.3622929485207178
1,103,8,1.0054422762165018
1,103,9,0.8872880555511372
1,103,10,1.3302348930562082
1,103,11,1.3319305419472796
1,103,12,1.4167143013234098
1,103,13,1.6003896680365055
1,103,14,2.2447172818831578
1,103,15,1.8268803709164703
1,104,1,1.6884663747081807
1,104,2,1.7149214607534011
1,104,3,1.8763397779592574
1,104,4,1.820381775305474
1,104,5,1.7168412995525888
1,104,6,1.3141972197673513
1,104,7,1.2052040873063041
1,104,8,1.5058917650709747
1,104,9,0.8238967156048737
1,104,10,1.3170188074331888
1,104,11,1.3026351440367032
1,104,12,1.012557446142952
1,104,13,1.8392342225628906
1,104,14,1.7623035891821641
1,104,15,1.5124819415821638
1,105,1,1.1073175272780427
1,105,2,1.8728497392423593
1,105,3,2.280538158928398
1,105,4,1.73882166458759
1,105,5,1.7690966574225453
1,105,6,0.8765412850182497
1,105,7,1.4128178284344324
1,105,8,0.7490981306137581
1,105,9,1.5852685440264076
1,105,10,1.805339067487628
1,105,11,1.462445495498365
1,105,12,1.0052206574663474
1,105,13,1.466353814434983
1,105,14,2.150995397142151
1,105,15,1.8786040538793853
1,106,1,2.120012053951855
1,106,2,1.4405408739355703
1,106,3,1.4900120904345016
1,106,4,1.3538891449666857
1,106,5,1.2274553222149054
1,106,6,2.003507285682693
1,106,7,1.635221245274223
1,106,8,1.4968926383508314
1,106,9,2.075270622206106
1,106,10,0.9570164271480697
1,106,11,1.2555583298914148
1,106,12,1.2490942659154918
1,106,13,1.49169806112289
1,106,14,1.6558407335266936
1,106,15,1.0060963693224738
1,107,1,0.6715101445521687
1,107,2,1.36591242833686
1,107,3,1.131462458092521
1,107,4,1.6531579297611967
1,107,5,1.6159999760656376
1,107,6,1.7159247378993638
1,107,7,1.289740045147183
1,107,8,0.6899995794047025
1,107,9,1.0621709424031458
1,107,10,2.2000135778843855
1,107,11,1.8165612979631078
1,107,12,0.8897141586138619
1,107,13,1.0390375324128525
1,107,14,1.4809509600391602
1,107,15,1.6861750872694614
1,108,1,1.1930070956783787
1,108,2,1.8588673135091265
1,108,3,1.6493520816951297
1,108,4,1.5843461052167447
1,108,5,1.473268481423915
1,108,6,1.2637465557020586
1,108,7,1.5681195288702539
1,108,8,1.584520131916196
1,108,9,1.5914446398582505
1,108,10,0.9373491498368649
1,108,11,1.5487596120703055
1,108,12,1.2285451017612703
1,108,13,2.553068158737945
1,108,14,1.5503983924041935
1,108,15,1.1657599047460103
1,109,1,1.2421847741240837
1,109,2,1.7196970174986799
1,109,3,1.5321852412507864
1,109,4,1.4782939668131414
1,109,5,1.6015992385508866
1,109,6,1.1547456038688377
1,109,7,1.5311448236700171
1,109,8,1.7445351127714004
1,109,9,1.564647011720924
1,109,10,1.5651368653774795
1,109,11,1.6284643837741941
1,109,12,1.3696768920563802
1,109,13,1.8521995239737035
1,109,14,1.0626596223988025
1,109,15,1.5905099380230439
1,110,1,0.9697017586419818
1,110,2,1.4155770309270919
1,110,3,1.7410199247129448
1,110,4,1.6725877291635005
1,110,5,1.8942306264787403
1,110,6,1.926993259969131
1,110,7,1.7079193121670366
1,110,8,1.5181416013057878
1,110,9,1.6016665997196742
1,110,10,1.6949206865760618
1,110,11,1.2950541066337207
1,110,12,1.6186563415601143
1,110,13,1.626928671940396
1,110,14,0.965964985510611
1,110,15,1.1192283464523212
1,111,1,1.528968361956929
1,111,2,2.0613172487288627
1,111,3,1.5901604927449402
1,111,4,1.411951733385949
1,111,5,1.388664201853135
1,111,6,1.0224987843715236
1,111,7,0.9448478106546719
1,111,8,1.298943976150399
1,111,9,1.434215513586235
1,111,10,2.3773364558733223
1,111,11,1.5985274601163073
1,111,12,1.4861091772891108
1,111,13,1.1768538304667295
1,111,14,0.9368092115612418
1,111,15,1.1086531493252976
1,112,1,1.5351620493120088
1,112,2,1.603371060165819
1,112,3,1.594660495030259
1,112,4,2.107785448672374
1,112,5,1.5101510236816593
1,112,6,1.2985972836206134
1,112,7,1.531174536710788
1,112,8,1.4686600039050073
1,112,9,1.9839393343920395
1,112,10,1.5867955185525495
1,112,11,2.434175650699274
1,112,12,1.552105779073626
1,112,13,1.1810303024782256
1,112,14,1.055594908695055
1,112,15,0.9522000268139957
1,113,1,1.062040958902089
1,113,2,1.1785341218711733
1,113,3,1.531236495127636
1,113,4,1.360785584528934
1,113,5,1.1981111069314723
1,113,6,1.6713238244321929
1,113,7,1.7719206136356458
1,113,8,1.872154625065545
1,113,9,1.1057144950809878
1,113,10,1.4438072113446923
1,113,11,1.629612484081144
1,113,12,1.6094000807759279
1,113,13,1.211430586336436
1,113,14,1.3140081133784227
1,113,15,1.4795687533669353
1,114,1,1.8965892257676378
1,114,2,1.5511902433167393
1,114,3,0.9987153714779229
1,114,4,1.5925647886021468
1,114,5,1.33462482295204
1,114,6,1.6293372551461034
1,114,7,1.6307085832740142
1,114,8,1.4453972268368191
1,114,9,1.5100795354671777
1,114,10,1.9476070872059277
1,114,11,1.5139075956824917
1,114,12,1.70043640623727
1,114,13,1.7007011411878832
1,114,14,1.523161762158598
1,114,15,1.3555324566621192
1,115,1,1.6167391200864694
1,115,2,1.1810828267318427
1,115,3,1.8356657230970757
1,115,4,1.7873980206981426
1,115,5,1.6923764763446987
1,115,6,1.216381500766275
1,115,7,1.7617758749548604
1,115,8,1.5556873888866858
1,115,9,1.685661993506803
1,115,10,1.6531479208854016
1,115,11,1.3113168131946042
1,115,12,2.0458581865841707
1,115,13,1.6049354345523597
1,115,14,1.8286159797395751
1,115,15,1.2510438937011064
1,116,1,1.379400310996038
1,116,2,1.4503601271321176
1,116,3,1.8899013493320855
1,116,4,1.7697999386869667
1,116,5,1.8620379493539916
1,116,6,1.5321167301795968
1,116,7,1.6812924789826105
1,116,8,1.7200290149596156
1,116,9,1.7404492084590455
1,116,10,1.2823438752504246
1,116,11,1.5948718370528296
1,116,12,1.5457412978445753
1,116,13,1.5246258219376048
1,116,14,1.5570456956155014
1,116,15,1.5355289002894343
1,117,1,1.7610512273030448
1,117,2,1.5071418555103637
1,117,3,1.9421329829051837
1,117,4,1.5725682026472005
1,117,5,0.9062756693754017
1,117,6,0.9440369728756183
1,117,7,1.2155317293643888
1,117,8,0.8515467361172532
1,117,9,1.323696426343937
1,117,10,1.460377342861759
1,117,11,1.43015137276515
1,117,12,1.4451306629148863
1,117,13,1.4568465086581333
1,117,14,1.5849368209372219
1,117,15,1.5402451599845755
1,118,1,1.841742975432723
1,118,2,1.240985678922271
1,118,3,1.3252652484394067
1,118,4,1.1523019364447
1,118,5,1.6329216443179253
1,118,6,1.6942953240492797
1,118,7,1.5795242830275529
1,118,8,1.8625789663229106
1,118,9,1.630629574090789
1,118,10,0.9754830994691248
1,118,11,1.8683119975559757
1,118,12,0.7537881441988638
1,118,13,1.137273507759517
1,118,14,1.4045688598405353
1,118,15,1.6482139825285882
1,119,1,1.6887420652604634
1,119,2,1.370356160989248
1,119,3,1.4724815798213986
1,119,4,1.4295182272408453
1,119,5,1.9517962111727827
1,119,6,1.470952125677238
1,119,7,1.5881989281985527
1,119,8,1.6041239292531306
1,119,9,1.7567699173243163
1,119,10,1.546934170741204
1,119,11,1.670282006387403
1,119,12,1.3954464736610397
1,119,13,1.7286941417894428
1,119,14,1.5064675317078529
1,119,15,1.53307813976801
1,120,1,1.2640735299752341
1,120,2,1.4211024964905616
1,120,3,1.2014661812696301
1,120,4,1.7920007444161863
1,120,5,1.8634869755408772
1,120,6,1.9999691360653413
1,120,7,1.5805577628384113
1,120,8,1.4240646953280494
1,120,9,1.6469029281702348
1,120,10,1.3668023294286211
1,120,11,1.661122235055268
1,120,12,0.9571112555336996
1,120,13,1.355019356548371
1,120,14,1.5718830284105363
1,120,15,1.2160059295973535
1,121,1,1.049214029652431
1,121,2,1.424062783218345
1,121,3,1.4589030453782708
1,121,4,1.3647285589893876
1,121,5,0.8251778105522554
1,121,6,2.2590652187962044
1,121,7,1.5947286847519513
1,121,8,1.5253674106072024
1,121,9,1.253047794362989
1,121,10,1.8011281349909338
1,121,11,1.4448518272071709
1,121,12,1.2579288617322493
1,121,13,1.4353649483847435
1,121,14,2.2582856075425535
1,121,15,1.2442610721165899
1,122,1,1.6121462807671867
1,122,2,1.8481702925731895
1,122,3,1.4884498677172384
1,122,4,1.6825585291296552
1,122,5,1.4301741370177201
1,122,6,1.2351084540166042
1,122,7,1.5306667624444208
1,122,8,1.2087130640970427
1,122,9,1.7928084028718858
1,122,10,1.914207949371814
1,122,11,1.6553350665205497
1,122,12,1.4671655408347486
1,122,13,1.3797290669073323
1,122,14,0.9235945157628694
1,122,15,1.6401074697136833
1,123,1,1.0344599150050398
1,123,2,1.270586073463384
1,123,3,1.0485887834697671
1,123,4,1.629328764952712
1,123,5,1.2229318363324104
1,123,6,1.376136575791242
1,123,7,1.173324426276834
1,123,8,1.6197147204598714
1,123,9,1.6631348571052949
1,123,10,1.4765231800654428
1,123,11,1.2853537009618228
1,123,12,1.1137296400518593
1,123,13,1.5980961428350537
1,123,14,1.40666007390065
1,123,15,1.4832099095157958
1,124,1,1.6777001484485465
1,124,2,1.8159581701302667
1,124,3,1.2943213697209734
1,124,4,1.5929661682350544
1,124,5,1.5067770036985517
1,124,6,1.0890191065976345
1,124,7,1.5077695649320948
1,124,8,1.7245447519831418
1,124,9,1.4006515831579698
1,124,10,1.197489580664838
1,124,11,1.9506463679997068
1,124,12,1.3082410944506493
1,124,13,1.8353669038004048
1,124,14,1.7380317261303178
1,124,15,1.513080509968703
1,125,1,1.5836598469446452
1,125,2,1.0034544306407491
1,125,3,1.3713185643105925
1,125,4,1.3692705724261198
1,125,5,2.0012485117287193
1,125,6,1.4453613151533524
1,125,7,1.3734339975782082
1,125,8,1.775195004283053
1,125,9,1.6326168957105796
1,125,10,1.1832913357826764
1,125,11,2.005481893381065
1,125,12,1.0468782300732256
1,125,13,1.470472622547235
1,125,14,1.2694892148839063
1,125,15,1.8383866548641468
2,1,1,1.8530365937288464
2,1,2,1.2274859375673752
2,1,3,1.6295569198644504
2,1,4,1.3489347657377966
2,1,5,1.7117003708479268
2,1,6,1.2062198758801337
2,1,7,1.4889510929680472
2,1,8,1.2591944565416084
2,1,9,1.6841108757232461
2,1,10,1.5658202422493357
2,1,11,1.2974637160515945
2,1,12,1.639415943302615
2,1,13,1.0724867843471573
2,1,14,1.589789992268456
2,1,15,1.733742014166397
2,2,1,1.322591365096044
2,2,2,1.3579492324085922
2,2,3,1.0602657667964677
2,2,4,1.622128790024014
2,2,5,1.0189874557163308
2,2,6,1.5459411050177967
2,2,7,1.0668664332506526
2,2,8,1.4847669369197083
2,2,9,1.5088974412686829
2,2,10,1.4543624710043153
2,2,11,1.5550371988853122
2,2,12,1.6064133059473527
2,2,13,1.3174188550020727
2,2,14,1.5284221707402619
2,2,15,1.3919413152511115
2,3,1,1.2122250451853749
2,3,2,1.383896102475649
2,3,3,1.415846131220664
2,3,4,1.4021231162232315
2,3,5,1.5099284637415928
2,3,6,1.5698570410205517
2,3,7,1.2610608061593251
2,3,8,1.2062058541717382
2,3,9,1.3101431939006556
2,3,10,1.3951727478239702
2,3,11,1.416657589801871
2,3,12,1.0506348844065139
2,3,13,1.361273456657781
2,3,14,0.9334576005839561
2,3,15,1.2370644156749677
2,4,1,1.6894369280752608
2,4,2,1.4973517640705991
2,4,3,1.2247764551179925
2,4,4,1.5644251061302963
2,4,5,1.1880622815636321
2,4,6,1.55827415096967
2,4,7,1.1399902093436391
2,4,8,1.2713573866494163
2,4,9,1.5766926324532493
2,4,10,1.441958285847435
2,4,11,2.130166986853303
2,4,12,1.2911204947421209
2,4,13,1.2116330982575638
2,4,14,1.1796696521660923
2,4,15,1.4142119440479335
2,5,1,1.268785819047531
2,5,2,1.8154274665483003
2,5,3,1.292186081828903
2,5,4,1.0548193723290775
2,5,5,1.8329258661660233
2,5,6,1.1675252322851628
2,5,7,1.1352701031091113
2,5,8,1.668243376900579
2,5,9,1.7401253458092356
2,5,10,1.174793102945788
2,5,11,1.5490281186657588
2,5,12,1.0358336766215044
2,5,13,1.9191828206285875
2,5,14,1.5425921006370307
2,5,15,1.685603910899731
2,6,1,1.5170134989870658
2,6,2,1.9666173364399107
2,6,3,1.7509338275502282
2,6,4,0.9612984262120624
2,6,5,1.6502310315159447
2,6,6,1.365226172409902
2,6,7,1.1457685742957593
2,6,8,1.2121845829479905
2,6,9,1.9531519965016795
2,6,10,1.5014252961078571
2,6,11,1.830078067790347
2,6,12,1.8374068043942597
2,6,13,1.2934815026362567
2,6,14,1.3721088721662584
2,6,15,1.400301224574761
2,7,1,1.747951424190695
2,7,2,2.5694377282088983
2,7,3,1.147779335382259
2,7,4,1.3030879453831932
2,7,5,1.7475003567473197
2,7,6,1.2010371337988397
2,7,7,1.4058988870725864
2,7,8,1.5574293713010239
2,7,9,1.3826914600844062
2,7,10,1.4730341235062345
2,7,11,1.7540524366551065
2,7,12,0.9639284576333382
2,7,13,1.4552060760471515
2,7,14,1.0455429957594096
2,7,15,1.0954311630846665
2,8,1,1.6634740618302346
2,8,2,1.3241234863041318
2,8,3,1.0566627413398078
2,8,4,1.326808359375025
2,8,5,1.926463757808721
2,8,6,1.9562705035263823
2,8,7,1.2250544357769195
2,8,8,1.4602970414564793
2,8,9,1.3221456303612176
2,8,10,1.195246943951111
2,8,11,1.6739018612870944
2,8,12,1.6879528987781407
2,8,13,1.7966531875113108
2,8,14,1.3455324958674577
2,8,15,1.5608955993770537
2,9,1,1.5924811290662966
2,9,2,1.3082935779061098
2,9,3,1.13281680599668
2,9,4,1.3400246111196839
2,9,5,1.4024006450650526
2,9,6,1.3036631656960567
2,9,7,1.698909807784446
2,9,8,1.411264478971415
2,9,9,1.256173368189002
2,9,10,1.4697336312546743
2,9,11,1.198359119419602
2,9,12,1.499896304145414
2,9,13,1.3580830289273678
2,9,14,1.3181985182306426
2,9,15,1.077632288770815
2,10,1,1.917551203084601
2,10,2,1.4972336216234157
2,10,3,1.4820894907208721
2,10,4,1.636263686014542
2,10,5,1.4486495802537949
2,10,6,0.8432051163705099
2,10,7,1.2501698177763105
2,10,8,1.7051959901238063
2,10,9,1.0653344916804925
2,10,10,1.044370742508006
2,10,11,1.0623212322345588
2,10,12,0.9434072636593879
2,10,13,1.3130442948677028
2,10,14,1.1424010116529182
2,10,15,1.2184680444970983
2,11,1,0.9188898814864888
2,11,2,1.2480030141704594
2,11,3,1.4819423749480607
2,11,4,1.592681460313977
2,11,5,1.7685594228143757
2,11,6,1.0543198700601277
2,11,7,1.222750200351266
2,11,8,1.1304228427251397
2,11,9,1.6065640646300487
2,11,10,1.7118629511571215
2,11,11,1.3460010772591624
2,11,12,1.467131613507065
2,11,13,1.1568210459696024
2,11,14,0.8711873904458172
2,11,15,1.5960337916894516
2,12,1,1.190044318997958
2,12,2,1.2300496019025036
2,12,3,1.3074688872839408
2,12,4,1.100122631568943
2,12,5,1.2193537830931958
2,12,6,1.0712465566619147
2,12,7,2.190122046383482
2,12,8,0.9134380113507351
2,12,9,1.1821345638203173
2,12,10,1.3632715729234377
2,12,11,1.410794790553673
2,12,12,1.4340422016144705
2,12,13,1.7922862543124365
2,12,14,1.4284564632640522
2,12,15,1.0887213777552895
2,13,1,1.7423990288083275
2,13,2,1.5239125567371221
2,13,3,1.06619935968368
2,13,4,1.652841965304659
2,13,5,0.9490398961806452
2,13,6,1.4668368472349382
2,13,7,0.9476457713845207
2,13,8,1.2010373646946717
2,13,9,1.1216456004440707
2,13,10,1.092065078191452
2,13,11,0.6795333806931482
2,13,12,1.403847526563607
2,13,13,1.570031780567681
2,13,14,0.9215396721905108
2,13,15,1.0946059407923567
2,14,1,1.6209924513505605
2,14,2,0.9536781025148802
2,14,3,1.378391521448775
2,14,4,1.2687109093385227
2,14,5,1.6688548598131543
2,14,6,1.405298662147794
2,14,7,0.9683039704877596
2,14,8,0.7962478739898976
2,14,9,1.2644459209463277
2,14,10,1.1473312806391684
2,14,11,1.3666639346427845
2,14,12,1.6188971072568497
2,14,13,1.4027767731800154
2,14,14,1.1766122130502814
2,14,15,1.086041981644963
2,15,1,1.6441551690666563
2,15,2,1.0113325348856732
2,15,3,1.54945712076202
2,15,4,1.226026645563792
2,15,5,1.641215121797863
2,15,6,1.4392751142658688
2,15,7,1.0907912037788592
2,15,8,1.303191321005671
2,15,9,1.5235090562580635
2,15,10,1.3210205650381948
2,15,11,1.1783545726441365
2,15,12,1.4446417262142566
2,15,13,1.7060577599304745
2,15,14,0.8057532289555479
2,15,15,1.3504609928722107
2,16,1,1.7299431577394728
2,16,2,1.6338362839869849
2,16,3,1.0577996178202786
2,16,4,1.5391095498658445
2,16,5,1.242584912570235
2,16,6,1.2405856053490527
2,16,7,1.3100447975425067
2,16,8,2.1814688072527137
2,16,9,1.2151166846047041
2,16,10,0.9297578267442044
2,16,11,1.4983221616178537
2,16,12,1.4491684523568027
2,16,13,1.4487234858207716
2,16,14,1.5964457629659825
2,16,15,1.0972236941525453
2,17,1,1.7591531386576758
2,17,2,1.1102330046800046
2,17,3,1.462847344394138
2,17,4,1.9483541591577644
2,17,5,1.75262156565476
2,17,6,1.2837984056481824
2,17,7,1.468319324020975
2,17,8,1.5599869881910413
2,17,9,1.5656048871463555
2,17,10,1.3869513116391732
2,17,11,1.48717852179514
2,17,12,1.3110230164897965
2,17,13,1.4216683401664756
2,17,14,1.585490285563903
2,17,15,1.7173104598510984
2,18,1,1.0114109548314962
2,18,2,0.9672330675451736
2,18,3,0.8784118836418132
2,18,4,1.5665323241163074
2,18,5,0.9262812176535402
2,18,6,1.24743023669172
2,18,7,0.9377506654715191
2,18,8,1.030096990489335
2,18,9,1.4595314404760527
2,18,10,1.610294890665059
2,18,11,1.3501457042094878
2,18,12,1.700122864726697
2,18,13,1.7633353049383456
2,18,14,1.3467693137142478
2,18,15,1.0904524395642312
2,19,1,1.0935533623939064
2,19,2,1.6867804003251656
2,19,3,1.5815466380780174
2,19,4,1.0123095915604594
2,19,5,0.9370440321519682
2,19,6,1.3511208487519606
2,19,7,1.341247765163751
2,19,8,1.4959391483593332
2,19,9,1.813258074620639
2,19,10,1.4545854010925268
2,19,11,1.350191551521017
2,19,12,1.2783767743441379
2,19,13,1.632404984969955
2,19,14,1.4486436960340419
2,19,15,1.0973406736442555
2,20,1,1.7980828127057538
2,20,2,1.049057673990133
2,20,3,1.3808548352320682
2,20,4,0.7765218959935403
2,20,5,1.2278489997050175
2,20,6,1.0895894428465456
2,20,7,1.101334025159012
2,20,8,1.1248640875289442
2,20,9,1.605979535995486
2,20,10,1.2432151982482866
2,20,11,1.151222112883553
2,20,12,0.9735196891299666
2,20,13,0.9943857777843673
2,20,14,0.9817951268623999
2,20,15,1.2860686190230324
2,21,1,1.004028290818847
2,21,2,1.0919695337797304
2,21,3,1.2605920589522632
2,21,4,1.2087705183576671
2,21,5,1.396685312425387
2,21,6,0.8703720923550631
2,21,7,1.7200882816648393
2,21,8,0.9018953235500242
2,21,9,1.3471886568813192
2,21,10,0.6346845963346192
2,21,11,0.9163235945061825
2,21,12,1.3689579626477781
2,21,13,0.7488017513245697
2,21,14,0.6807730834844739
2,21,15,1.1114100772757385
2,22,1,1.4032670633480253
2,22,2,1.5319434777969039
2,22,3,1.6837949014390632
2,22,4,1.8676149042519916
2,22,5,1.7725568828348464
2,22,6,1.3249951519872039
2,22,7,1.6434752019101346
2,22,8,1.5330743932240456
2,22,9,1.4431370864170119
2,22,10,1.5638572099578356
2,22,11,1.347867173768242
2,22,12,1.340122768589243
2,22,13,1.0939759934863091
2,22,14,0.9348432093292792
2,22,15,1.2030123867172124
2,23,1,1.4422206894272425
2,23,2,1.7785538558650817
2,23,3,1.1610628782665215
2,23,4,1.6348933414034441
2,23,5,1.7707098359564812
2,23,6,1.6655914032905224
2,23,7,1.5222258400714805
2,23,8,1.4093382103609065
2,23,9,1.819564017653648
2,23,10,1.7037456708558532
2,23,11,1.2150244356691766
2,23,12,1.135354706289515
2,23,13,1.0001408632426003
2,23,14,1.4706331709142486
2,23,15,1.3170112196762274
2,24,1,1.1533903796005176
2,24,2,1.669103633707373
2,24,3,1.4341017935542801
2,24,4,1.9360607371637752
2,24,5,1.8609799082687248
2,24,6,1.4724118953565888
2,24,7,1.4742592388468674
2,24,8,2.051410933455682
2,24,9,0.8064147750098987
2,24,10,1.5399539691130093
2,24,11,1.4691935341810556
2,24,12,1.578280130896887
2,24,13,1.5222412017455358
2,24,14,1.0912661102781072
2,24,15,1.5341733466422862
2,25,1,1.598990518568323
2,25,2,0.9880344071599174
2,25,3,1.0357770777916868
2,25,4,1.4962662405564966
2,25,5,1.374856586257738
2,25,6,1.5479960373761918
2,25,7,1.530985486895906
2,25,8,1.6829943974897221
2,25,9,1.4091030916781726
2,25,10,1.257418973870426
2,25,11,1.4705362529135808
2,25,12,2.0940529360789135
2,25,13,1.0796263766853127
2,25,14,1.2694249382969853
2,25,15,1.7342905078060766
2,26,1,1.651296324809412
2,26,2,1.5018591373117745
2,26,3,1.3449366198317234
2,26,4,1.2324434651440888
2,26,5,1.2957777967615751
2,26,6,1.59493042542197
2,26,7,1.050040256436856
2,26,8,1.4003269731511192
2,26,9,0.7701789262922842
2,26,10,1.2205223581932594
2,26,11,1.5185391107781918
2,26,12,1.6940657448942011
2,26,13,1.4138423777227687
2,26,14,1.6862216474544454
2,26,15,2.2450747878494375
2,27,1,1.1225940906772343
2,27,2,1.6228937450653778
2,27,3,1.4091119208384553
2,27,4,1.321157073944965
2,27,5,1.4780527119741413
2,27,6,1.5868555790738055
2,27,7,0.7818349897385872
2,27,8,1.4061784830888406
2,27,9,1.6716508857665568
2,27,10,1.3098620332002966
2,27,11,1.5459610055264967
2,27,12,1.6769796694071368
2,27,13,1.9108817258845678
2,27,14,1.3639006182222562
2,27,15,1.6147185212815287
2,28,1,1.4536012073270166
2,28,2,1.3481421977287307
2,28,3,0.9505551480367398
2,28,4,1.2084546306138892
2,28,5,1.4931311921949655
2,28,6,1.4050836232488129
2,28,7,1.353883273662303
2,28,8,1.255048275608679
2,28,9,1.6384824621289713
2,28,10,1.5016006330425382
2,28,11,1.7777073955629517
2,28,12,1.1658801790965538
2,28,13,1.1042511750772253
2,28,14,1.7115693325601502
2,28,15,1.2175826093648952
2,29,1,1.196734391401548
2,29,2,1.6985318577748763
2,29,3,1.4602731492232923
2,29,4,1.1409459329593554
2,29,5,1.0365706277223763
2,29,6,1.4367229367355852
2,29,7,1.4447404865640565
2,29,8,1.312347623925078
2,29,9,1.5622532775939957
2,29,10,1.446451007736206
2,29,11,1.4157989976300984
2,29,12,1.6007036773572476
2,29,13,1.266888340479163
2,29,14,1.0695105368801692
2,29,15,1.2193378208866554
2,30,1,1.1897766821266997
2,30,2,1.1477465569268075
2,30,3,1.1354585972815487
2,30,4,1.6540143396247686
2,30,5,1.1488259386681061
2,30,6,1.6249432980110479
2,30,7,1.0585233046258637
2,30,8,0.8279122317034251
2,30,9,1.3385519233460268
2,30,10,1.491390278520703
2,30,11,1.5449984927908398
2,30,12,1.2599924513151224
2,30,13,1.241343965248634
2,30,14,1.2809817462757913
2,30,15,1.7592518837636786
2,31,1,1.4381817738559675
2,31,2,1.8429103256610078
2,31,3,1.1558879273020621
2,31,4,1.328742980605448
2,31,5,1.5241155160690574
2,31,6,2.254641234194074
2,31,7,0.878705587136754
2,31,8,1.2044761491212017
2,31,9,1.4690512775714322
2,31,10,1.023054689096827
2,31,11,2.279778163249174
2,31,12,1.0184919763318718
2,31,13,1.1286043136895494
2,31,14,1.7138824700314503
2,31,15,1.283816007722483
2,32,1,1.3025034697021458
2,32,2,1.5219050252757593
2,32,3,1.4706162259494584
2,32,4,1.446508646939596
2,32,5,1.4962041467142695
2,32,6,1.105942813099671
2,32,7,1.7948468310148213
2,32,8,1.6302164287746137
2,32,9,1.4640073524423252
2,32,10,1.1780487651410547
2,32,11,1.128115717704933
2,32,12,1.724842640109109
2,32,13,1.4541331860766793
2,32,14,1.4119793458147627
2,32,15,1.5727347890938108
2,33,1,1.4263037010895996
2,33,2,1.2975538645195954
2,33,3,1.5718120386588756
2,33,4,1.017980893969815
2,33,5,1.3959165192128036
2,33,6,1.3886574879972087
2,33,7,1.1674851388869458
2,33,8,1.5062162855822252
2,33,9,1.2871954840151316
2,33,10,1.5785833597031917
2,33,11,1.490147250641739
2,33,12,1.3225305366573006
2,33,13,1.1286974242823922
2,33,14,1.6003323900581905
2,33,15,1.0178168395930391
2,34,1,1.2714793627455114
2,34,2,1.6974824322273927
2,34,3,1.2265081763716466
2,34,4,1.3839206485357434
2,34,5,1.2748248471426653
2,34,6,0.9827828020182064
2,34,7,1.4775536351913314
2,34,8,1.0264986266583869
2,34,9,1.3485186067523252
2,34,10,1.5252888168196193
2,34,11,1.252648367972593
2,34,12,1.211635071663942
2,34,13,1.184726249935585
2,34,14,1.5101488825780662
2,34,15,1.2454026998508922
2,35,1,1.55640766450286
2,35,2,1.3174417146602289
2,35,3,0.9094143652504929
2,35,4,1.795629356646532
2,35,5,1.1666473338318628
2,35,6,1.3313995896838091
2,35,7,0.8876270211859408
2,35,8,1.3321517145584332
2,35,9,1.1868955581435747
2,35,10,1.5449330258735627
2,35,11,1.3131648991190776
2,35,12,1.6073509632709984
2,35,13,1.2037666696818525
2,35,14,1.6580378345878661
2,35,15,1.1933299809434978
2,36,1,1.3672791055766411
2,36,2,1.5421187715054816
2,36,3,1.603886616479925
2,36,4,1.0757317442880472
2,36,5,1.0881237734657803
2,36,6,1.4333059671037331
2,36,7,1.1881672431413064
2,36,8,1.5979858256479718
2,36,9,1.4791642838050558
2,36,10,1.3239928416372764
2,36,11,1.3402499295908084
2,36,12,1.3943877966417269
2,36,13,1.5718086320950477
2,36,14,1.5216387536622604
2,36,15,1.688209947365912
2,37,1,1.252274490861385
2,37,2,1.144312315486379
2,37,3,0.812270592113788
2,37,4,0.8927438932476761
2,37,5,1.372107481566243
2,37,6,1.1513555180379431
2,37,7,1.4320086563373913
2,37,8,1.098059865643516
2,37,9,1.1361293603789768
2,37,10,1.7064198036845935
2,37,11,1.5569210164040352
2,37,12,1.9759059508477435
2,37,13,0.8396882032581099
2,37,14,1.370692550477029
2,37,15,1.4959925853573202
2,38,1,1.0063044560237877
2,38,2,1.4142277612374607
2,38,3,1.4563688121893235
2,38,4,1.331640961647706
2,38,5,1.668430227913148
2,38,6,1.3107282672080163
2,38,7,1.1406430911174863
2,38,8,0.9006828169017518
2,38,9,1.2130241437118496
2,38,10,1.0846330151838486
2,38,11,0.8881007673598582
2,38,12,1.5284164669090046
2,38,13,1.586918440734577
2,38,14,0.8050827511528974
2,38,15,1.0992751788337447
2,39,1,1.4885374662202955
2,39,2,1.0992487496079835
2,39,3,0.8573688215691768
2,39,4,1.4594723955502105
2,39,5,1.1379785512510012
2,39,6,1.413385193271291
2,39,7,0.9325985481416493
2,39,8,1.3151032974709556
2,39,9,1.3055194988819556
2,39,10,1.2697246071233679
2,39,11,1.164395572084121
2,39,12,1.539918237107983
2,39,13,1.420668500984623
2,39,14,1.340708981307969
2,39,15,1.1105371385048683
2,40,1,1.3119235870336758
2,40,2,1.1583283878058415
2,40,3,1.1207932602013932
2,40,4,0.8930646647785045
2,40,5,1.2462998465898028
2,40,6,1.9697325643359107
2,40,7,1.109569295019428
2,40,8,1.3583664023343482
2,40,9,1.3386433407850733
2,40,10,1.3033822243067992
2,40,11,1.8379596493904282
2,40,12,1.546071038398825
2,40,13,1.3944039226475304
2,40,14,0.9711820055481236
2,40,15,1.311746560953942
2,41,1,1.3465661341574153
2,41,2,1.4008352143015386
2,41,3,1.6933736669222301
2,41,4,0.929588191610402
2,41,5,1.423454628779349
2,41,6,1.0165783029179425
2,41,7,1.7737500981464718
2,41,8,1.3371961660306821
2,41,9,1.3211952481086675
2,41,10,1.4086564924722988
2,41,11,1.6618455969974781
2,41,12,1.7614558818738724
2,41,13,1.1969673535952174
2,41,14,1.549228706638216
2,41,15,1.3122705825721204
2,42,1,1.5464495997140149
2,42,2,1.364598595386873
2,42,3,2.0777010537344904
2,42,4,1.7337340365863918
2,42,5,1.655647628250597
2,42,6,1.6189379074615915
2,42,7,1.2396966371222706
2,42,8,1.7055107739276933
2,42,9,1.1476384338956018
2,42,10,1.6671870186015092
2,42,11,1.732298436640871
2,42,12,1.4245341076017917
2,42,13,1.8148756852825938
2,42,14,1.7927219525551923
2,42,15,1.6761351689315767
2,43,1,1.8680656201674544
2,43,2,1.7511901460951056
2,43,3,1.5795637197383479
2,43,4,1.3048838821470485
2,43,5,1.1705566911198015
2,43,6,1.236691079540677
2,43,7,1.4654101216885391
2,43,8,1.9877844653693397
2,43,9,1.8632273011368976
2,43,10,1.8509499491404386
2,43,11,1.2805734150159958
2,43,12,1.6806204917126444
2,43,13,1.712557338992863
2,43,14,1.0694469187452493
2,43,15,1.3376103048466776
2,44,1,1.7821548598651276
2,44,2,1.8600240956815233
2,44,3,1.6538515232106852
2,44,4,1.2466415663137391
2,44,5,1.3044447027729018
2,44,6,1.5153330104562537
2,44,7,1.8884128539099945
2,44,8,1.5376132056110752
2,44,9,1.7400009298905195
2,44,10,1.3707352037678713
2,44,11,1.5748323574114904
2,44,12,0.9451022399696536
2,44,13,1.8375874575956999
2,44,14,1.8445761910922547
2,44,15,1.429311365425041
2,45,1,1.6446748980486214
2,45,2,1.5379045000552354
2,45,3,1.594835515453891
2,45,4,1.1037352456255836
2,45,5,1.160013078656775
2,45,6,1.2315337273637477
2,45,7,1.50278680668378
2,45,8,1.6808249622947344
2,45,9,1.139257696224831
2,45,10,1.602237263115711
2,45,11,1.2046097543411072
2,45,12,1.4739067251089961
2,45,13,1.4305905131890404
2,45,14,1.2254527557155654
2,45,15,1.6577211582948448
2,46,1,1.344281506752649
2,46,2,1.9707266680913922
2,46,3,1.220192156993925
2,46,4,1.468501541530947
2,46,5,1.2000817620215807
2,46,6,1.5123069140566636
2,46,7,1.4162295195323507
2,46,8,1.7055919337414385
2,46,9,1.1753405798276713
2,46,10,1.7792509525777425
2,46,11,1.0208812993746457
2,46,12,1.7995786800800633
2,46,13,1.1918549245084262
2,46,14,1.4246589883337657
2,46,15,1.974194676899969
2,47,1,2.098894830177062
2,47,2,1.4458393768155022
2,47,3,1.3907622778231084
2,47,4,1.2948882660242258
2,47,5,1.2092307338219357
2,47,6,1.1182331705471527
2,47,7,1.1467311024837663
2,47,8,1.2770746033782843
2,47,9,1.4049709314577967
2,47,10,1.9181204992164762
2,47,11,1.5114734631688596
2,47,12,1.5817479095258247
2,47,13,1.3591851706158182
2,47,14,1.341423226724708
2,47,15,1.3093652108006104
2,48,1,1.555009774042767
2,48,2,1.2567410040703528
2,48,3,1.2243346934768293
2,48,4,1.6800064161221084
2,48,5,1.446579162288746
2,48,6,1.2922084828064067
2,48,7,1.4001367035873398
2,48,8,1.7432680363498478
2,48,9,1.1644193312496596
2,48,10,1.5227657612689083
2,48,11,1.5136210179212197
2,48,12,1.481576659443792
2,48,13,0.809445108651659
2,48,14,1.5256455177720776
2,48,15,1.1661292699057026
2,49,1,1.6986891689652737
2,49,2,1.299332011361673
2,49,3,1.7072444077049393
2,49,4,1.5249547005361699
2,49,5,1.6732141880892746
2,49,6,1.3089697969228336
2,49,7,1.1594301495854047
2,49,8,1.5850612975312042
2,49,9,1.6674765496908792
2,49,10,1.5842947211941347
2,49,11,1.7772658388509393
2,49,12,1.144079840477445
2,49,13,1.282242778535132
2,49,14,1.068919388696075
2,49,15,1.5500219126549748
2,50,1,1.50561294680125
2,50,2,1.4609176011910703
2,50,3,1.0713231694408174
2,50,4,1.2493628524876157
2,50,5,1.6539126383444978
2,50,6,1.766332820904248
2,50,7,1.4857689736690998
2,50,8,1.638306808022282
2,50,9,1.2402860132839824
2,50,10,1.7731496773128075
2,50,11,1.6854639427872844
2,50,12,1.445720280736379
2,50,13,0.9449211582776211
2,50,14,1.3487483704277754
2,50,15,1.0617661844630841
2,51,1,1.4964331694620006
2,51,2,1.4477469103054412
2,51,3,1.057989910270905
2,51,4,1.033316238016908
2,51,5,1.0833518039802839
2,51,6,1.4765912427115213
2,51,7,1.547002318008373
2,51,8,1.9381642267517507
2,51,9,1.3062468568759746
2,51,10,1.79453294978711
2,51,11,1.3969713212000474
2,51,12,1.4479060074017573
2,51,13,1.5401258392303532
2,51,14,1.2683499491959604
2,51,15,1.483760240516292
2,52,1,0.9431461753636705
2,52,2,1.281954708191423
2,52,3,1.6802066989690947
2,52,4,1.3858192011381785
2,52,5,1.69826481270411
2,52,6,1.3882207302102336
2,52,7,1.1070701344709835
2,52,8,1.3755481269036012
2,52,9,1.4781726997643934
2,52,10,1.1541330781615426
2,52,11,1.43118163594739
2,52,12,1.434238489834943
2,52,13,1.4862127025419363
2,52,14,1.9636374870682258
2,52,15,1.1130614998326598
2,53,1,2.128401393704184
2,53,2,1.196222974245611
2,53,3,1.770961086058808
2,53,4,1.4135744989390377
2,53,5,1.7551975591627074
2,53,6,1.2926860699868972
2,53,7,1.6860678902958373
2,53,8,1.3303649521931271
2,53,9,1.7270247685485003
2,53,10,1.3836103299489675
2,53,11,1.761088158060026
2,53,12,1.2564598657227253
2,53,13,1.4456205191502802
2,53,14,1.3615649223678727
2,53,15,1.5063850410098067
2,54,1,1.215443626607368
2,54,2,1.6102202126227876
2,54,3,1.4001567057366653
2,54,4,1.193056317443527
2,54,5,1.412331089267245
2,54,6,0.970579812609189
2,54,7,1.2511935149844164
2,54,8,0.8579090352382329
2,54,9,1.5860338120239783
2,54,10,1.2669106347225658
2,54,11,1.0276943269453298
2,54,12,1.2592006122645407
2,54,13,1.3435876696240074
2,54,14,0.7379825283831055
2,54,15,1.3971543938425588
2,55,1,1.6588066317205032
2,55,2,2.006067789277273
2,55,3,1.5767525989928095
2,55,4,1.8612862655588749
2,55,5,1.3936102872590415
2,55,6,1.4577741006959928
2,55,7,1.337901921745951
2,55,8,1.3310674542609087
2,55,9,0.8799202193315968
2,55,10,1.5883809536295657
2,55,11,1.1224552473346727
2,55,12,1.7373021670978404
2,55,13,1.6258682496648125
2,55,14,1.280903760484328
2,55,15,1.2947424517427057
2,56,1,1.4659856706817906
2,56,2,1.5738561327779208
2,56,3,1.6194098933392091
2,56,4,1.1678776808042255
2,56,5,1.3126317112472692
2,56,6,0.9947939675767308
2,56,7,0.7698539612605417
2,56,8,1.588378386901867
2,56,9,1.5157165971344269
2,56,10,1.5514582369235552
2,56,11,1.4535899018670146
2,56,12,1.263173790922257
2,56,13,1.2145971516359926
2,56,14,1.4530683981381132
2,56,15,1.6808312455784102
2,57,1,1.075226706223778
2,57,2,1.227164239897303
2,57,3,0.8491888642717315
2,57,4,1.5023444322728907
2,57,5,1.2867038329948077
2,57,6,1.6495330678174984
2,57,7,1.3701755120712096
2,57,8,1.608123770143994
2,57,9,1.5899789080311564
2,57,10,1.3919284116915631
2,57,11,1.5376155648171215
2,57,12,1.571696374535228
2,57,13,1.4319296243308306
2,57,14,1.4631402891490264
2,57,15,1.0728772906543231
2,58,1,1.1566129206492513
2,58,2,1.2087114940458727
2,58,3,1.6707372914161844
2,58,4,1.3556113872218394
2,58,5,0.8761653729760651
2,58,6,1.277703500711797
2,58,7,1.148536685582558
2,58,8,1.8594548612925985
2,58,9,1.541014684592425
2,58,10,1.2761426257891904
2,58,11,1.6232103387462054
2,58,12,1.2340122471886112
2,58,13,1.361063371788241
2,58,14,1.3634239562198005
2,58,15,1.4902991654432454
2,59,1,1.385901257704202
2,59,2,1.761473446814119
2,59,3,2.011016707987276
2,59,4,1.0136038300989978
2,59,5,1.6807569029134477
2,59,6,1.2120156132937057
2,59,7,1.3099067418189707
2,59,8,1.0844473950959865
2,59,9,1.246455837086691
2,59,10,1.1148574556881332
2,59,11,1.5868990264944072
2,59,12,1.141730449303167
2,59,13,1.0684256217695371
2,59,14,1.3045595276796809
2,59,15,1.7796341969389176
2,60,1,1.2819828209012745
2,60,2,1.7547518511045297
2,60,3,1.0468618190357828
2,60,4,1.4093859037573346
2,60,5,1.31971961440439
2,60,6,1.0714937020662088
2,60,7,1.1351013371103653
2,60,8,1.2165131331354542
2,60,9,1.5217920548031991
2,60,10,1.1535189582796637
2,60,11,1.1154699600549753
2,60,12,1.8386752937267874
2,60,13,1.0379698053308708
2,60,14,1.4986972574850421
2,60,15,0.9582134192943251
2,61,1,1.7797356610495407
2,61,2,1.1587095312154878
2,61,3,1.6768637938088586
2,61,4,1.167667596413153
2,61,5,1.0434333434091525
2,61,6,1.8163362866557027
2,61,7,1.490986631073055
2,61,8,1.0948474006626792
2,61,9,1.518035924710286
2,61,10,1.3490385731882757
2,61,11,1.3784064782164784
2,61,12,1.2000993174059986
2,61,13,1.3236723128362362
2,61,14,1.2678799692609937
2,61,15,1.1510321114136526
2,62,1,1.7212051033604956
2,62,2,1.128483716130647
2,62,3,1.0801330204134933
2,62,4,1.1550400829804417
2,62,5,1.1677110948539178
2,62,6,0.9436625050913314
2,62,7,1.3334120124584141
2,62,8,1.627862688746229
2,62,9,0.6845501779516933
2,62,10,0.9462257912252857
2,62,11,1.6068201084875127
2,62,12,1.5802618210012367
2,62,13,0.9221698448752323
2,62,14,1.2394975020309724
2,62,15,1.1905433381797157
2,63,1,2.064044478819352
2,63,2,1.6784613891335185
2,63,3,1.874422114073801
2,63,4,1.2992294760584344
2,63,5,1.899105815861873
2,63,6,1.350280634390315
2,63,7,1.9309506970556174
2,63,8,1.6239027503120367
2,63,9,1.666849757261602
2,63,10,1.6242056665632554
2,63,11,1.5715793080736915
2,63,12,1.3838953945220283
2,63,13,1.4276144403523063
2,63,14,1.3834059042008247
2,63,15,1.4165380637797857
2,64,1,1.4424834579629406
2,64,2,1.3559840513263146
2,64,3,1.1730269749791724
2,64,4,1.4472435720586816
2,64,5,1.50407094378751
2,64,6,1.9325558923490822
2,64,7,1.6167642232007349
2,64,8,1.9922427035017818
2,64,9,1.3941309570255647
2,64,10,1.293845987013498
2,64,11,1.8160555847695883
2,64,12,1.4917953533683364
2,64,13,1.7822385775032612
2,64,14,1.9471696105483336
2,64,15,1.6799967968433205
2,65,1,1.2887554308745575
2,65,2,1.2604506507517246
2,65,3,1.6267578538182543
2,65,4,1.6887089219263844
2,65,5,1.0710153353056093
2,65,6,1.2079015142336431
2,65,7,1.630274544317084
2,65,8,1.205607826904536
2,65,9,1.2597721144859373
2,65,10,1.318229295601036
2,65,11,1.7801851773701611
2,65,12,1.9300264150481992
2,65,13,1.1197964027048675
2,65,14,1.6339670692452566
2,65,15,1.3137578015062283
2,66,1,1.4242157658707972
2,66,2,1.7013946286389414
2,66,3,1.1293924282265901
2,66,4,1.196186644400953
2,66,5,1.9930646407034434
2,66,6,1.460854879538469
2,66,7,2.2553188171638054
2,66,8,1.5095858351262763
2,66,9,1.283432434600108
2,66,10,1.5371816895782442
2,66,11,1.6756039622459356
2,66,12,1.585250161805295
2,66,13,1.614226180878488
2,66,14,1.3852473328631787
2,66,15,1.507895282741059
2,67,1,1.670813414380156
2,67,2,2.0881897267512084
2,67,3,1.7423469784099215
2,67,4,1.6526854074505375
2,67,5,1.211147199623144
2,67,6,1.3974327741320711
2,67,7,1.4308795040585724
2,67,8,1.4735568150081715
2,67,9,1.5892884404969752
2,67,10,1.3952364790722973
2,67,11,1.138095562233237
2,67,12,1.5514761144956777
2,67,13,1.6977450048285638
2,67,14,1.7113045258675692
2,67,15,1.2423599046089526
2,68,1,1.360819851647379
2,68,2,1.4423244993015585
2,68,3,1.0326718678715119
2,68,4,1.4574232371271374
2,68,5,1.7605243818248473
2,68,6,0.8367365935930896
2,68,7,0.8583753773002897
2,68,8,1.3683494778400833
2,68,9,1.1345519857262538
2,68,10,1.2531095611363892
2,68,11,1.2605276195679838
2,68,12,1.3683029487459155
2,68,13,1.4738284822072576
2,68,14,1.5359176525696698
2,68,15,1.2731290363546937
2,69,1,1.4043816572262844
2,69,2,1.3667419337953468
2,69,3,1.4679619744778332
2,69,4,1.8525242422596782
2,69,5,1.3739629178190198
2,69,6,1.6538116189621188
2,69,7,1.5464404198799677
2,69,8,1.5232445419750666
2,69,9,1.5134515752149882
2,69,10,1.4875013999263496
2,69,11,1.4598070452619636
2,69,12,1.3257455436536956
2,69,13,1.3920173035314662
2,69,14,1.633007810687134
2,69,15,1.1998314871287894
2,70,1,1.9455183207947486
2,70,2,1.0267909660500842
2,70,3,1.6314956693779241
2,70,4,1.4707601062071407
2,70,5,1.7510008837326634
2,70,6,1.2942991652158493
2,70,7,1.3497169589992963
2,70,8,1.7870715087622258
2,70,9,1.298259159594923
2,70,10,1.7130774465062912
2,70,11,1.4356384070081611
2,70,12,1.4101998938398357
2,70,13,0.9397034385852296
2,70,14,1.454286506644346
2,70,15,0.7227442715128028
2,71,1,1.6691629182663905
2,71,2,1.2112064969540561
2,71,3,1.7499742885447565
2,71,4,1.2928741596975457
2,71,5,1.4142087815649753
2,71,6,1.1491085324980173
2,71,7,2.054619307881087
2,71,8,2.3241549890261815
2,71,9,1.7253706282987666
2,71,10,1.8321302862046012
2,71,11,1.5830503530702942
2,71,12,1.5222787023971784
2,71,13,1.2660140078838404
2,71,14,1.1917719327745941
2,71,15,1.5426635277516791
2,72,1,1.5960323357480974
2,72,2,1.2496818706403725
2,72,3,1.2576883538303278
2,72,4,1.5270414959833094
2,72,5,1.309673727424805
2,72,6,1.5264857543727428
2,72,7,1.4684671456220142
2,72,8,1.5185014789080817
2,72,9,0.9157703246883883
2,72,10,2.1529313041271125
2,72,11,1.0912677952506875
2,72,12,1.3634883845123507
2,72,13,1.4016868234230118
2,72,14,1.2618108751836339
2,72,15,1.6110565387509033
2,73,1,1.5672194324791942
2,73,2,1.597985167413215
2,73,3,1.5798865873642949
2,73,4,1.4330378769138292
2,73,5,1.414489039903492
2,73,6,1.471848253452925
2,73,7,0.9663918043075992
2,73,8,1.2184553860580563
2,73,9,1.0793654034097155
2,73,10,1.458473321750343
2,73,11,1.52066632325099
2,73,12,1.6442489733234231
2,73,13,1.4819075041636862
2,73,14,1.6294203732073786
2,73,15,1.0375490016340312
2,74,1,1.4375311989382797
2,74,2,1.0894486128321843
2,74,3,1.2449946183597023
2,74,4,1.4652021231118324
2,74,5,1.353986089270053
2,74,6,1.3571280464971727
2,74,7,1.587853952132209
2,74,8,1.6863501898675157
2,74,9,1.5244944597457084
2,74,10,1.5416572331206406
2,74,11,1.231040707039566
2,74,12,1.0024810395493853
2,74,13,1.0965723334191393
2,74,14,1.4560077049900801
2,74,15,1.862369371256674
2,75,1,1.4920396264369338
2,75,2,1.5676624237964907
2,75,3,1.4445420591448834
2,75,4,1.356735176402375
2,75,5,1.5232397997937352
2,75,6,1.1427150185108994
2,75,7,1.2026170665240536
2,75,8,1.9495949214263564
2,75,9,1.7278166088082305
2,75,10,1.480756703741125
2,75,11,1.1972364062766976
2,75,12,1.8704443260846824
2,75,13,1.0499051832617068
2,75,14,1.2470935268828431
2,75,15,1.794297914420808
2,76,1,1.128208354308214
2,76,2,1.6951766889292676
2,76,3,1.6174883505035698
2,76,4,1.5479802451698814
2,76,5,2.077459911588539
2,76,6,1.537798365031408
2,76,7,1.7936713083631768
2,76,8,1.0196032442952967
2,76,9,1.028068492714214
2,76,10,1.4285993805688464
2,76,11,1.2000053989314778
2,76,12,1.8403503253534845
2,76,13,2.097748466442099
2,76,14,1.448677791067795
2,76,15,1.211985163270402
2,77,1,1.395067824544442
2,77,2,1.0769328301092012
2,77,3,1.4627865909427022
2,77,4,1.1621266344516865
2,77,5,1.5368794273879536
2,77,6,1.3300386650781713
2,77,7,1.470971272955006
2,77,8,1.0065859698876587
2,77,9,1.7374575870452054
2,77,10,1.6652180179008682
2,77,11,1.0311265635692666
2,77,12,1.2559169752066395
2,77,13,1.5596435725005513
2,77,14,1.5570146373685658
2,77,15,1.5412003798571716
2,78,1,1.5599811044724412
2,78,2,1.4912620789449031
2,78,3,1.1985109899323116
2,78,4,1.3831002352513013
2,78,5,1.365707172471648
2,78,6,1.7315265973270777
2,78,7,1.766148658735532
2,78,8,1.3932720085073753
2,78,9,1.6968752796159672
2,78,10,0.934257487916379
2,78,11,1.2468626491507446
2,78,12,1.1479844842289408
2,78,13,1.3320268350302595
2,78,14,1.833975428206088
2,78,15,1.4946318495148565
2,79,1,1.209354761841154
2,79,2,1.1299326807569972
2,79,3,1.189174679209551
2,79,4,1.1080459352001857
2,79,5,1.1914508414046343
2,79,6,1.4129023728687913
2,79,7,1.7401909045798258
2,79,8,1.0969182300846525
2,79,9,1.6452659248719217
2,79,10,1.2985048146925326
2,79,11,1.056193078816451
2,79,12,1.3443420259850352
2,79,13,1.3135828464208024
2,79,14,1.408837373209804
2,79,15,1.2675685150215041
2,80,1,1.2631712300108586
2,80,2,1.8061615428834419
2,80,3,1.4712767089698506
2,80,4,1.201575578673896
2,80,5,1.1243891932816898
2,80,6,1.5616946392776605
2,80,7,1.3764068488010532
2,80,8,1.0946032344880414
2,80,9,1.577683787415711
2,80,10,1.2998831355011156
2,80,11,1.6106763708125713
2,80,12,0.9016269617275188
2,80,13,1.0129453151473518
2,80,14,1.530262458027516
2,80,15,1.443387545814631
2,81,1,1.4092100826176124
2,81,2,1.114275243975403
2,81,3,1.382265323854516
2,81,4,1.2283380122285272
2,81,5,1.5362250871172203
2,81,6,1.5183061445839978
2,81,7,1.6562130199845004
2,81,8,1.5837614981435368
2,81,9,1.4099049021730097
2,81,10,1.646399598315579
2,81,11,0.8742038376394056
2,81,12,1.780237453074637
2,81,13,1.3375876484392675
2,81,14,1.644406624267749
2,81,15,1.2899823917931952
2,82,1,1.629786092693572
2,82,2,1.8903968616029359
2,82,3,1.4288934225008003
2,82,4,1.2801650398148279
2,82,5,0.8390097030270263
2,82,6,1.010619481872936
2,82,7,1.1338697753623161
2,82,8,1.3230777462955445
2,82,9,1.2020448378070143
2,82,10,1.4604848074240373
2,82,11,0.9908640444389631
2,82,12,1.158790191012184
2,82,13,1.6600069401481767
2,82,14,0.9902633812453163
2,82,15,1.2848322755557677
2,83,1,1.5375653604679533
2,83,2,1.174295073297279
2,83,3,1.269261350242958
2,83,4,1.347213005261621
2,83,5,2.0613770047643696
2,83,6,1.424668502434529
2,83,7,1.3451894349465348
2,83,8,1.4451655417879834
2,83,9,1.1983944958013122
2,83,10,1.3388361156579567
2,83,11,1.3418485376496356
2,83,12,1.588266902422536
2,83,13,1.1105886245932861
2,83,14,1.3112660960295341
2,83,15,1.5267912606236331
2,84,1,1.2828403432352735
2,84,2,1.1700818038577856
2,84,3,1.2708646261444687
2,84,4,1.3852093326080241
2,84,5,1.3135715030346853
2,84,6,1.0017895793572178
2,84,7,1.6559487708768788
2,84,8,1.579730189248905
2,84,9,1.0849088040629489
2,84,10,0.933537232569071
2,84,11,1.7395402625961314
2,84,12,1.0472538403255456
2,84,13,1.2457120434508515
2,84,14,1.0011880194447043
2,84,15,0.9598973974526434
2,85,1,1.557481734969258
2,85,2,1.3427905822777089
2,85,3,1.6889040591543916
2,85,4,0.9980169880008333
2,85,5,1.1931917920251653
2,85,6,2.0482272128420145
2,85,7,1.7822272142025528
2,85,8,1.3562553078720068
2,85,9,1.5848645242305925
2,85,10,1.2811856316007724
2,85,11,1.452246961575052
2,85,12,1.6584600720128742
2,85,13,1.8399909188603103
2,85,14,1.433471213902485
2,85,15,1.7131704972949675
2,86,1,1.728331429749768
2,86,2,1.4404070974836973
2,86,3,2.102574101889109
2,86,4,1.2044762118403907
2,86,5,1.6492024197493032
2,86,6,1.8385764549388037
2,86,7,1.7628063585438472
2,86,8,2.138408687608108
2,86,9,1.8373464397731165
2,86,10,1.350828788006991
2,86,11,1.5058895340366474
2,86,12,1.938503912594966
2,86,13,1.1163652723176212
2,86,14,0.9716950253603471
2,86,15,1.2791035404218518
2,87,1,1.2521943166321736
2,87,2,1.5491757973706624
2,87,3,1.5626326636900953
2,87,4,1.4672548128939245
2,87,5,0.9753005733018956
2,87,6,1.7446058394833155
2,87,7,1.8898192068699122
2,87,8,1.3651635087611516
2,87,9,1.6271843979025962
2,87,10,1.5228653329761137
2,87,11,1.7630944508128812
2,87,12,1.659761659889852
2,87,13,1.3019736437388254
2,87,14,1.2522390617088646
2,87,15,1.5782228528343818
2,88,1,0.9124545864574602
2,88,2,1.6931841472878209
2,88,3,1.6849447779654365
2,88,4,1.4719842302986728
2,88,5,1.576454171142156
2,88,6,1.5908753911518283
2,88,7,1.715469426380711
2,88,8,1.2963033359672043
2,88,9,1.3053395889274408
2,88,10,1.8707481626485323
2,88,11,1.0903835043286654
2,88,12,1.0837385820274712
2,88,13,1.5671223245744297
2,88,14,1.6355657641448553
2,88,15,1.4540676863054345
2,89,1,0.5875519705329056
2,89,2,1.1641020148943684
2,89,3,1.6004899923010911
2,89,4,1.2665591313939624
2,89,5,1.3068282783357206
2,89,6,1.5643634674902813
2,89,7,1.1698315245325268
2,89,8,1.6429746102121785
2,89,9,1.5523312339022928
2,89,10,1.2794486641190477
2,89,11,1.289142524112911
2,89,12,1.4100425335763134
2,89,13,2.168532670678227
2,89,14,1.3694739251680754
2,89,15,1.5312173028127034
2,90,1,1.7726235168978357
2,90,2,1.5586374453172287
2,90,3,1.3010432303032249
2,90,4,1.5604845079583216
2,90,5,1.438640468627946
2,90,6,1.2282381780638143
2,90,7,1.3478804203420816
2,90,8,1.0932738134662192
2,90,9,1.447160698679909
2,90,10,1.2521486929661376
2,90,11,1.8346650269359244
2,90,12,1.7878497855551072
2,90,13,1.4276366263138651
2,90,14,1.1546635521606345
2,90,15,1.5216508181076553
2,91,1,1.9096696837654934
2,91,2,1.2005161763939118
2,91,3,1.6430211271727204
2,91,4,1.6439564244930036
2,91,5,0.7364168353485174
2,91,6,1.174153648029961
2,91,7,1.5063155190463333
2,91,8,1.8148743354676422
2,91,9,1.3501586998590076
2,91,10,0.990018934506124
2,91,11,1.4422459347806298
2,91,12,1.6251960722753949
2,91,13,1.5102670030025767
2,91,14,1.1092194116562442
2,91,15,1.128450160620857
2,92,1,1.3309804340807374
2,92,2,1.837767689437224
2,92,3,1.7372239915266254
2,92,4,1.286992407047097
2,92,5,1.0201543257328802
2,92,6,1.4935125802454587
2,92,7,1.4892720621843007
2,92,8,1.0265957765221558
2,92,9,1.5453114121085254
2,92,10,1.0379099181139966
2,92,11,1.5482490486273748
2,92,12,0.7107352173949933
2,92,13,1.5113284577339534
2,92,14,1.035471409915457
2,92,15,1.5375882291080236
2,93,1,1.456246713533694
2,93,2,1.675137107773421
2,93,3,1.788938844024477
2,93,4,1.8570935843538772
2,93,5,0.7639787726103628
2,93,6,1.386659404558118
2,93,7,1.1904057757684114
2,93,8,1.0875393207820827
2,93,9,1.6815418576800385
2,93,10,1.3407096930357993
2,93,11,1.068669822334773
2,93,12,1.717705580786691
2,93,13,1.2317769574746815
2,93,14,1.5106313732278625
2,93,15,1.4297149936117133
2,94,1,1.0003696526265238
2,94,2,1.4710568068379561
2,94,3,1.2765892041298457
2,94,4,1.6253624743224846
2,94,5,1.2010477357344838
2,94,6,1.6835304547102241
2,94,7,1.4499505234621333
2,94,8,1.3591186500477408
2,94,9,1.4616871340864768
2,94,10,1.0349858280634874
2,94,11,1.1480767419973597
2,94,12,1.8605018917565928
2,94,13,1.0435045766767532
2,94,14,1.3967974554935352
2,94,15,1.1961669422025438
2,95,1,1.3365937000724575
2,95,2,1.5216208309998154
2,95,3,1.2704182977558387
2,95,4,1.5277461923400166
2,95,5,1.6812295825757189
2,95,6,1.535607434566298
2,95,7,1.4209991814545821
2,95,8,1.7671414289372642
2,95,9,1.172201542616782
2,95,10,1.4121810781342328
2,95,11,1.4011862759929772
2,95,12,0.9617856163544011
2,95,13,1.3967527489874128
2,95,14,1.218279030558347
2,95,15,1.323483035353965
2,96,1,1.3642924341862275
2,96,2,1.533788156573529
2,96,3,1.3344928002026304
2,96,4,1.3238842155948214
2,96,5,1.5756322436564902
2,96,6,0.972963427869127
2,96,7,1.398843647445907
2,96,8,1.7711250330088677
2,96,9,1.415973837034112
2,96,10,1.014550213559682
2,96,11,1.3915587532208593
2,96,12,1.7689548994776785
2,96,13,1.1552654041909067
2,96,14,1.0525027590062905
2,96,15,1.1614398990555228
2,97,1,1.8075657564999619
2,97,2,1.3189887805598228
2,97,3,1.3863052380814636
2,97,4,1.2590421891494632
2,97,5,1.5458657882822955
2,97,6,1.45182188904582
2,97,7,1.3972244915203849
2,97,8,1.6144664975494054
2,97,9,1.997579311349719
2,97,10,1.4247254609631534
2,97,11,1.2707052945842376
2,97,12,1.3236931784011408
2,97,13,1.2878480324830337
2,97,14,1.7189797874131447
2,97,15,1.0574911570526992
2,98,1,1.5433508834965797
2,98,2,1.6920214569777443
2,98,3,1.2670809932721931
2,98,4,1.3362567469715858
2,98,5,1.2131213501705767
2,98,6,1.4947063299807695
2,98,7,1.6627771000357698
2,98,8,1.1842668785526815
2,98,9,1.163391102429131
2,98,10,1.715545216083407
2,98,11,1.2086880059209753
2,98,12,1.405000337674584
2,98,13,1.1968167215206078
2,98,14,1.0962630758216212
2,98,15,1.5815905300335635
2,99,1,1.7084667880217053
2,99,2,0.9232467571775183
2,99,3,1.62735150970802
2,99,4,1.31460879407378
2,99,5,1.0753271455746913
2,99,6,1.2976874418080468
2,99,7,1.4445878526231124
2,99,8,1.2958131136272708
2,99,9,1.4655730855912743
2,99,10,1.2742584102118124
2,99,11,1.6278930647079621
2,99,12,0.9399392952979948
2,99,13,1.7979762662968832
2,99,14,1.210393657265195
2,99,15,1.367875983072666
2,100,1,1.6244944361353517
2,100,2,1.6750033696616893
2,100,3,1.4360160434769378
2,100,4,1.3412898423781845
2,100,5,1.3675137715472117
2,100,6,1.1439236869797733
2,100,7,1.4928869958345057
2,100,8,1.3727967010520292
2,100,9,1.0886233186456393
2,100,10,2.1215061587910826
2,100,11,1.4318862421024185
2,100,12,1.755659786444994
2,100,13,1.5759706663508584
2,100,14,1.425644149508236
2,100,15,1.1044967556984466
2,101,1,2.003228611719247
2,101,2,1.638166428936054
2,101,3,1.3010958918365376
2,101,4,1.3992315884406432
2,101,5,1.372365218720655
2,101,6,1.1943166147736657
2,101,7,1.1343683393409802
2,101,8,1.3320269517081582
2,101,9,0.9468636726128243
2,101,10,1.458031251190065
2,101,11,1.0256653769096684
2,101,12,1.2041484207255793
2,101,13,1.5219175277707762
2,101,14,1.3316407406577395
2,101,15,1.5272166123021245
2,102,1,1.6161281833933214
2,102,2,1.2761992698166238
2,102,3,1.7124848930714966
2,102,4,1.3308125081278377
2,102,5,0.9563782352270697
2,102,6,1.1244526348295696
2,102,7,1.473742834220672
2,102,8,1.202112239310169
2,102,9,1.4039553686140234
2,102,10,1.0100862732528424
2,102,11,1.7010652311905592
2,102,12,1.472283407525416
2,102,13,1.698206864943948
2,102,14,1.1272901459189826
2,102,15,1.0512359154028459
2,103,1,1.425594105593273
2,103,2,1.7247479633611045
2,103,3,1.3780017913921605
2,103,4,1.4616055161201817
2,103,5,1.6106872539490555
2,103,6,1.5675930608784077
2,103,7,1.498911137772819
2,103,8,1.6122967142033255
2,103,9,1.2815238983594877
2,103,10,1.4757474490927365
2,103,11,1.8208852061205485
2,103,12,1.3086766383343353
2,103,13,0.9727061608921577
2,103,14,1.029663328126595
2,103,15,1.0923073384062618
2,104,1,1.8897457975563732
2,104,2,1.4910103233108576
2,104,3,1.5264437232573846
2,104,4,1.7912937630126282
2,104,5,1.1193559909159747
2,104,6,1.728122620137643
2,104,7,1.1617535176273261
2,104,8,1.3885326016933406
2,104,9,1.1807111525697995
2,104,10,1.252608687375883
2,104,11,1.3259264870937648
2,104,12,1.3371811542565812
2,104,13,1.204849680310097
2,104,14,1.9130753377737924
2,104,15,1.791995727246746
2,105,1,1.5964730928423418
2,105,2,1.8182981406128997
2,105,3,1.19190348464299
2,105,4,1.7683269447766516
2,105,5,1.5389537692285649
2,105,6,1.3411319508312087
2,105,7,1.2107812917628036
2,105,8,0.9936730701822005
2,105,9,1.7638400553251232
2,105,10,1.7906513851650772
2,105,11,1.2881766332352742
2,105,12,1.4490539069890385
2,105,13,1.7006436269526395
2,105,14,1.4974655326363284
2,105,15,0.9875381428577251
2,106,1,1.5982228472714228
2,106,2,1.905723648885716
2,106,3,1.6349213173767772
2,106,4,1.6054373323692448
2,106,5,1.579438996771494
2,106,6,1.2201215525179876
2,106,7,1.3557424106246458
2,106,8,1.9131955651016475
2,106,9,1.6201856305117432
2,106,10,1.5537029760480041
2,106,11,1.6469115198168724
2,106,12,1.8456494920005002
2,106,13,1.3969458990652628
2,106,14,1.1966944117064373
2,106,15,1.4921742038512102
2,107,1,1.7412837309833704
2,107,2,1.3143965317161834
2,107,3,1.5079469290770944
2,107,4,1.4563727230276629
2,107,5,1.3304670421744005
2,107,6,1.2356794895659726
2,107,7,1.2291938092889092
2,107,8,1.1748834053940846
2,107,9,1.4170439810837376
2,107,10,1.4077353149073764
2,107,11,1.2380661935380244
2,107,12,1.982201706541698
2,107,13,1.6545634933087998
2,107,14,1.8655824317047625
2,107,15,1.731900449002096
2,108,1,1.5169557807587601
2,108,2,1.5390652054459342
2,108,3,2.0186731921278107
2,108,4,1.7529528416701856
2,108,5,1.8906200260603618
2,108,6,1.4318098458298885
2,108,7,1.1986357410905433
2,108,8,1.4381844327204176
2,108,9,1.7327378945495726
2,108,10,2.0588152718706425
2,108,11,1.8047201218036795
2,108,12,1.150564175471614
2,108,13,1.5544082259609675
2,108,14,1.4865581046649021
2,108,15,1.2418592373820303
2,109,1,1.7063334315952237
2,109,2,1.1135182484600787
2,109,3,1.8899224332982267
2,109,4,1.4794502174996202
2,109,5,1.0768499637335522
2,109,6,1.991927362915425
2,109,7,1.4369708840106654
2,109,8,1.3523585240446458
2,109,9,1.4699694047905798
2,109,10,1.7437705842077926
2,109,11,1.2626624179237118
2,109,12,1.55932580609123
2,109,13,2.089413317120581
2,109,14,1.274778565987776
2,109,15,0.9039040763027452
2,110,1,1.5373141433023714
2,110,2,1.5256488933642134
2,110,3,1.8526350822840258
2,110,4,1.4003507109047175
2,110,5,1.695038274082386
2,110,6,1.758162484827317
2,110,7,1.8997421417934
2,110,8,1.6993489885839899
2,110,9,1.0153766581637904
2,110,10,1.2357216728312233
2,110,11,1.6687221090942816
2,110,12,1.479252999574407
2,110,13,1.3425471304546879
2,110,14,1.6438701102065358
2,110,15,1.197317274375608
2,111,1,1.5939635435555577
2,111,2,1.4811460853250709
2,111,3,0.7696052687662165
2,111,4,1.136707280750845
2,111,5,1.2520916860223343
2,111,6,1.1517825122011738
2,111,7,1.5969700156052502
2,111,8,1.1236232035429847
2,111,9,1.1641345846064133
2,111,10,1.2014678509095227
2,111,11,1.6733804852614804
2,111,12,1.4222695081650747
2,111,13,1.1768577338796278
2,111,14,1.1238510084170619
2,111,15,1.468206765401226
2,112,1,1.8496583884995015
2,112,2,1.4104821921364492
2,112,3,1.163358061208515
2,112,4,1.2292794641332876
2,112,5,1.4380403360708727
2,112,6,1.2192070106889488
2,112,7,1.6345128532202204
2,112,8,1.1984598119320342
2,112,9,1.8516102161531012
2,112,10,1.143638685413027
2,112,11,1.6117749957526213
2,112,12,1.9608806764826168
2,112,13,1.8291667078088099
2,112,14,1.4513388996885008
2,112,15,1.369574125028268
2,113,1,1.6756903194329684
2,113,2,1.2254967144976716
2,113,3,1.6681782097390456
2,113,4,1.5890228781374913
2,113,5,1.8171890316381163
2,113,6,1.5334673166241775
2,113,7,1.7907254224762954
2,113,8,1.85427058603078
2,113,9,1.3613116892348962
2,113,10,1.3796377399406319
2,113,11,1.397367059605783
2,113,12,1.5088519572478327
2,113,13,1.0839708637974723
2,113,14,1.6736908876240648
2,113,15,1.5579981271546959
2,114,1,1.401422847586018
2,114,2,1.458256186300453
2,114,3,1.4230935929426016
2,114,4,1.2959679808935065
2,114,5,0.9421994978878002
2,114,6,1.1622632380249756
2,114,7,1.7069178866543748
2,114,8,1.4664509759733735
2,114,9,1.4845760740715244
2,114,10,1.2359766510826133
2,114,11,1.5388342803780224
2,114,12,1.0227084292620634
2,114,13,1.8934220787555323
2,114,14,1.1236830515240812
2,114,15,1.343800827051911
2,115,1,1.1242327025461196
2,115,2,1.7386727950096172
2,115,3,1.766427171668198
2,115,4,1.393131321261431
2,115,5,1.2312064106907648
2,115,6,1.3336432456949754
2,115,7,1.9888943483752264
2,115,8,1.5164768044056842
2,115,9,1.2766112668059078
2,115,10,1.9220305775046216
2,115,11,0.9856456761218021
2,115,12,1.5814401236447884
2,115,13,1.5089099914653783
2,115,14,1.6485744805245632
2,115,15,1.2918009493722344
2,116,1,1.2095582557726288
2,116,2,1.5485096205066207
2,116,3,1.345700973758777
2,116,4,2.1802634896119413
2,116,5,1.4834565432495714
2,116,6,1.6550460599921841
2,116,7,1.1925146627858336
2,116,8,1.5610727999390737
2,116,9,1.2855287503898212
2,116,10,1.5219385471539557
2,116,11,1.1124860717289606
2,116,12,1.553861467623762
2,116,13,1.3531859009402174
2,116,14,1.2778299047408588
2,116,15,1.4860270403241012
2,117,1,1.5661241435205988
2,117,2,1.4046106425506322
2,117,3,1.5528057384140714
2,117,4,1.3681211823874104
2,117,5,1.0830223470432003
2,117,6,1.1851278254579367
2,117,7,1.104620709336541
2,117,8,1.1766208883306515
2,117,9,1.231141204562804
2,117,10,1.8870803205614786
2,117,11,1.303492474474646
2,117,12,1.707786271469272
2,117,13,1.359491791444062
2,117,14,1.6863785996407825
2,117,15,1.1312520799327346
2,118,1,1.2446950040715623
2,118,2,1.2488352808016296
2,118,3,1.6336242022361738
2,118,4,1.367385037704061
2,118,5,1.3474540506411978
2,118,6,1.372921636113126
2,118,7,1.4113114105989522
2,118,8,1.6052304606395444
2,118,9,0.9229652408370886
2,118,10,1.5753746499904593
2,118,11,1.1857061332902938
2,118,12,1.455198746345876
2,118,13,1.252659814079923
2,118,14,1.635410179264935
2,118,15,1.189597544355892
2,119,1,1.7566519028548464
2,119,2,1.2987009175578246
2,119,3,1.739269771980764
2,119,4,2.038261209548432
2,119,5,1.592232561427426
2,119,6,1.1973563581697872
2,119,7,1.279024899781519
2,119,8,1.768219416037158
2,119,9,1.4577726224954053
2,119,10,1.0179139893731075
2,119,11,1.2016252634657487
2,119,12,1.060407095095436
2,119,13,1.5913204312579254
2,119,14,1.3066110796854686
2,119,15,1.1927487482784405
2,120,1,1.1629748721973077
2,120,2,1.5040482594503417
2,120,3,1.2092442254021012
2,120,4,1.492847288096047
2,120,5,1.4253066477026362
2,120,6,1.807314313979042
2,120,7,1.5216379088130931
2,120,8,1.4431527415471095
2,120,9,1.626293549289014
2,120,10,1.2117118782240917
2,120,11,1.2409588992575349
2,120,12,1.3127018499878567
2,120,13,1.1485046601495856
2,120,14,1.2045338500841039
2,120,15,1.2631405898404748
2,121,1,1.5789332805188474
2,121,2,1.428955254158348
2,121,3,1.320974550121919
2,121,4,1.3023284132863528
2,121,5,1.553282851895254
2,121,6,1.4851808318217
2,121,7,1.022419698910917
2,121,8,1.0949210655057944
2,121,9,1.2398787577637378
2,121,10,1.4114329006178261
2,121,11,1.529590549408544
2,121,12,1.509212367215892
2,121,13,1.423331817648259
2,121,14,1.172569798255835
2,121,15,1.1705738270258967
2,122,1,1.3136655570416846
2,122,2,0.8865708342687602
2,122,3,0.9306009121608629
2,122,4,1.7980906833359342
2,122,5,1.4059069740609191
2,122,6,1.6318683091077837
2,122,7,1.4298433639160755
2,122,8,0.7858901211328114
2,122,9,1.3211678763499333
2,122,10,1.485965051297979
2,122,11,1.1190239321024968
2,122,12,1.3741716509750008
2,122,13,1.3104261056932998
2,122,14,1.040187165358286
2,122,15,1.832746172418215
2,123,1,0.8870346767972366
2,123,2,1.5339290779227677
2,123,3,1.2051057835750572
2,123,4,1.273090637343125
2,123,5,1.7855573864202863
2,123,6,1.3823678326204873
2,123,7,1.5358565577023957
2,123,8,1.2266059974261918
2,123,9,1.1873208243223488
2,123,10,1.4814072569813141
2,123,11,1.7189888850353143
2,123,12,1.6838850097957172
2,123,13,1.6044125586350444
2,123,14,1.2100079210050092
2,123,15,1.078478313461724
2,124,1,1.4779750212601273
2,124,2,1.2338203766468887
2,124,3,1.6192141742711161
2,124,4,1.0191411939911204
2,124,5,1.1816786575410627
2,124,6,1.0426623805134019
2,124,7,1.8742318267786706
2,124,8,1.1934012685785347
2,124,9,1.0748330266804977
2,124,10,1.737663210321649
2,124,11,1.7781786067840066
2,124,12,1.5635905079422714
2,124,13,1.4398482884313142
2,124,14,1.315527909839673
2,124,15,1.040397177521213
2,125,1,1.751075000922752
2,125,2,1.2987280271111
2,125,3,0.9051177044147423
2,125,4,2.0104933394194497
2,125,5,1.441185327026377
2,125,6,1.176322935491667
2,125,7,1.9345325492965588
2,125,8,1.6185363461993267
2,125,9,1.5127210108302067
2,125,10,1.3275234168786911
2,125,11,0.9857476584884237
2,125,12,1.3525549292197652
2,125,13,1.3886931739140045
2,125,14,1.758044181543652
2,125,15,1.704089388870005
3,1,1,1.8190872620590735
3,1,2,1.604479978472281
3,1,3,1.4353979327224153
3,1,4,1.569697537969953
3,1,5,0.7669164448562704
3,1,6,1.3630983600699786
3,1,7,1.3278817147439028
3,1,8,0.7987782427626654
3,1,9,1.5181116309447202
3,1,10,1.313360165623044
3,1,11,1.271321192465939
3,1,12,1.6411359302015711
3,1,13,1.0348300196991511
3,1,14,1.476715936394832
3,1,15,1.2723656477112588
3,2,1,1.4145837343882275
3,2,2,0.8455835883337248
3,2,3,1.2066983389548076
3,2,4,1.1961310678763366
3,2,5,1.390841588329074
3,2,6,1.3113888834819574
3,2,7,1.532446867358034
3,2,8,1.4722531294317447
3,2,9,1.3824047658345946
3,2,10,1.4947411243088358
3,2,11,1.259016168030809
3,2,12,0.903142427238039
3,2,13,1.5432617231845627
3,2,14,1.9637876127161606
3,2,15,1.433847436774322
3,3,1,1.1179378876870276
3,3,2,1.9400136793076674
3,3,3,1.213581149038658
3,3,4,1.6107288978160792
3,3,5,1.261406709794043
3,3,6,1.2947128446132403
3,3,7,1.3682138145358615
3,3,8,1.101909537928687
3,3,9,1.572766423073544
3,3,10,1.532080934813514
3,3,11,1.2356744472093364
3,3,12,1.307230048646195
3,3,13,1.6636346258962562
3,3,14,1.4685643336571599
3,3,15,1.481601600538225
3,4,1,1.1293288019280492
3,4,2,1.5283833675524168
3,4,3,0.9682839600951522
3,4,4,0.921594099832318
3,4,5,1.3676342273737752
3,4,6,1.486059818401914
3,4,7,1.0935064141531992
3,4,8,1.4569745134675391
3,4,9,1.2348451145045956
3,4,10,1.3599849634724603
3,4,11,1.5652034483078305
3,4,12,1.4052007404619427
3,4,13,1.2985300086550944
3,4,14,0.9937658703450984
3,4,15,1.4849018692566454
3,5,1,1.168857492718847
3,5,2,1.4512353004414573
3,5,3,1.5036537220929391
3,5,4,1.5248647120502659
3,5,5,1.576846036994721
3,5,6,1.1686896580385355
3,5,7,1.3586491594564096
3,5,8,1.8639997808609166
3,5,9,1.5528434116119394
3,5,10,1.5123667073357505
3,5,11,1.3198110782521195
3,5,12,1.6991238300206997
3,5,13,1.2346827366422717
3,5,14,1.4764086581646971
3,5,15,1.1321371949519543
3,6,1,1.1269140840969205
3,6,2,1.0344690876794898
3,6,3,1.4855883050371643
3,6,4,1.2399664495332872
3,6,5,1.2530265257191362
3,6,6,1.5248684849758478
3,6,7,1.0369604198284113
3,6,8,0.9008915717881875
3,6,9,1.5432630327172319
3,6,10,1.0096749809681895
3,6,11,1.2394885980099755
3,6,12,1.23257288924703
3,6,13,1.0625488009260116
3,6,14,1.5696367989521216
3,6,15,1.2700650785162988
3,7,1,1.6060147650903664
3,7,2,1.2265084871515222
3,7,3,1.2442497855113266
3,7,4,1.2084196841067572
3,7,5,1.5070045387555078
3,7,6,1.0153412263634805
3,7,7,1.766340332665748
3,7,8,1.341936666109577
3,7,9,1.644101809124763
3,7,10,1.7046534051340587
3,7,11,1.080664488248454
3,7,12,1.4152273502425479
3,7,13,1.6730000709242567
3,7,14,1.3338375441980335
3,7,15,1.4752998318078407
3,8,1,1.4872534588957873
3,8,2,1.276591079329179
3,8,3,0.9909610290242599
3,8,4,1.1738439378444103
3,8,5,1.2519618038039715
3,8,6,1.157112337451215
3,8,7,1.2716880369490864
3,8,8,1.5537021667963968
3,8,9,1.7152723666976233
3,8,10,1.1284988472926025
3,8,11,1.0447418563765618
3,8,12,1.3301380282505686
3,8,13,1.13652889743301
3,8,14,1.290999963526073
3,8,15,0.893725774414159
3,9,1,1.3499144864346067
3,9,2,1.2517241162355943
3,9,3,1.7865183356870262
3,9,4,1.460596276383876
3,9,5,0.9205153133335503
3,9,6,1.6140305427335777
3,9,7,0.9801353387410524
3,9,8,1.4865101910065808
3,9,9,1.9915038859493557
3,9,10,1.2061254195476787
3,9,11,1.118972687587324
3,9,12,1.5934788625348193
3,9,13,1.2110633309358212
3,9,14,0.7152630800678709
3,9,15,1.126889383976981
3,10,1,1.3437776595154782
3,10,2,1.318771486093931
3,10,3,1.0380279231518452
3,10,4,1.2807543025155443
3,10,5,1.6833848741193034
3,10,6,1.0764096316823557
3,10,7,1.2239102704501879
3,10,8,1.2529973490691848
3,10,9,1.4043886239007455
3,10,10,1.6187921815283632
3,10,11,1.1072900363663094
3,10,12,0.8823801641117552
3,10,13,1.434527698457669
3,10,14,1.3649419254611472
3,10,15,1.5187492093332955
3,11,1,1.472751743962516
3,11,2,1.7832437970368062
3,11,3,1.3000697970927944
3,11,4,1.6006560735481277
3,11,5,1.0585575538221137
3,11,6,1.0560782303835685
3,11,7,0.9644009119894643
3,11,8,1.277638349767037
3,11,9,1.2810083592020374
3,11,10,1.3535889474629252
3,11,11,1.5162379600356812
3,11,12,1.4789651850667305
3,11,13,1.534155218855093
3,11,14,1.1045870719305906
3,11,15,1.5832581840742057
3,12,1,1.3250526987470992
3,12,2,1.4342396336048628
3,12,3,0.7529283499659358
3,12,4,0.8655913140880859
3,12,5,1.1824766320917965
3,12,6,1.104411650366094
3,12,7,0.9131830806843844
3,12,8,1.3986530805929753
3,12,9,1.2184274806937818
3,12,10,1.2004531899346438
3,12,11,1.0039001936389165
3,12,12,1.1760844503331498
3,12,13,1.3914336002745946
3,12,14,1.385261171543608
3,12,15,0.78279538004012
3,13,1,1.477582373296954
3,13,2,0.8948515739891364
3,13,3,0.8872479976784484
3,13,4,1.2335781154733227
3,13,5,1.4547234026721965
3,13,6,1.6494587733378598
3,13,7,1.1283132900707973
3,13,8,1.5396851960471805
3,13,9,1.5773753148033671
3,13,10,1.288493005062116
3,13,11,1.4010166259554009
3,13,12,1.2810321737882047
3,13,13,1.1145325558360144
3,13,14,1.2640148699904437
3,13,15,1.4474085348924672
3,14,1,1.092445519331279
3,14,2,0.9057959647186844
3,14,3,0.8374318873402686
3,14,4,0.836863107845591
3,14,5,1.4134442851912732
3,14,6,1.4851862461675744
3,14,7,1.0506329623461272
3,14,8,1.308002002316325
3,14,9,1.1899436793817637
3,14,10,1.5592044868383321
3,14,11,1.0905893502018609
3,14,12,0.9395492660187696
3,14,13,1.5968130084611964
3,14,14,2.1695133988762154
3,14,15,1.1082823149077603
3,15,1,1.3596876684254948
3,15,2,0.9877269811118256
3,15,3,0.8463484079246558
3,15,4,1.642784942645254
3,15,5,1.311462018782652
3,15,6,1.2612939816952453
3,15,7,1.5384124159785295
3,15,8,1.7220425310360463
3,15,9,1.2419729355877283
3,15,10,1.6284644433807711
3,15,11,1.2100960517464239
3,15,12,0.9230041547642194
3,15,13,1.426920486448965
3,15,14,1.23096220971249
3,15,15,1.5357701012094185
3,16,1,1.2521878370446233
3,16,2,1.2357704990550098
3,16,3,1.1289144769568316
3,16,4,0.9336778082949971
3,16,5,0.8818136203750354
3,16,6,1.4634250131266282
3,16,7,1.2248169254218453
3,16,8,1.002657624101605
3,16,9,1.6319187277054905
3,16,10,1.4197365445826944
3,16,11,1.1133954490105833
3,16,12,1.2628899912040543
3,16,13,1.25424173247658
3,16,14,1.4102884610484867
3,16,15,1.7059685349568179
3,17,1,1.4408680360084047
3,17,2,1.0274729584381608
3,17,3,1.1647814363923188
3,17,4,1.3098931144807024
3,17,5,1.2676442286469796
3,17,6,1.10088956787703
3,17,7,1.209426993117061
3,17,8,0.9977971057999702
3,17,9,1.4481357841905032
3,17,10,1.2201648050350125
3,17,11,1.428081774995705
3,17,12,1.4534108360104991
3,17,13,1.719338859620925
3,17,14,1.1670114382555958
3,17,15,1.4364599443552408
3,18,1,0.8607455675835125
3,18,2,0.9834423071545021
3,18,3,0.9508321196843105
3,18,4,1.0170657028002499
3,18,5,1.2936076584834264
3,18,6,1.2873417900570967
3,18,7,1.122766773844953
3,18,8,1.3380563097587004
3,18,9,1.2389270481175265
3,18,10,1.2865498606183876
3,18,11,1.22004926825958
3,18,12,1.1363576406037539
3,18,13,1.2630547799201763
3,18,14,1.5449636670771025
3,18,15,1.2183799000086941
3,19,1,1.3802531439948535
3,19,2,1.6556541709095944
3,19,3,1.110394008033836
3,19,4,1.443376390580256
3,19,5,1.173000784921709
3,19,6,0.7730279360747359
3,19,7,1.2613998135281013
3,19,8,1.6043578759968022
3,19,9,1.2789894575072547
3,19,10,0.9893089195444713
3,19,11,1.2649472531462833
3,19,12,1.1609709513191406
3,19,13,1.1375639017805343
3,19,14,1.4552936769631275
3,19,15,0.8811076037405599
3,20,1,1.3895929117765071
3,20,2,1.3508842604070295
3,20,3,1.7633097777189943
3,20,4,1.170427496884164
3,20,5,1.434207137767469
3,20,6,1.191432534425676
3,20,7,0.5029222383739749
3,20,8,1.231847789927057
3,20,9,1.0564328611779044
3,20,10,1.3669490282749137
3,20,11,0.9549734391755793
3,20,12,0.8397107312936685
3,20,13,1.4525382149512933
3,20,14,1.2386144071240222
3,20,15,1.504966167318545
3,21,1,1.4100053105545907
3,21,2,1.3197881946604235
3,21,3,0.7371604061649479
3,21,4,1.5390867437412257
3,21,5,1.308576707161565
3,21,6,1.3471407347412148
3,21,7,1.1206726806916996
3,21,8,1.6291671644717227
3,21,9,1.150871487850425
3,21,10,1.0024816137031474
3,21,11,1.156788207499578
3,21,12,1.269697546497324
3,21,13,1.0095242903283996
3,21,14,1.5464578865003868
3,21,15,1.355589684480834
3,22,1,1.2458254812827734
3,22,2,1.3198425923240082
3,22,3,1.5806487655410788
3,22,4,1.380969742366151
3,22,5,1.1853020278543813
3,22,6,1.9354303936814514
3,22,7,1.2047270152849268
3,22,8,1.4022098765638424
3,22,9,1.48962399068129
3,22,10,0.9105434146777588
3,22,11,1.2466558736621765
3,22,12,0.990835371164434
3,22,13,1.3563741555919986
3,22,14,0.9699088301314995
3,22,15,1.4413750061025268
3,23,1,1.5883107861923622
3,23,2,1.1821818491490372
3,23,3,1.135017505510962
3,23,4,1.1156819417013468
3,23,5,1.3665660245249702
3,23,6,1.3683932475883234
3,23,7,2.1350487190296112
3,23,8,1.3590816278258744
3,23,9,0.8168420098159748
3,23,10,1.189793377917988
3,23,11,0.7162355679378186
3,23,12,1.5140479822989932
3,23,13,1.2494505713407773
3,23,14,1.7357311640810569
3,23,15,1.5318637341808956
3,24,1,1.803624363490935
3,24,2,0.949097647834118
3,24,3,1.3948258226293921
3,24,4,1.3487729566962519
3,24,5,1.6421572648927698
3,24,6,1.1893387674924925
3,24,7,1.2183546582407883
3,24,8,1.4240619166203488
3,24,9,1.0881598691676213
3,24,10,1.2741540959679747
3,24,11,1.0015903359685676
3,24,12,0.9297014514797837
3,24,13,1.3429888225168385
3,24,14,1.465800914587092
3,24,15,1.0648270911365867
3,25,1,1.2197135791520797
3,25,2,1.1914237439115472
3,25,3,1.1999701562251142
3,25,4,1.0333145651759454
3,25,5,0.9988284898391322
3,25,6,1.0132434388267773
3,25,7,1.0215436832945914
3,25,8,1.011062663160481
3,25,9,1.5925332164044594
3,25,10,1.7579479567003453
3,25,11,1.1116433562679213
3,25,12,0.962695227654047
3,25,13,1.7585002587298546
3,25,14,1.610791980337323
3,25,15,1.4385389605195857
3,26,1,1.5060923132016055
3,26,2,1.1509296363512362
3,26,3,1.7291259674031758
3,26,4,1.1741955978268095
3,26,5,1.2276599518203648
3,26,6,1.845001062923608
3,26,7,1.3889500163441266
3,26,8,1.012158891398299
3,26,9,1.383713561346551
3,26,10,1.4483752523923639
3,26,11,0.8820937145401279
3,26,12,1.3734427500813253
3,26,13,1.4677281822994224
3,26,14,1.4780919747382903
3,26,15,0.8507921387913865
3,27,1,1.1843399214193184
3,27,2,0.9105608080196805
3,27,3,1.1053620145617074
3,27,4,1.746542782556895
3,27,5,1.2372663318942991
3,27,6,1.096164123477853
3,27,7,1.3582608849017523
3,27,8,1.261518691489942
3,27,9,1.2114976759470946
3,27,10,1.3151720311475652
3,27,11,1.4503394214647463
3,27,12,1.6542108495403922
3,27,13,1.3324677642940708
3,27,14,1.0854009373521538
3,27,15,1.8338755774326967
3,28,1,0.9931308090735608
3,28,2,1.2985021526461036
3,28,3,1.3249762264402412
3,28,4,1.4120515454082994
3,28,5,1.2138713587799357
3,28,6,1.2517216776781035
3,28,7,1.1228385949621886
3,28,8,1.3830354002136116
3,28,9,0.7928156554483836
3,28,10,1.5857947905498946
3,28,11,1.3968017031999944
3,28,12,0.8359617648962665
3,28,13,0.8308678917765921
3,28,14,1.2559865370063028
3,28,15,1.078164010702479
3,29,1,0.9691319942488459
3,29,2,1.231099585655225
3,29,3,1.4508268534020106
3,29,4,0.9759019315304577
3,29,5,1.496087544429473
3,29,6,1.462110293006483
3,29,7,1.436022010810601
3,29,8,0.9812924966501929
3,29,9,1.1511966052347928
3,29,10,1.2044399659624652
3,29,11,1.17729090038643
3,29,12,1.2117212737868803
3,29,13,1.0875605692019872
3,29,14,0.766902511145495
3,29,15,1.0317404144607274
3,30,1,1.5080194084909202
3,30,2,1.2182696311303056
3,30,3,1.5205125479360648
3,30,4,1.3902957499773567
3,30,5,1.5669929796857367
3,30,6,1.364012252474425
3,30,7,1.3202230382761835
3,30,8,1.706326322752122
3,30,9,1.4571684633086126
3,30,10,1.598824448623688
3,30,11,1.372353439114254
3,30,12,1.2363099614604285
3,30,13,1.6978188122425142
3,30,14,1.4317049747524941
3,30,15,0.9204807980311575
3,31,1,1.6108451840479299
3,31,2,1.5096875170391384
3,31,3,1.1779257202209328
3,31,4,1.2324880324517606
3,31,5,1.2312795508686214
3,31,6,1.8773352902839027
3,31,7,1.0887902110988625
3,31,8,1.1008800408829413
3,31,9,1.4743458762479693
3,31,10,1.008392116467682
3,31,11,1.3011292043670597
3,31,12,1.366697890042886
3,31,13,1.649561816114437
3,31,14,1.0980581766815893
3,31,15,1.3127457950058274
3,32,1,1.1102960356207292
3,32,2,1.3585328019172158
3,32,3,1.7024329550746198
3,32,4,0.9058480636711417
3,32,5,1.6025071678223404
3,32,6,1.4997914635803569
3,32,7,1.43880236887455
3,32,8,1.4322458980579427
3,32,9,1.0646945281626659
3,32,10,1.1783280421425562
3,32,11,1.2359756059108262
3,32,12,1.2619822134117087
3,32,13,1.021752467550749
3,32,14,1.623544507814229
3,32,15,1.127322047896475
3,33,1,1.48784867492741
3,33,2,1.2182578374848514
3,33,3,0.820979391456767
3,33,4,1.4025311650182521
3,33,5,1.0482709655990758
3,33,6,1.1039417813348626
3,33,7,1.5062624572662384
3,33,8,1.1347636942287727
3,33,9,1.2433799585837142
3,33,10,1.424715448017856
3,33,11,0.9948005992424301
3,33,12,1.3500629243744775
3,33,13,1.0636780008066988
3,33,14,1.103049136174977
3,33,15,1.2900192429429893
3,34,1,1.6197774951358839
3,34,2,1.1469932261794302
3,34,3,1.1694264194278237
3,34,4,1.6816133298668903
3,34,5,1.4358809984491177
3,34,6,1.0323715998530034
3,34,7,1.1972050613638747
3,34,8,1.3682915940276854
3,34,9,1.6680004637799686
3,34,10,1.4515982972654808
3,34,11,1.0994561286344124
3,34,12,1.503851564307501
3,34,13,0.8054872800686046
3,34,14,1.016746702876199
3,34,15,1.3214157710865193
3,35,1,1.3728423443522304
3,35,2,1.5947437889141822
3,35,3,0.9849341127185887
3,35,4,1.8149757569869094
3,35,5,1.231579221614998
3,35,6,1.1680924485631374
3,35,7,1.2070756459437593
3,35,8,1.7401448078704482
3,35,9,1.3428568136801873
3,35,10,1.1518886788920473
3,35,11,1.2637603405162554
3,35,12,1.5648674286917414
3,35,13,1.3172318380724222
3,35,14,0.9794716401028254
3,35,15,0.9963743265503281
3,36,1,1.7754000672521462
3,36,2,0.7872539951677157
3,36,3,1.3371505552463447
3,36,4,1.0886160123469315
3,36,5,1.3715792063435535
3,36,6,1.3343519195197584
3,36,7,0.8379973923349147
3,36,8,1.321254659798904
3,36,9,1.1811697303822897
3,36,10,1.0576902340038548
3,36,11,0.9238015442023125
3,36,12,1.2510056158870726
3,36,13,1.0788072762148189
3,36,14,1.0876899893151224
3,36,15,1.0867154899091043
3,37,1,1.3113972527093307
3,37,2,1.5378845822571385
3,37,3,1.340249139905141
3,37,4,1.5651390051660186
3,37,5,1.258650834170688
3,37,6,1.4121837052667168
3,37,7,0.7954234986453983
3,37,8,0.9504255622847324
3,37,9,1.418259521894505
3,37,10,1.354920528866976
3,37,11,1.069398735080929
3,37,12,1.2529179483096127
3,37,13,1.5245923983875458
3,37,14,1.2033409421211076
3,37,15,1.3234491464638025
3,38,1,1.099312803750409
3,38,2,1.3311384034267044
3,38,3,1.4448657754449181
3,38,4,1.0893099023270962
3,38,5,1.1279462898596475
3,38,6,1.451676487393934
3,38,7,1.215568754611039
3,38,8,1.0951964340933018
3,38,9,1.1926423309712457
3,38,10,1.1383266724867536
3,38,11,1.2964771944931535
3,38,12,1.0501851315510737
3,38,13,1.230490496645274
3,38,14,1.4325587437083966
3,38,15,1.2590719331761726
3,39,1,1.0778066811897866
3,39,2,1.7517835604173941
3,39,3,1.1056525180787937
3,39,4,1.3200386407808549
3,39,5,1.4443078845997288
3,39,6,1.1916192619663883
3,39,7,1.0339327762927975
3,39,8,1.2476165251830083
3,39,9,1.528171638321494
3,39,10,0.87647022115264
3,39,11,1.527733211048856
3,39,12,1.2569699668845586
3,39,13,1.3207924555943418
3,39,14,1.8160546568406886
3,39,15,1.4651047091847595
3,40,1,0.8679272928606319
3,40,2,1.4126246252459782
3,40,3,1.2969390058622097
3,40,4,0.8453159617240575
3,40,5,1.2708569319714935
3,40,6,1.0616181383814307
3,40,7,1.4223393696844728
3,40,8,1.3059456751303773
3,40,9,1.5098407775350966
3,40,10,1.519582324936551
3,40,11,0.9185461179380028
3,40,12,0.9237343409210925
3,40,13,1.1179340877506663
3,40,14,0.7563666552946272
3,40,15,1.382336975809935
3,41,1,1.2938236185176004
3,41,2,1.2861454688545577
3,41,3,1.0829976656880926
3,41,4,1.2757562171531343
3,41,5,1.1634693227698532
3,41,6,1.1310026741451824
3,41,7,1.1928210330423696
3,41,8,1.0807034773246944
3,41,9,1.2753073117830094
3,41,10,1.061974606184973
3,41,11,1.3690066157945784
3,41,12,1.017396258998879
3,41,13,1.3447199416361661
3,41,14,1.1219367465064538
3,41,15,1.1643601730035666
3,42,1,2.2065522238421402
3,42,2,1.135519777810447
3,42,3,2.0026336815483137
3,42,4,1.8797792022748596
3,42,5,1.695658355054195
3,42,6,1.4635038300940229
3,42,7,1.6256868843502956
3,42,8,1.7740092957234594
3,42,9,1.0216909360037407
3,42,10,1.4135620856986324
3,42,11,1.47238884184563
3,42,12,2.027313608406514
3,42,13,1.308900266387265
3,42,14,1.2362812422388747
3,42,15,2.2536516497551378
3,43,1,1.8922108939565483
3,43,2,1.3426443274206208
3,43,3,1.4745513327665334
3,43,4,1.2504066445943776
3,43,5,1.5331817562623438
3,43,6,1.1786729749579312
3,43,7,0.9798394106416424
3,43,8,1.4872778355382568
3,43,9,1.1915635410210288
3,43,10,1.8931589585360362
3,43,11,1.0530331245003126
3,43,12,1.2740173568763695
3,43,13,1.2895599162541795
3,43,14,1.5808918282391289
3,43,15,1.3349998424710965
3,44,1,1.6386638354992413
3,44,2,1.2621869356708209
3,44,3,1.6763653098267772
3,44,4,1.3683560212622043
3,44,5,1.3647749932971796
3,44,6,1.5977994803049345
3,44,7,1.5743536370534488
3,44,8,1.180990188796795
3,44,9,1.5078650794009711
3,44,10,1.4672665604663278
3,44,11,1.1600461473983728
3,44,12,1.549918126044498
3,44,13,1.2217097684559546
3,44,14,1.7692702874252537
3,44,15,1.881243632894713
3,45,1,1.0841616752109955
3,45,2,1.5623748386595353
3,45,3,1.6222563418470508
3,45,4,1.7883106470085812
3,45,5,0.7963090469105314
3,45,6,1.6519089050408693
3,45,7,1.1355649964674597
3,45,8,1.4275323966984625
3,45,9,1.2698419030983705
3,45,10,1.4673501153309678
3,45,11,1.6931975916147546
3,45,12,1.4007684351649372
3,45,13,1.0682905315006685
3,45,14,1.3881629299864688
3,45,15,1.263218877385298
3,46,1,1.4196049012123997
3,46,2,1.0462354202897957
3,46,3,1.9151118227015467
3,46,4,1.607143159926462
3,46,5,1.1827576256924872
3,46,6,1.2998756779766
3,46,7,1.6307617876529257
3,46,8,1.3682384609501985
3,46,9,1.2220033463419882
3,46,10,1.1896679198705549
3,46,11,1.3445365946031913
3,46,12,1.2177053061505931
3,46,13,1.523786367592533
3,46,14,1.1113282755103868
3,46,15,1.2079120080570203
3,47,1,1.3862557609647546
3,47,2,1.7994952967522029
3,47,3,1.5655522187848179
3,47,4,1.53600165883867
3,47,5,1.5888918218615404
3,47,6,0.971088608460048
3,47,7,1.6151676130651955
3,47,8,1.5099984868145424
3,47,9,1.617492458501497
3,47,10,1.6289351521632183
3,47,11,1.3456252415528385
3,47,12,1.0418848989861627
3,47,13,1.5927680839910336
3,47,14,1.0593510268770852
3,47,15,1.199064142174538
3,48,1,1.1369966937272231
3,48,2,1.1998716307972812
3,48,3,1.43914537498554
3,48,4,1.2611118350535984
3,48,5,1.220626218132571
3,48,6,1.6976187730495491
3,48,7,1.5530138171273962
3,48,8,0.9157827595569143
3,48,9,1.3504092098215044
3,48,10,1.4748540282701537
3,48,11,1.4562201977188052
3,48,12,1.6370728156866508
3,48,13,1.4615171807726268
3,48,14,1.919028172285171
3,48,15,1.1217990157824227
3,49,1,1.2059156321613516
3,49,2,1.0785226572580684
3,49,3,1.0047479588270478
3,49,4,1.5464604510555982
3,49,5,1.264957681437052
3,49,6,1.6389435734577629
3,49,7,0.9259100820967067
3,49,8,2.345533139345625
3,49,9,1.5386525132483717
3,49,10,1.7237371733318696
3,49,11,1.221847917489072
3,49,12,1.4209892491936218
3,49,13,1.397924279091808
3,49,14,1.3610259452326532
3,49,15,1.193337918529504
3,50,1,1.5939033248163752
3,50,2,1.4283135506680877
3,50,3,1.4561690023635439
3,50,4,1.2549211623842838
3,50,5,1.7588189302680843
3,50,6,1.4799933606149287
3,50,7,1.36895440343634
3,50,8,1.6203124113050202
3,50,9,1.3514986504576862
3,50,10,1.7825737127144723
3,50,11,1.1315372036094482
3,50,12,1.5023084709304018
3,50,13,1.1594308803693225
3,50,14,1.5089688332418236
3,50,15,1.4094150170199353
3,51,1,1.523306341425365
3,51,2,1.5499524503670419
3,51,3,1.4987914132550182
3,51,4,1.809677639473628
3,51,5,1.9236199010440833
3,51,6,1.4274965085711497
3,51,7,1.464048672441551
3,51,8,1.4965679937696457
3,51,9,1.3210071469864693
3,51,10,1.020528843055799
3,51,11,1.249400807501984
3,51,12,1.938238097597649
3,51,13,1.1285507411766649
3,51,14,1.213883639504059
3,51,15,1.1416453134685411
3,52,1,1.3642012475752592
3,52,2,1.5332129531362808
3,52,3,1.3790724080130579
3,52,4,1.2437152205195472
3,52,5,1.242336402327736
3,52,6,1.4847968242309413
3,52,7,1.2902992869676717
3,52,8,1.3174984866685573
3,52,9,1.5855096162408162
3,52,10,1.4892029762704644
3,52,11,1.3406736544095272
3,52,12,1.3824655850299183
3,52,13,1.4512321980543115
3,52,14,1.3535277888108839
3,52,15,1.2609567545569629
3,53,1,1.6250896099045815
3,53,2,1.348729158253147
3,53,3,0.9452454823734853
3,53,4,0.9780339602782127
3,53,5,1.261854705218767
3,53,6,1.679139726646093
3,53,7,1.237269990602002
3,53,8,1.083366364713417
3,53,9,1.468529121836834
3,53,10,1.5452176627325802
3,53,11,1.2650920034181155
3,53,12,1.4164241605314183
3,53,13,1.0945979121507035
3,53,14,1.4018112503716256
3,53,15,1.1089371522710025
3,54,1,1.5048260651636332
3,54,2,1.3863447293762616
3,54,3,1.3695726746761905
3,54,4,1.196382892554323
3,54,5,1.117466310292794
3,54,6,1.5193971936708874
3,54,7,0.9851394290731289
3,54,8,1.3475342924922653
3,54,9,1.2883588332431393
3,54,10,1.4666470739630064
3,54,11,1.186301700787429
3,54,12,1.309489861897518
3,54,13,1.3067139845365423
3,54,14,1.2617980157331212
3,54,15,1.5588685878911968
3,55,1,1.547852765504924
3,55,2,1.5112615605929987
3,55,3,1.4218252021567843
3,55,4,1.493039043311432
3,55,5,1.3611810109941127
3,55,6,0.7117980520228826
3,55,7,1.776266337983122
3,55,8,1.2491043750698512
3,55,9,1.1277592109078274
3,55,10,1.3078171639188088
3,55,11,0.9608754181270599
3,55,12,1.4605966682869227
3,55,13,2.1332052759525726
3,55,14,1.2377426528560769
3,55,15,1.3140657059295482
3,56,1,1.4941756643603172
3,56,2,1.3806843661012271
3,56,3,1.3490301388922186
3,56,4,1.4665687097888482
3,56,5,1.3565525188616103
3,56,6,1.4131437793442498
3,56,7,1.347114675954311
3,56,8,1.377733983676335
3,56,9,0.9622999276449486
3,56,10,1.074834529635982
3,56,11,1.2127638048478295
3,56,12,1.3524004515527919
3,56,13,1.3797314347420944
3,56,14,0.8226159553304947
3,56,15,1.2442048557329715
3,57,1,1.6414962219607458
3,57,2,1.2409314610458024
3,57,3,1.4600805391860183
3,57,4,1.7728048197733257
3,57,5,1.3851604746305037
3,57,6,1.5861628142361957
3,57,7,0.9110121064206912
3,57,8,1.4032856454174834
3,57,9,0.932531551034341
3,57,10,0.9427643941656871
3,57,11,1.2573299201732842
3,57,12,1.250162870374545
3,57,13,1.0421569128103352
3,57,14,1.3193307602071718
3,57,15,1.6574565197693412
3,58,1,1.8526610136750432
3,58,2,1.3564129718688422
3,58,3,1.4902961637784902
3,58,4,1.1500825699991646
3,58,5,0.9921315412396156
3,58,6,1.3873518371326623
3,58,7,1.1943032657658488
3,58,8,1.2212811556712175
3,58,9,0.9943918901751009
3,58,10,0.5984509525820862
3,58,11,1.5714952768220956
3,58,12,1.2329686072388648
3,58,13,1.5515492956240058
3,58,14,1.6461825525872238
3,58,15,1.0088676951167088
3,59,1,0.8464916462970674
3,59,2,1.1072383867175277
3,59,3,1.409302252730358
3,59,4,1.3621694212659083
3,59,5,1.347780036936359
3,59,6,1.29681306247229
3,59,7,1.278978301163802
3,59,8,1.2861056399207917
3,59,9,1.5496955862335875
3,59,10,1.1820191752755442
3,59,11,1.0199092077034964
3,59,12,0.9520935156242852
3,59,13,1.1054003849162053
3,59,14,1.1031381077901703
3,59,15,1.1324929979221685
3,60,1,1.479436903754203
3,60,2,1.3205102947630871
3,60,3,1.0273090025009863
3,60,4,1.0246407280538141
3,60,5,1.085425322118631
3,60,6,1.5721212696436642
3,60,7,1.0081826050279783
3,60,8,1.6548452059119667
3,60,9,1.592758208769831
3,60,10,1.5522842283143916
3,60,11,1.2816470096228052
3,60,12,1.0843979319595205
3,60,13,0.8384572133069293
3,60,14,0.7293947367039173
3,60,15,1.2974170891871295
3,61,1,1.6912693200089965
3,61,2,1.1265919015375836
3,61,3,1.220166602575632
3,61,4,1.344260318871526
3,61,5,1.1418410458325858
3,61,6,1.218648384534946
3,61,7,1.2554790749053986
3,61,8,1.4571560955731582
3,61,9,1.364148565180353
3,61,10,1.0480456094582389
3,61,11,0.915934084747673
3,61,12,1.6816024041391473
3,61,13,1.1929060489581056
3,61,14,0.8999135738373335
3,61,15,1.4534006047141026
3,62,1,1.442057408080231
3,62,2,1.4652329227666396
3,62,3,1.0344258929590489
3,62,4,1.0655146674955327
3,62,5,0.978015455761206
3,62,6,1.490007135413235
3,62,7,1.8404165027551944
3,62,8,1.0801041378640681
3,62,9,1.3230798099893963
3,62,10,1.068963258118556
3,62,11,1.1407620794782882
3,62,12,1.3342980422798332
3,62,13,1.038745965399448
3,62,14,1.00559029304727
3,62,15,1.3588102905807027
3,63,1,1.5720511038777607
3,63,2,1.6350493592983213
3,63,3,1.777902892528943
3,63,4,1.7453907084988773
3,63,5,1.480956324999376
3,63,6,1.1072637026622612
3,63,7,1.6625694114540068
3,63,8,1.8046514876614532
3,63,9,1.6220223133794258
3,63,10,1.638638423930266
3,63,11,1.5591327401652297
3,63,12,1.4106134947966766
3,63,13,1.5743492310381044
3,63,14,1.9363716225959962
3,63,15,1.1070787154059292
3,64,1,1.5507598514715921
3,64,2,1.4218754329570253
3,64,3,1.5247562751230026
3,64,4,1.7452480352152988
3,64,5,1.510799981876334
3,64,6,1.1038113437411807
3,64,7,1.4179464034195945
3,64,8,1.5450292643368724
3,64,9,1.2809842488025036
3,64,10,1.5920375823854502
3,64,11,1.1977646719879764
3,64,12,1.3228252395854556
3,64,13,1.3410686444241746
3,64,14,1.4111931015762174
3,64,15,0.9733846499494166
3,65,1,1.4783078123825601
3,65,2,1.1578699660063743
3,65,3,1.5302825037963272
3,65,4,1.3673538534880754
3,65,5,1.4886278255736123
3,65,6,1.352243300655947
3,65,7,0.8595557872880499
3,65,8,1.4200285810809712
3,65,9,1.7815187727919795
3,65,10,1.2430611215961358
3,65,11,1.969754819346633
3,65,12,1.4424855487076118
3,65,13,1.4201505860539512
3,65,14,1.2995444570934525
3,65,15,1.115147464179348
3,66,1,1.7302625441756876
3,66,2,1.2709005227858796
3,66,3,1.3216434263961345
3,66,4,1.560212087686796
3,66,5,1.9302037197376163
3,66,6,1.1503002332187728
3,66,7,1.774453587944025
3,66,8,0.8596805264885473
3,66,9,1.8506166443465575
3,66,10,1.2314081575078946
3,66,11,1.0531051422868856
3,66,12,1.4009147757705125
3,66,13,1.253074880919825
3,66,14,0.7999360142310892
3,66,15,1.4262781909525042
3,67,1,1.894483575104916
3,67,2,1.3423194075702083
3,67,3,1.1803662669648343
3,67,4,1.264266547889489
3,67,5,1.1730845190941257
3,67,6,1.350348370485031
3,67,7,0.8710237411843919
3,67,8,1.3460769670466952
3,67,9,1.4508277433275494
3,67,10,1.138150329488209
3,67,11,1.150686068958651
3,67,12,1.5143847564602355
3,67,13,1.0833276754353598
3,67,14,1.1841977275633715
3,67,15,1.4266975760730283
3,68,1,1.3401488208219496
3,68,2,1.5028364717488403
3,68,3,1.5512266339156984
3,68,4,1.3642564586952082
3,68,5,1.659665436529588
3,68,6,1.4975340780619983
3,68,7,1.2880236364669613
3,68,8,1.1946759848248978
3,68,9,1.395369769454805
3,68,10,1.464038021524373
3,68,11,1.4212598571713568
3,68,12,1.2595340464378542
3,68,13,1.483096570954338
3,68,14,1.7836064687026982
3,68,15,1.5176641466599696
3,69,1,1.259547163184465
3,69,2,1.6271747958241523
3,69,3,1.141623723268027
3,69,4,1.4067788069226894
3,69,5,1.3068804559004505
3,69,6,1.1969117608318836
3,69,7,1.4654870270780789
3,69,8,1.2581588222367348
3,69,9,1.3865445627052866
3,69,10,1.0285827740294287
3,69,11,1.2982245648222408
3,69,12,1.4488650724019811
3,69,13,1.3939706569426622
3,69,14,1.036881546511505
3,69,15,1.4617588408776672
3,70,1,2.156800486748945
3,70,2,1.4461793793883684
3,70,3,1.1778058953895711
3,70,4,0.9007934076530508
3,70,5,1.3136918608790233
3,70,6,1.188472623847022
3,70,7,1.5206258651091127
3,70,8,1.5061301290307991
3,70,9,1.3958312280049012
3,70,10,1.6515068748684159
3,70,11,0.8987365112978597
3,70,12,1.6109120888044512
3,70,13,1.2813578687435938
3,70,14,0.9766562655403168
3,70,15,1.2984946585545267
3,71,1,1.6101934533301965
3,71,2,1.6618251050478376
3,71,3,1.6981400257710355
3,71,4,1.591716528457239
3,71,5,1.0860217890654655
3,71,6,1.2474814291272616
3,71,7,1.453294636482812
3,71,8,1.1047667742768643
3,71,9,1.1951583619604882
3,71,10,1.4258668898055094
3,71,11,1.4319633814229624
3,71,12,1.9425141049821886
3,71,13,1.3371408145898598
3,71,14,0.8772016256452817
3,71,15,1.4717594571054795
3,72,1,1.7082220069263139
3,72,2,1.3492805613480388
3,72,3,1.2056381037318709
3,72,4,1.5598129795835667
3,72,5,1.383027771357545
3,72,6,2.4227179039994606
3,72,7,1.478633012360287
3,72,8,1.2201474442371396
3,72,9,1.345195049494953
3,72,10,1.5143118091294627
3,72,11,1.5825486247938871
3,72,12,1.4900569468879812
3,72,13,1.3407265514116864
3,72,14,1.3453667547016945
3,72,15,1.0684565697728772
3,73,1,1.734200910881186
3,73,2,1.7406271206294324
3,73,3,1.3883785387953702
3,73,4,1.664612408808366
3,73,5,1.8583414284824202
3,73,6,1.177824382184997
3,73,7,1.5124907229250415
3,73,8,1.504106932038147
3,73,9,1.3627505146822512
3,73,10,1.233927717804953
3,73,11,1.0292203872221641
3,73,12,1.3159748337629753
3,73,13,1.1443168864590691
3,73,14,1.0342762639611123
3,73,15,1.0008310876805555
3,74,1,1.5070585325033174
3,74,2,1.4113562372200905
3,74,3,1.142441142240514
3,74,4,1.7419336574912696
3,74,5,1.5638076981910518
3,74,6,1.2740708514725516
3,74,7,1.5008827674679803
3,74,8,1.452947186628407
3,74,9,0.8862699313736823
3,74,10,1.1350682934991845
3,74,11,1.219112766702044
3,74,12,1.438655346653038
3,74,13,0.7164245192742461
3,74,14,1.2001822962235373
3,74,15,1.2217583129850096
3,75,1,1.4626178988057863
3,75,2,1.4147767585858648
3,75,3,1.2898043675644444
3,75,4,1.257070271354296
3,75,5,1.2607596751033132
3,75,6,1.4393537171757247
3,75,7,1.6168055087212219
3,75,8,1.176358782996059
3,75,9,1.3904789321280706
3,75,10,1.3453019112688362
3,75,11,1.3092088811359237
3,75,12,1.0384016597323873
3,75,13,1.5955791205644936
3,75,14,1.0215666173610614
3,75,15,1.0887177370911092
3,76,1,1.6836095904418424
3,76,2,1.4838481085732613
3,76,3,1.3168509907231518
3,76,4,1.6635335566535332
3,76,5,1.1330982656908255
3,76,6,1.5151239670602343
3,76,7,1.2140553542176993
3,76,8,1.123792085078344
3,76,9,1.4225689929568126
3,76,10,1.2221753776764106
3,76,11,1.4177263462520178
3,76,12,1.4128787783856955
3,76,13,0.7435883161839627
3,76,14,1.2814143119277177
3,76,15,1.421008767107368
3,77,1,1.8055777490282932
3,77,2,1.1486415586859224
3,77,3,1.3340166154136728
3,77,4,1.276575670378708
3,77,5,1.0677482979117825
3,77,6,1.097413837916564
3,77,7,1.1440558166366057
3,77,8,1.3902052575697814
3,77,9,1.4856548486596945
3,77,10,0.8748885209349502
3,77,11,1.4906017858736438
3,77,12,1.7477793824762358
3,77,13,1.306467250445714
3,77,14,1.335799355191384
3,77,15,1.0123221236078168
3,78,1,1.6740525662418977
3,78,2,1.041465735637497
3,78,3,1.3834671669416092
3,78,4,1.7827388218223503
3,78,5,1.3604608291466012
3,78,6,1.5522477344160819
3,78,7,1.4075067336214362
3,78,8,1.0799883987783077
3,78,9,0.8941681725631483
3,78,10,1.1203688046189222
3,78,11,1.616102760016498
3,78,12,1.4192873749369104
3,78,13,0.9749924589594383
3,78,14,0.9560961121752366
3,78,15,1.4862779568500046
3,79,1,1.224485612800721
3,79,2,1.4037311673276431
3,79,3,1.1840574142994411
3,79,4,1.0540209581619
3,79,5,1.149803809941228
3,79,6,1.0633904908872522
3,79,7,1.7441738086674168
3,79,8,1.1386705535254766
3,79,9,1.4142899997854812
3,79,10,0.8937517310978874
3,79,11,1.496636237751183
3,79,12,0.9565232415702576
3,79,13,1.757275552929984
3,79,14,1.1270349451503536
3,79,15,1.1582406478301308
3,80,1,1.9354474598523934
3,80,2,0.984018703751448
3,80,3,1.5766450647159675
3,80,4,1.301778223699593
3,80,5,1.1818596970105897
3,80,6,1.135992126812736
3,80,7,1.5921254307811719
3,80,8,1.0307382483244711
3,80,9,0.9862662144761526
3,80,10,1.1299089837406362
3,80,11,1.0466818720451818
3,80,12,1.5395477979016736
3,80,13,1.3267975644258978
3,80,14,1.5641328386515754
3,80,15,1.2363209750082935
3,81,1,1.343959655701299
3,81,2,1.2999376922614623
3,81,3,1.0099370557774299
3,81,4,1.5050484243631561
3,81,5,1.3307526174225761
3,81,6,0.8162134333542803
3,81,7,1.0975313486338198
3,81,8,1.063219496819004
3,81,9,1.2652792038396863
3,81,10,1.367671057916204
3,81,11,1.4542335952387002
3,81,12,1.3226099015964399
3,81,13,1.545896212629161
3,81,14,0.9956361863454796
3,81,15,1.0460119365273643
3,82,1,1.6574183520806258
3,82,2,1.1864850775605613
3,82,3,0.9428536894574241
3,82,4,0.8042680201655895
3,82,5,1.7597819985693106
3,82,6,1.4550912151177036
3,82,7,1.4821212229253682
3,82,8,1.071072430222466
3,82,9,1.5111819873902868
3,82,10,1.3932391431564357
3,82,11,1.1002708080646781
3,82,12,1.8616687495075155
3,82,13,1.1537030616879758
3,82,14,0.9300749818509764
3,82,15,1.3588840101049928
3,83,1,1.2433216712576098
3,83,2,1.2821075725475908
3,83,3,1.0510032045534177
3,83,4,1.383829083734105
3,83,5,0.9363940992876177
3,83,6,1.406650156722912
3,83,7,1.2879651044271334
3,83,8,1.21783227153559
3,83,9,1.3830657761946041
3,83,10,1.421989986329209
3,83,11,1.0348443637545428
3,83,12,1.6326612152541224
3,83,13,0.9745278996988639
3,83,14,1.2633163973665427
3,83,15,1.3251025992336831
3,84,1,1.1904627400690742
3,84,2,1.1745946938171163
3,84,3,1.422880026230447
3,84,4,1.3185230999870607
3,84,5,1.229407013578458
3,84,6,1.6934858877617078
3,84,7,1.0852256092114725
3,84,8,1.27492020702697
3,84,9,1.414035691799172
3,84,10,1.3023422717389523
3,84,11,1.1410525932100644
3,84,12,1.2177270833487084
3,84,13,1.120336744149054
3,84,14,1.0032198640234695
3,84,15,1.3717852730060003
3,85,1,1.6192108205009228
3,85,2,1.3291334922106242
3,85,3,1.9310257150926273
3,85,4,1.4050022981652288
3,85,5,1.668688049122919
3,85,6,1.449877723238753
3,85,7,1.4910333619650995
3,85,8,1.3977228524241556
3,85,9,1.3209092478996673
3,85,10,1.0733456116126905
3,85,11,1.637789247209676
3,85,12,1.5750369384468486
3,85,13,1.5896938404138437
3,85,14,1.5179910852803642
3,85,15,1.4246592427129396
3,86,1,1.4804315221945636
3,86,2,1.3684213822611953
3,86,3,1.0048585812656445
3,86,4,1.7839287276469702
3,86,5,1.7059409703689794
3,86,6,1.4047796908891816
3,86,7,1.1225553699401567
3,86,8,1.400187298316147
3,86,9,1.4667285154411016
3,86,10,1.7014478131328514
3,86,11,0.9997811632929965
3,86,12,1.3497909422381842
3,86,13,1.6212989154304398
3,86,14,1.7009816890665108
3,86,15,1.10344587205096
3,87,1,1.355778971284728
3,87,2,1.7460672117505565
3,87,3,1.3000024342250232
3,87,4,1.4620208519002809
3,87,5,1.4931979897802459
3,87,6,1.0268042595425253
3,87,7,1.0766721820581058
3,87,8,1.6995715618212381
3,87,9,1.6397031308383223
3,87,10,0.9451258311225647
3,87,11,1.0641904408503375
3,87,12,1.702582719021575
3,87,13,1.5167983411147137
3,87,14,1.1966376804649455
3,87,15,1.5452288878476266
3,88,1,1.6457066127009228
3,88,2,0.7447703943001917
3,88,3,1.425715699358683
3,88,4,1.443769957047328
3,88,5,1.6403488775802753
3,88,6,1.193362762446041
3,88,7,1.282070007950427
3,88,8,1.2933134720806132
3,88,9,0.8380314808275772
3,88,10,1.206908121374827
3,88,11,1.830142317947981
3,88,12,1.2158761515363328
3,88,13,1.5457232098588896
3,88,14,1.1210865320609091
3,88,15,1.3425295118878187
3,89,1,1.205628329105868
3,89,2,1.0513335705218005
3,89,3,1.3238823080357167
3,89,4,1.3158195955566572
3,89,5,1.2536310447934942
3,89,6,1.6237566699971706
3,89,7,1.4924752446007379
3,89,8,1.4570222986826755
3,89,9,1.5233004356146094
3,89,10,1.4288273806404785
3,89,11,1.5443147194333873
3,89,12,1.232245149465468
3,89,13,1.485528357898331
3,89,14,1.6041185341580366
3,89,15,1.6812479893029448
3,90,1,1.1457456497899257
3,90,2,0.7473374759975093
3,90,3,1.118381542033375
3,90,4,1.4393397204944742
3,90,5,1.409333129484322
3,90,6,1.5168887965229227
3,90,7,1.444247399742022
3,90,8,1.1484950021608271
3,90,9,1.3446265031518736
3,90,10,1.2424716754463594
3,90,11,1.2396873607938905
3,90,12,1.6193376313261203
3,90,13,1.213659530576682
3,90,14,1.4945636647581846
3,90,15,1.3906949019774402
3,91,1,1.6093254212815187
3,91,2,1.3524668387190761
3,91,3,1.3105392411100427
3,91,4,0.9534573686296977
3,91,5,1.507818404847828
3,91,6,1.5635649891441172
3,91,7,1.5363620519783676
3,91,8,1.317541991376074
3,91,9,1.362082592909501
3,91,10,1.041503689710188
3,91,11,1.1479529814999563
3,91,12,0.9609798623589287
3,91,13,1.100431367967688
3,91,14,1.324260576606516
3,91,15,1.2845772503407522
3,92,1,1.5416409475468804
3,92,2,1.477474809989214
3,92,3,1.5582696870582404
3,92,4,1.249148884266184
3,92,5,1.4425085982484085
3,92,6,1.3334130405911715
3,92,7,1.9606790443691766
3,92,8,1.3610079843848217
3,92,9,1.2929978025298203
3,92,10,1.1430373175684885
3,92,11,0.9975859930629601
3,92,12,0.7700736239761382
3,92,13,1.471292806227228
3,92,14,1.207836161894005
3,92,15,1.1367362351347312
3,93,1,1.1589905804074614
3,93,2,1.2791966967927082
3,93,3,1.216477325474407
3,93,4,1.4261286272396683
3,93,5,1.5406183357000924
3,93,6,1.4101052882291425
3,93,7,1.3142206720549015
3,93,8,1.3778616260532925
3,93,9,1.546987965196013
3,93,10,1.2250537408399418
3,93,11,1.2350666914127337
3,93,12,1.6032379904229777
3,93,13,1.3106218317933496
3,93,14,1.4432461192565604
3,93,15,1.4377536346968576
3,94,1,1.2691842057192764
3,94,2,0.7993209294675293
3,94,3,1.502050474699506
3,94,4,1.5274689284150658
3,94,5,1.9196588458495543
3,94,6,1.0303098255097192
3,94,7,1.7753926273744605
3,94,8,1.11778333825453
3,94,9,1.047973661469111
3,94,10,1.2396975963720058
3,94,11,1.1026889925070669
3,94,12,1.0010008732779028
3,94,13,1.306140219773274
3,94,14,1.3638875089146167
3,94,15,0.9738765738982953
3,95,1,1.7172235085506111
3,95,2,1.5959456549244206
3,95,3,1.5020546588019175
3,95,4,1.1200986739141539
3,95,5,1.5442812599126041
3,95,6,1.1140598742809067
3,95,7,1.1880862723366579
3,95,8,1.607504051969674
3,95,9,1.2142139840933102
3,95,10,1.2003336458768543
3,95,11,1.2357503061615494
3,95,12,1.0977864922176592
3,95,13,0.9967083811425379
3,95,14,1.0313227643868275
3,95,15,1.230081776840384
3,96,1,1.2317779971899505
3,96,2,1.8094640685676542
3,96,3,0.8268005227687886
3,96,4,1.0792529740749062
3,96,5,1.5027796790050525
3,96,6,1.86409993647313
3,96,7,1.5056618774914317
3,96,8,1.5257431461584101
3,96,9,1.2794400114218873
3,96,10,1.6461625410437137
3,96,11,1.44369173906611
3,96,12,1.8075197574685526
3,96,13,1.1589837048794052
3,96,14,1.5657993984243141
3,96,15,1.5322481455457684
3,97,1,1.4780861580482505
3,97,2,1.8730042084164409
3,97,3,1.5712381770854038
3,97,4,1.6924999755092223
3,97,5,1.3377391617763876
3,97,6,1.4326747192951585
3,97,7,1.6355389975011778
3,97,8,1.5368937003800909
3,97,9,1.6547233177194256
3,97,10,1.2751327552336873
3,97,11,1.5752538942964731
3,97,12,1.1782642178341536
3,97,13,1.1013690830136196
3,97,14,1.1511804909660923
3,97,15,1.7142318657192646
3,98,1,1.1873869139295323
3,98,2,0.9962988108636364
3,98,3,1.4464761707935572
3,98,4,1.1637073539932334
3,98,5,1.182054316714783
3,98,6,1.4959051323731367
3,98,7,2.234662112502382
3,98,8,1.0762328620578816
3,98,9,1.2810736424811546
3,98,10,1.6648707194644181
3,98,11,1.2043235352237447
3,98,12,1.0230481926077013
3,98,13,1.363553300624665
3,98,14,1.6795835006670836
3,98,15,1.4701253247391213
3,99,1,1.2586645377138008
3,99,2,1.5632056244689299
3,99,3,1.6123790666197835
3,99,4,1.7359902876281101
3,99,5,1.2628934565510344
3,99,6,1.4745212024197116
3,99,7,1.3599910548268483
3,99,8,1.620178522075199
3,99,9,1.4109299892922837
3,99,10,1.5292322459835308
3,99,11,1.2572290430143978
3,99,12,1.2065909551406042
3,99,13,1.1166528237573234
3,99,14,0.8618599779961997
3,99,15,1.1897841548532002
3,100,1,1.501852502521965
3,100,2,1.2310297472643028
3,100,3,1.9200714238145433
3,100,4,1.1906550171562706
3,100,5,1.4046530281308987
3,100,6,1.0161053246364273
3,100,7,1.606140468713052
3,100,8,1.2123917950056484
3,100,9,1.0812222309485255
3,100,10,1.3818736407328986
3,100,11,1.4822414767854832
3,100,12,1.362535870245779
3,100,13,1.2199589582485875
3,100,14,1.1372944512052978
3,100,15,1.317292690069658
3,101,1,1.1050809599185967
3,101,2,1.515853258188328
3,101,3,1.4021376174437774
3,101,4,1.2961374667968064
3,101,5,1.257136157838431
3,101,6,1.6198802615255568
3,101,7,1.1844344880399205
3,101,8,1.380172625149261
3,101,9,1.7299537118632198
3,101,10,0.8969328454439902
3,101,11,1.1378753381031708
3,101,12,1.2670069404341868
3,101,13,1.5785878919217284
3,101,14,0.9799684433633989
3,101,15,1.2284335992354407
3,102,1,1.3216174519326636
3,102,2,1.1030519618094623
3,102,3,1.1638186984784291
3,102,4,1.3365396208524214
3,102,5,1.4796698112639701
3,102,6,1.3662995850272661
3,102,7,1.074590382607152
3,102,8,1.4129234066988756
3,102,9,1.1340324015943375
3,102,10,1.530748551320884
3,102,11,1.3649009836405261
3,102,12,1.0458587038894953
3,102,13,1.1535788756751422
3,102,14,1.4484003525559157
3,102,15,1.4802716575424169
3,103,1,1.4934111715131584
3,103,2,1.422109606363878
3,103,3,1.5294464576155324
3,103,4,1.427204649198972
3,103,5,0.975316489776177
3,103,6,1.0188309605048413
3,103,7,1.4763509393502996
3,103,8,1.1019239032271586
3,103,9,1.6055051499528876
3,103,10,1.2866934866974975
3,103,11,0.8917095931983328
3,103,12,1.323112716384824
3,103,13,1.5177812780352415
3,103,14,1.2726075825336178
3,103,15,1.4819412041943107
3,104,1,1.0172462591109093
3,104,2,1.630496044211912
3,104,3,1.6370471411125112
3,104,4,1.0238603713120373
3,104,5,1.5700089725399677
3,104,6,1.5954349470634583
3,104,7,1.5177194703058208
3,104,8,0.9631963404423737
3,104,9,1.7221706024901677
3,104,10,1.4235635663729145
3,104,11,1.527469297212912
3,104,12,1.3686775194478333
3,104,13,1.4202444596438226
3,104,14,1.177946102186153
3,104,15,1.1442831025411924
3,105,1,1.5187981512181798
3,105,2,1.3616382286789688
3,105,3,2.176068814657621
3,105,4,1.5183055684995417
3,105,5,1.2087974717813592
3,105,6,1.7173614827296297
3,105,7,1.4252254215997173
3,105,8,1.5551722467625568
3,105,9,1.2843308921596635
3,105,10,0.734166908073717
3,105,11,1.0524515831117423
3,105,12,1.943266398929235
3,105,13,1.4248219636174957
3,105,14,1.4562787459665152
3,105,15,1.0006703421675238
3,106,1,1.7593135318630335
3,106,2,1.2051191197364186
3,106,3,1.4415374580476554
3,106,4,1.8390438619996587
3,106,5,1.214314214708397
3,106,6,1.48367320734967
3,106,7,1.4608689259068899
3,106,8,1.6142149022423746
3,106,9,1.5464539652964955
3,106,10,1.3938202267825874
3,106,11,1.6090387608169696
3,106,12,1.5676092835679147
3,106,13,11.723002539205059
3,106,14,1.458339251462409
3,106,15,1.2282328919695509
3,107,1,1.7349666411037181
3,107,2,1.5385995699650112
3,107,3,1.7051827412886023
3,107,4,1.1755585122240497
3,107,5,0.9044551220301555
3,107,6,1.7437227624808413
3,107,7,1.665672739221753
3,107,8,0.9183587563657691
3,107,9,1.421827248819491
3,107,10,1.5228100868257317
3,107,11,1.2597187721925478
3,107,12,1.3223673538267484
3,107,13,0.8115439894243812
3,107,14,1.2638538429431903
3,107,15,1.533260218655804
3,108,1,1.6141856663265592
3,108,2,1.6100484666512724
3,108,3,1.45780045289985
3,108,4,1.1339523091854933
3,108,5,1.3262445831832408
3,108,6,1.5518931896488375
3,108,7,1.1386136503860107
3,108,8,1.3238662104349637
3,108,9,0.9752915588752146
3,108,10,1.0499932138395256
3,108,11,1.235081615327417
3,108,12,1.2155855505863213
3,108,13,1.2287802430540986
3,108,14,0.9561469355556006
3,108,15,1.5603711169779355
3,109,1,1.5667513194133083
3,109,2,1.0546756926227487
3,109,3,1.1548190581517328
3,109,4,1.547017455016397
3,109,5,1.1141099014101454
3,109,6,0.8298986332053767
3,109,7,1.0621829612850975
3,109,8,1.6537401051027762
3,109,9,1.4581033855710825
3,109,10,1.0504978792442876
3,109,11,1.2593272863756728
3,109,12,1.2376869192178195
3,109,13,1.547808946988836
3,109,14,1.8331107111966307
3,109,15,1.6884153005742608
3,110,1,1.312539567205924
3,110,2,1.752671503702039
3,110,3,1.860214604459956
3,110,4,1.5756190797440115
3,110,5,1.546559583282335
3,110,6,1.3778167987634724
3,110,7,1.2243736180415663
3,110,8,1.2944897500758175
3,110,9,1.7646528413810358
3,110,10,1.2877102362381299
3,110,11,1.3447504746498242
3,110,12,1.2554035986494279
3,110,13,1.287228580238279
3,110,14,0.7989307251503902
3,110,15,1.0995972347352603
3,111,1,1.317861684502139
3,111,2,1.1780325750239564
3,111,3,1.3084828071077985
3,111,4,0.9454357665884855
3,111,5,1.9333240219830985
3,111,6,1.3427163370626733
3,111,7,1.0166836015970968
3,111,8,1.397161318288963
3,111,9,1.4233381428589518
3,111,10,1.7015408902208697
3,111,11,1.5283489471008116
3,111,12,1.6101711663864628
3,111,13,1.0932852246082292
3,111,14,1.7059003779770705
3,111,15,1.3159022559789064
3,112,1,1.138250884586015
3,112,2,1.4309740024879911
3,112,3,1.2647835511570353
3,112,4,1.3703721606656962
3,112,5,1.0029527015239195
3,112,6,1.632353090774795
3,112,7,1.166127325593364
3,112,8,1.2379431595144257
3,112,9,1.2806095671795699
3,112,10,1.175773622568734
3,112,11,0.8462876771657915
3,112,12,1.4746512921927868
3,112,13,1.4214554799699948
3,112,14,1.642381130791758
3,112,15,1.5449225932060489
3,113,1,1.2102031637829953
3,113,2,1.05794575010633
3,113,3,1.4097436989872292
3,113,4,1.3999027057912097
3,113,5,1.108393973355401
3,113,6,1.939816210270931
3,113,7,1.1951969353949998
3,113,8,1.4691549145295153
3,113,9,1.1268999698897704
3,113,10,1.3501834480224253
3,113,11,0.9790859546443699
3,113,12,1.6476969992340467
3,113,13,1.295763393375945
3,113,14,1.4077534818722723
3,113,15,1.551629654880587
3,114,1,1.1912425874074728
3,114,2,1.1712048947583795
3,114,3,1.3968393239681223
3,114,4,1.157210406089867
3,114,5,0.7288284243796505
3,114,6,1.5951011390271566
3,114,7,1.1809967480212864
3,114,8,1.0920993262765177
3,114,9,1.2592212933960156
3,114,10,1.3664659624447668
3,114,11,1.423699676756795
3,114,12,1.2931542263603337
3,114,13,1.495765033250847
3,114,14,1.123033720848308
3,114,15,1.1151256707127575
3,115,1,1.3233415176940626
3,115,2,1.6362396331900988
3,115,3,1.2849639259480823
3,115,4,1.1415425226010067
3,115,5,1.3460340971876052
3,115,6,1.5213831366812012
3,115,7,1.2983671003249753
3,115,8,1.0889519397964877
3,115,9,0.8459017124328239
3,115,10,0.8553038432805948
3,115,11,0.9615463752091167
3,115,12,0.9970005805292254
3,115,13,1.1975538412069033
3,115,14,1.3523832436924104
3,115,15,1.4208823579154364
3,116,1,1.6071017880292038
3,116,2,1.5581528520137933
3,116,3,1.0957006849765467
3,116,4,1.5911588757020674
3,116,5,1.3506739907211458
3,116,6,1.5105745700541642
3,116,7,1.5579146992078405
3,116,8,1.2643509246648323
3,116,9,1.427850294268205
3,116,10,1.5495468804889363
3,116,11,1.2723092051050842
3,116,12,1.0759536246344574
3,116,13,1.7095398115454934
3,116,14,1.2531735556427575
3,116,15,1.3626767524243555
3,117,1,1.748606115413909
3,117,2,1.4190981564441099
3,117,3,1.3522482098583357
3,117,4,0.954769891416308
3,117,5,1.3671197707304497
3,117,6,1.1831925211467733
3,117,7,0.8377597557650083
3,117,8,1.1233871217119544
3,117,9,1.0278916186001101
3,117,10,1.2505614768235218
3,117,11,1.346539137819128
3,117,12,1.411275849077368
3,117,13,1.4700675287185574
3,117,14,1.792160108505059
3,117,15,1.0843555450923188
3,118,1,1.4003569171385308
3,118,2,1.5807121703745213
3,118,3,1.5931732557877498
3,118,4,1.495691403844219
3,118,5,1.575966181581869
3,118,6,1.3201935983466873
3,118,7,1.065202307999361
3,118,8,0.9373982732797858
3,118,9,1.215344890057531
3,118,10,1.284204748315264
3,118,11,0.9984244367805937
3,118,12,1.2076197389902774
3,118,13,2.1840123326856538
3,118,14,1.4349331121546771
3,118,15,1.1837014894184772
3,119,1,1.5334768897493714
3,119,2,1.1560589092981977
3,119,3,1.0772254594208588
3,119,4,1.5611755771852027
3,119,5,1.2909983061814456
3,119,6,1.520212048321502
3,119,7,0.9511895038811642
3,119,8,1.3726583442071947
3,119,9,0.8993690939238591
3,119,10,1.2266659664071442
3,119,11,1.3134137371843408
3,119,12,1.2029124720069948
3,119,13,1.1733861060984958
3,119,14,1.405725318168714
3,119,15,1.5124691872857636
3,120,1,1.4338841774038475
3,120,2,1.484543411794109
3,120,3,1.5191766099124724
3,120,4,1.942170651625472
3,120,5,1.4503540566608302
3,120,6,2.101755703775304
3,120,7,1.5113401715108543
3,120,8,1.3428360417087337
3,120,9,1.1777447774416088
3,120,10,1.6138664168557768
3,120,11,1.6033052544707753
3,120,12,1.073943977521238
3,120,13,1.1079177664625461
3,120,14,1.1958774633747447
3,120,15,1.2642128494113585
3,121,1,1.679499423715842
3,121,2,1.7512242195588963
3,121,3,1.7467277355642703
3,121,4,1.1801630126660874
3,121,5,1.3932498840131176
3,121,6,1.5236456774168823
3,121,7,1.2173694838207436
3,121,8,1.5558784066731937
3,121,9,0.9755197725453739
3,121,10,1.685291322357214
3,121,11,1.2192181662544437
3,121,12,1.000178119147795
3,121,13,1.6785703604763769
3,121,14,1.0827904115795848
3,121,15,1.2422667187888767
3,122,1,1.8195390214843339
3,122,2,1.1522346150358034
3,122,3,0.9941331966553741
3,122,4,1.3503293824900549
3,122,5,1.0210298380775686
3,122,6,1.3114251422776115
3,122,7,1.2519945059435285
3,122,8,1.0925763025340085
3,122,9,1.5845278523755022
3,122,10,1.2783862429763713
3,122,11,1.1588018489149594
3,122,12,1.6681413694769418
3,122,13,1.533068366534017
3,122,14,1.3829651424536151
3,122,15,1.230218000611968
3,123,1,1.235005128529874
3,123,2,1.2833676119109725
3,123,3,1.425702210025658
3,123,4,1.282096083407326
3,123,5,1.1078581046271758
3,123,6,1.5600857782180513
3,123,7,1.6967115956763121
3,123,8,1.463897998425826
3,123,9,1.4237932326914946
3,123,10,1.108127078498029
3,123,11,0.932475116788828
3,123,12,1.1277115893345926
3,123,13,1.486505782869921
3,123,14,1.5520186556930813
3,123,15,1.4095435760419208
3,124,1,1.3817927788849123
3,124,2,1.4249985547922723
3,124,3,1.1524708885582806
3,124,4,1.4157172384555345
3,124,5,1.3987959237999288
3,124,6,1.3073511385477627
3,124,7,1.9725215174609554
3,124,8,1.1684941011558108
3,124,9,1.5299378843424885
3,124,10,1.1765004540538861
3,124,11,1.2942748887249378
3,124,12,1.5681180461843285
3,124,13,1.358668254367474
3,124,14,1.594310396839809
3,124,15,1.3514489380062784
3,125,1,1.5441834383250321
3,125,2,1.1136170759951494
3,125,3,1.2410482995880368
3,125,4,0.9673660875262052
3,125,5,1.2534392992265833
3,125,6,1.2239166948759834
3,125,7,1.1476652763906807
3,125,8,1.3828898593892285
3,125,9,0.8595928503568018
3,125,10,1.2489877551737083
3,125,11,1.3648768426023143
3,125,12,1.2790189795941296
3,125,13,1.460214127758698
3,125,14,0.7944370643925213
3,125,15,1.1880138291408662
