analysis_id,condition,deviant_position,session_seed,repetition,mean_E_0_180_ms
3ff2d9364a079d3ec8b3c687a48f8a9f95ade105b35a0d6594d61cb33341465f,intact,1,11,1,13.587154955498171
3ff2d9364a079d3ec8b3c687a48f8a9f95ade105b35a0d6594d61cb33341465f,intact,1,11,2,12.432743769824619
3ff2d9364a079d3ec8b3c687a48f8a9f95ade105b35a0d6594d61cb33341465f,intact,1,11,3,11.66063006498117
3ff2d9364a079d3ec8b3c687a48f8a9f95ade105b35a0d6594d61cb33341465f,intact,1,11,4,11.10405551898366
3ff2d9364a079d3ec8b3c687a48f8a9f95ade105b35a0d6594d61cb33341465f,intact,1,11,5,10.697281460963923
3ff2d9364a079d3ec8b3c687a48f8a9f95ade105b35a0d6594d61cb33341465f,intact,1,11,6,10.399839364345981
3ff2d9364a079d3ec8b3c687a48f8a9f95ade105b35a0d6594d61cb33341465f,intact,1,11,7,10.182874214336639
3ff2d9364a079d3ec8b3c687a48f8a9f95ade105b35a0d6594d61cb33341465f,intact,1,11,8,10.025168334716327
3ff2d9364a079d3ec8b3c687a48f8a9f95ade105b35a0d6594d61cb33341465f,intact,1,11,9,9.911049981242995
3ff2d9364a079d3ec8b3c687a48f8a9f95ade105b35a0d6594d61cb33341465f,intact,1,11,10,9.828948275933419
3ff2d9364a079d3ec8b3c687a48f8a9f95ade105b35a0d6594d61cb33341465f,intact,1,11,11,9.770328829938101
3ff2d9364a079d3ec8b3c687a48f8a9f95ade105b35a0d6594d61cb33341465f,intact,1,11,12,9.728903242322446
3ff2d9364a079d3ec8b3c687a48f8a9f95ade105b35a0d6594d61cb33341465f,intact,1,11,13,9.700041833572365
3ff2d9364a079d3ec8b3c687a48f8a9f95ade105b35a0d6594d61cb33341465f,intact,1,11,14,9.680338903147305
3ff2d9364a079d3ec8b3c687a48f8a9f95ade105b35a0d6594d61cb33341465f,intact,1,11,15,9.667291021269751
3ff2d9364a079d3ec8b3c687a48f8a9f95ade105b35a0d6594d61cb33341465f,intact,1,23,1,13.471994657886208
3ff2d9364a079d3ec8b3c687a48f8a9f95ade105b35a0d6594d61cb33341465f,intact,1,23,2,12.353844449178354
3ff2d9364a079d3ec8b3c687a48f8a9f95ade105b35a0d6594d61cb33341465f,intact,1,23,3,11.60595071072526
3ff2d9364a079d3ec8b3c687a48f8a9f95ade105b35a0d6594d61cb33341465f,intact,1,23,4,11.06679970591575
3ff2d9364a079d3ec8b3c687a48f8a9f95ade105b35a0d6594d61cb33341465f,intact,1,23,5,10.672709855982468
3ff2d9364a079d3ec8b3c687a48f8a9f95ade105b35a0d6594d61cb33341465f,intact,1,23,6,10.384482662194175
3ff2d9364a079d3ec8b3c687a48f8a9f95ade105b35a0d6594d61cb33341465f,intact,1,23,7,10.174173463301505
3ff2d9364a079d3ec8b3c687a48f8a9f95ade105b35a0d6594d61cb33341465f,intact,1,23,8,10.021237341761813
3ff2d9364a079d3ec8b3c687a48f8a9f95ade105b35a0d6594d61cb33341465f,intact,1,23,9,9.910501384558422
3ff2d9364a079d3ec8b3c687a48f8a9f95ade105b35a0d6594d61cb33341465f,intact,1,23,10,9.830764115018118
3ff2d9364a079d3ec8b3c687a48f8a9f95ade105b35a0d6594d61cb33341465f,intact,1,23,11,9.773764472709674
3ff2d9364a079d3ec8b3c687a48f8a9f95ade105b35a0d6594d61cb33341465f,intact,1,23,12,9.733415660856993
3ff2d9364a079d3ec8b3c687a48f8a9f95ade105b35a0d6594d61cb33341465f,intact,1,23,13,9.705236809620324
3ff2d9364a079d3ec8b3c687a48f8a9f95ade105b35a0d6594d61cb33341465f,intact,1,23,14,9.685931718412535
3ff2d9364a079d3ec8b3c687a48f8a9f95ade105b35a0d6594d61cb33341465f,intact,1,23,15,9.673077421661203
3ff2d9364a079d3ec8b3c687a48f8a9f95ade105b35a0d6594d61cb33341465f,intact,1,37,1,13.586235352105245
3ff2d9364a079d3ec8b3c687a48f8a9f95ade105b35a0d6594d61cb33341465f,intact,1,37,2,12.431962020513073
3ff2d9364a079d3ec8b3c687a48f8a9f95ade105b35a0d6594d61cb33341465f,intact,1,37,3,11.65994483595427
3ff2d9364a079d3ec8b3c687a48f8a9f95ade105b35a0d6594d61cb33341465f,intact,1,37,4,11.1034434108032
3ff2d9364a079d3ec8b3c687a48f8a9f95ade105b35a0d6594d61cb33341465f,intact,1,37,5,10.696727063302545
3ff2d9364a079d3ec8b3c687a48f8a9f95ade105b35a0d6594d61cb33341465f,intact,1,37,6,10.39933190117812
3ff2d9364a079d3ec8b3c687a48f8a9f95ade105b35a0d6594d61cb33341465f,intact,1,37,7,10.182405894328836
3ff2d9364a079d3ec8b3c687a48f8a9f95ade105b35a0d6594d61cb33341465f,intact,1,37,8,10.024733519372482
3ff2d9364a079d3ec8b3c687a48f8a9f95ade105b35a0d6594d61cb33341465f,intact,1,37,9,9.910644462521216
3ff2d9364a079d3ec8b3c687a48f8a9f95ade105b35a0d6594d61cb33341465f,intact,1,37,10,9.828568760286348
3ff2d9364a079d3ec8b3c687a48f8a9f95ade105b35a0d6594d61cb33341465f,intact,1,37,11,9.76997279961996
3ff2d9364a079d3ec8b3c687a48f8a9f95ade105b35a0d6594d61cb33341465f,intact,1,37,12,9.728568628205913
3ff2d9364a079d3ec8b3c687a48f8a9f95ade105b35a0d6594d61cb33341465f,intact,1,37,13,9.69972695583394
3ff2d9364a079d3ec8b3c687a48f8a9f95ade105b35a0d6594d61cb33341465f,intact,1,37,14,9.680042360275108
3ff2d9364a079d3ec8b3c687a48f8a9f95ade105b35a0d6594d61cb33341465f,intact,1,37,15,9.667011574923784
3ff2d9364a079d3ec8b3c687a48f8a9f95ade105b35a0d6594d61cb33341465f,intact,1,41,1,13.214854110764756
3ff2d9364a079d3ec8b3c687a48f8a9f95ade105b35a0d6594d61cb33341465f,intact,1,41,2,12.173813441164976
3ff2d9364a079d3ec8b3c687a48f8a9f95ade105b35a0d6594d61cb33341465f,intact,1,41,3,11.477562644682388
3ff2d9364a079d3ec8b3c687a48f8a9f95ade105b35a0d6594d61cb33341465f,intact,1,41,4,10.975648763582537
3ff2d9364a079d3ec8b3c687a48f8a9f95ade105b35a0d6594d61cb33341465f,intact,1,41,5,10.60876828852402
3ff2d9364a079d3ec8b3c687a48f8a9f95ade105b35a0d6594d61cb33341465f,intact,1,41,6,10.340425688125412
3ff2d9364a079d3ec8b3c687a48f8a9f95ade105b35a0d6594d61cb33341465f,intact,1,41,7,10.144606802371412
3ff2d9364a079d3ec8b3c687a48f8a9f95ade105b35a0d6594d61cb33341465f,intact,1,41,8,10.002187689018287
3ff2d9364a079d3ec8b3c687a48f8a9f95ade105b35a0d6594d61cb33341465f,intact,1,41,9,9.89904583949805
3ff2d9364a079d3ec8b3c687a48f8a9f95ade105b35a0d6594d61cb33341465f,intact,1,41,10,9.824755832815917
3ff2d9364a079d3ec8b3c687a48f8a9f95ade105b35a0d6594d61cb33341465f,intact,1,41,11,9.771629185298766
3ff2d9364a079d3ec8b3c687a48f8a9f95ade105b35a0d6594d61cb33341465f,intact,1,41,12,9.73400121913053
3ff2d9364a079d3ec8b3c687a48f8a9f95ade105b35a0d6594d61cb33341465f,intact,1,41,13,9.707701840417684
3ff2d9364a079d3ec8b3c687a48f8a9f95ade105b35a0d6594d61cb33341465f,intact,1,41,14,9.689663603607958
3ff2d9364a079d3ec8b3c687a48f8a9f95ade105b35a0d6594d61cb33341465f,intact,1,41,15,9.677631639304108
3ff2d9364a079d3ec8b3c687a48f8a9f95ade105b35a0d6594d61cb33341465f,intact,1,53,1,13.607437716526581
3ff2d9364a079d3ec8b3c687a48f8a9f95ade105b35a0d6594d61cb33341465f,intact,1,53,2,12.450459366468277
3ff2d9364a079d3ec8b3c687a48f8a9f95ade105b35a0d6594d61cb33341465f,intact,1,53,3,11.676611273724772
3ff2d9364a079d3ec8b3c687a48f8a9f95ade105b35a0d6594d61cb33341465f,intact,1,53,4,11.118709993819898
3ff2d9364a079d3ec8b3c687a48f8a9f95ade105b35a0d6594d61cb33341465f,intact,1,53,5,10.710859133363762
3ff2d9364a079d3ec8b3c687a48f8a9f95ade105b35a0d6594d61cb33341465f,intact,1,53,6,10.41250630969789
3ff2d9364a079d3ec8b3c687a48f8a9f95ade105b35a0d6594d61cb33341465f,intact,1,53,7,10.194746019045139
3ff2d9364a079d3ec8b3c687a48f8a9f95ade105b35a0d6594d61cb33341465f,intact,1,53,8,10.03632856893267
3ff2d9364a079d3ec8b3c687a48f8a9f95ade105b35a0d6594d61cb33341465f,intact,1,53,9,9.921561725016701
3ff2d9364a079d3ec8b3c687a48f8a9f95ade105b35a0d6594d61cb33341465f,intact,1,53,10,9.838861241533364
3ff2d9364a079d3ec8b3c687a48f8a9f95ade105b35a0d6594d61cb33341465f,intact,1,53,11,9.779683879293227
3ff2d9364a079d3ec8b3c687a48f8a9f95ade105b35a0d6594d61cb33341465f,intact,1,53,12,9.73773521231046
3ff2d9364a079d3ec8b3c687a48f8a9f95ade105b35a0d6594d61cb33341465f,intact,1,53,13,9.708381473435537
3ff2d9364a079d3ec8b3c687a48f8a9f95ade105b35a0d6594d61cb33341465f,intact,1,53,14,9.68821395554887
3ff2d9364a079d3ec8b3c687a48f8a9f95ade105b35a0d6594d61cb33341465f,intact,1,53,15,9.67472697567116
3ff2d9364a079d3ec8b3c687a48f8a9f95ade105b35a0d6594d61cb33341465f,intact,1,67,1,13.59616447678265
3ff2d9364a079d3ec8b3c687a48f8a9f95ade105b35a0d6594d61cb33341465f,intact,1,67,2,12.440764520847743
3ff2d9364a079d3ec8b3c687a48f8a9f95ade105b35a0d6594d61cb33341465f,intact,1,67,3,11.668007016631954
3ff2d9364a079d3ec8b3c687a48f8a9f95ade105b35a0d6594d61cb33341465f,intact,1,67,4,11.110935747164392
3ff2d9364a079d3ec8b3c687a48f8a9f95ade105b35a0d6594d61cb33341465f,intact,1,67,5,10.703746575032586
3ff2d9364a079d3ec8b3c687a48f8a9f95ade105b35a0d6594d61cb33341465f,intact,1,67,6,10.405939920862943
3ff2d9364a079d3ec8b3c687a48f8a9f95ade105b35a0d6594d61cb33341465f,intact,1,67,7,10.188643641695808
3ff2d9364a079d3ec8b3c687a48f8a9f95ade105b35a0d6594d61cb33341465f,intact,1,67,8,10.030630474016634
3ff2d9364a079d3ec8b3c687a48f8a9f95ade105b35a0d6594d61cb33341465f,intact,1,67,9,9.916223088070895
3ff2d9364a079d3ec8b3c687a48f8a9f95ade105b35a0d6594d61cb33341465f,intact,1,67,10,9.833847362299478
3ff2d9364a079d3ec8b3c687a48f8a9f95ade105b35a0d6594d61cb33341465f,intact,1,67,11,9.774967225684444
3ff2d9364a079d3ec8b3c687a48f8a9f95ade105b35a0d6594d61cb33341465f,intact,1,67,12,9.733293064656875
3ff2d9364a079d3ec8b3c687a48f8a9f95ade105b35a0d6594d61cb33341465f,intact,1,67,13,9.704194661843287
3ff2d9364a079d3ec8b3c687a48f8a9f95ade105b35a0d6594d61cb33341465f,intact,1,67,14,9.68426588036973
3ff2d9364a079d3ec8b3c687a48f8a9f95ade105b35a0d6594d61cb33341465f,intact,1,67,15,9.671002856024584
3ff2d9364a079d3ec8b3c687a48f8a9f95ade105b35a0d6594d61cb33341465f,intact,1,79,1,13.462349425519154
3ff2d9364a079d3ec8b3c687a48f8a9f95ade105b35a0d6594d61cb33341465f,intact,1,79,2,12.345376279923789
3ff2d9364a079d3ec8b3c687a48f8a9f95ade105b35a0d6594d61cb33341465f,intact,1,79,3,11.598311668972379
3ff2d9364a079d3ec8b3c687a48f8a9f95ade105b35a0d6594d61cb33341465f,intact,1,79,4,11.059806832100012
3ff2d9364a079d3ec8b3c687a48f8a9f95ade105b35a0d6594d61cb33341465f,intact,1,79,5,10.666245187832018
3ff2d9364a079d3ec8b3c687a48f8a9f95ade105b35a0d6594d61cb33341465f,intact,1,79,6,10.37846461318355
3ff2d9364a079d3ec8b3c687a48f8a9f95ade105b35a0d6594d61cb33341465f,intact,1,79,7,10.168543649667525
3ff2d9364a079d3ec8b3c687a48f8a9f95ade105b35a0d6594d61cb33341465f,intact,1,79,8,10.015952665979896
3ff2d9364a079d3ec8b3c687a48f8a9f95ade105b35a0d6594d61cb33341465f,intact,1,79,9,9.90552894511933
3ff2d9364a079d3ec8b3c687a48f8a9f95ade105b35a0d6594d61cb33341465f,intact,1,79,10,9.826077948390873
3ff2d9364a079d3ec8b3c687a48f8a9f95ade105b35a0d6594d61cb33341465f,intact,1,79,11,9.769343418561148
3ff2d9364a079d3ec8b3c687a48f8a9f95ade105b35a0d6594d61cb33341465f,intact,1,79,12,9.729241930255649
3ff2d9364a079d3ec8b3c687a48f8a9f95ade105b35a0d6594d61cb33341465f,intact,1,79,13,9.701294975159488
3ff2d9364a079d3ec8b3c687a48f8a9f95ade105b35a0d6594d61cb33341465f,intact,1,79,14,9.682208032509623
3ff2d9364a079d3ec8b3c687a48f8a9f95ade105b35a0d6594d61cb33341465f,intact,1,79,15,9.669559508025785
3ff2d9364a079d3ec8b3c687a48f8a9f95ade105b35a0d6594d61cb33341465f,intact,1,97,1,13.586780392857348
3ff2d9364a079d3ec8b3c687a48f8a9f95ade105b35a0d6594d61cb33341465f,intact,1,97,2,12.432295587118855
3ff2d9364a079d3ec8b3c687a48f8a9f95ade105b35a0d6594d61cb33341465f,intact,1,97,3,11.660114210033301
3ff2d9364a079d3ec8b3c687a48f8a9f95ade105b35a0d6594d61cb33341465f,intact,1,97,4,11.103491519225441
3ff2d9364a079d3ec8b3c687a48f8a9f95ade105b35a0d6594d61cb33341465f,intact,1,97,5,10.696687817489106
3ff2d9364a079d3ec8b3c687a48f8a9f95ade105b35a0d6594d61cb33341465f,intact,1,97,6,10.399231167768798
3ff2d9364a079d3ec8b3c687a48f8a9f95ade105b35a0d6594d61cb33341465f,intact,1,97,7,10.182263153127453
3ff2d9364a079d3ec8b3c687a48f8a9f95ade105b35a0d6594d61cb33341465f,intact,1,97,8,10.024563271641059
3ff2d9364a079d3ec8b3c687a48f8a9f95ade105b35a0d6594d61cb33341465f,intact,1,97,9,9.91045733523696
3ff2d9364a079d3ec8b3c687a48f8a9f95ade105b35a0d6594d61cb33341465f,intact,1,97,10,9.828372537796927
3ff2d9364a079d3ec8b3c687a48f8a9f95ade105b35a0d6594d61cb33341465f,intact,1,97,11,9.769773121069022
3ff2d9364a079d3ec8b3c687a48f8a9f95ade105b35a0d6594d61cb33341465f,intact,1,97,12,9.728369434270999
3ff2d9364a079d3ec8b3c687a48f8a9f95ade105b35a0d6594d61cb33341465f,intact,1,97,13,9.699531055534083
3ff2d9364a079d3ec8b3c687a48f8a9f95ade105b35a0d6594d61cb33341465f,intact,1,97,14,9.679851661429305
3ff2d9364a079d3ec8b3c687a48f8a9f95ade105b35a0d6594d61cb33341465f,intact,1,97,15,9.66682734625326
3ff2d9364a079d3ec8b3c687a48f8a9f95ade105b35a0d6594d61cb33341465f,intact,2,11,1,13.19583623326192
3ff2d9364a079d3ec8b3c687a48f8a9f95ade105b35a0d6594d61cb33341465f,intact,2,11,2,12.04107298081609
3ff2d9364a079d3ec8b3c687a48f8a9f95ade105b35a0d6594d61cb33341465f,intact,2,11,3,11.268733568466846
3ff2d9364a079d3ec8b3c687a48f8a9f95ade105b35a0d6594d61cb33341465f,intact,2,11,4,10.712016486018008
3ff2d9364a079d3ec8b3c687a48f8a9f95ade105b35a0d6594d61cb33341465f,intact,2,11,5,10.3051213742716
3ff2d9364a079d3ec8b3c687a48f8a9f95ade105b35a0d6594d61cb33341465f,intact,2,11,6,10.00754795148732
3ff2d9364a079d3ec8b3c687a48f8a9f95ade105b35a0d6594d61cb33341465f,intact,2,11,7,9.790432441708539
3ff2d9364a079d3ec8b3c687a48f8a9f95ade105b35a0d6594d61cb33341465f,intact,2,11,8,9.632559688083148
3ff2d9364a079d3ec8b3c687a48f8a9f95ade105b35a0d6594d61cb33341465f,intact,2,11,9,9.518264829660641
3ff2d9364a079d3ec8b3c687a48f8a9f95ade105b35a0d6594d61cb33341465f,intact,2,11,10,9.43598467066193
3ff2d9364a079d3ec8b3c687a48f8a9f95ade105b35a0d6594d61cb33341465f,intact,2,11,11,9.377191934317954
3ff2d9364a079d3ec8b3c687a48f8a9f95ade105b35a0d6594d61cb33341465f,intact,2,11,12,9.335603880558796
3ff2d9364a079d3ec8b3c687a48f8a9f95ade105b35a0d6594d61cb33341465f,intact,2,11,13,9.306595161970744
3ff2d9364a079d3ec8b3c687a48f8a9f95ade105b35a0d6594d61cb33341465f,intact,2,11,14,9.286763003189215
3ff2d9364a079d3ec8b3c687a48f8a9f95ade105b35a0d6594d61cb33341465f,intact,2,11,15,9.273605829486687
3ff2d9364a079d3ec8b3c687a48f8a9f95ade105b35a0d6594d61cb33341465f,intact,2,23,1,13.07970464873009
3ff2d9364a079d3ec8b3c687a48f8a9f95ade105b35a0d6594d61cb33341465f,intact,2,23,2,11.961438042128185
3ff2d9364a079d3ec8b3c687a48f8a9f95ade105b35a0d6594d61cb33341465f,intact,2,23,3,11.213484074653186
3ff2d9364a079d3ec8b3c687a48f8a9f95ade105b35a0d6594d61cb33341465f,intact,2,23,4,10.67431506281645
3ff2d9364a079d3ec8b3c687a48f8a9f95ade105b35a0d6594d61cb33341465f,intact,2,23,5,10.280202131391817
3ff2d9364a079d3ec8b3c687a48f8a9f95ade105b35a0d6594d61cb33341465f,intact,2,23,6,9.991923603636875
3ff2d9364a079d3ec8b3c687a48f8a9f95ade105b35a0d6594d61cb33341465f,intact,2,23,7,9.781531466021505
3ff2d9364a079d3ec8b3c687a48f8a9f95ade105b35a0d6594d61cb33341465f,intact,2,23,8,9.628486587935818
3ff2d9364a079d3ec8b3c687a48f8a9f95ade105b35a0d6594d61cb33341465f,intact,2,23,9,9.51762508385221
3ff2d9364a079d3ec8b3c687a48f8a9f95ade105b35a0d6594d61cb33341465f,intact,2,23,10,9.437754646766125
3ff2d9364a079d3ec8b3c687a48f8a9f95ade105b35a0d6594d61cb33341465f,intact,2,23,11,9.380622147499572
3ff2d9364a079d3ec8b3c687a48f8a9f95ade105b35a0d6594d61cb33341465f,intact,2,23,12,9.340147214760636
3ff2d9364a079d3ec8b3c687a48f8a9f95ade105b35a0d6594d61cb33341465f,intact,2,23,13,9.311853706047344
3ff2d9364a079d3ec8b3c687a48f8a9f95ade105b35a0d6594d61cb33341465f,intact,2,23,14,9.292448716470918
3ff2d9364a079d3ec8b3c687a48f8a9f95ade105b35a0d6594d61cb33341465f,intact,2,23,15,9.279511495084696
3ff2d9364a079d3ec8b3c687a48f8a9f95ade105b35a0d6594d61cb33341465f,intact,2,37,1,13.194996892659063
3ff2d9364a079d3ec8b3c687a48f8a9f95ade105b35a0d6594d61cb33341465f,intact,2,37,2,12.04035612872101
3ff2d9364a079d3ec8b3c687a48f8a9f95ade105b35a0d6594d61cb33341465f,intact,2,37,3,11.268102376090303
3ff2d9364a079d3ec8b3c687a48f8a9f95ade105b35a0d6594d61cb33341465f,intact,2,37,4,10.711450248425566
3ff2d9364a079d3ec8b3c687a48f8a9f95ade105b35a0d6594d61cb33341465f,intact,2,37,5,10.30460636351403
3ff2d9364a079d3ec8b3c687a48f8a9f95ade105b35a0d6594d61cb33341465f,intact,2,37,6,10.007074595655588
3ff2d9364a079d3ec8b3c687a48f8a9f95ade105b35a0d6594d61cb33341465f,intact,2,37,7,9.789993874312426
3ff2d9364a079d3ec8b3c687a48f8a9f95ade105b35a0d6594d61cb33341465f,intact,2,37,8,9.632150892131264
3ff2d9364a079d3ec8b3c687a48f8a9f95ade105b35a0d6594d61cb33341465f,intact,2,37,9,9.517882064664068
3ff2d9364a079d3ec8b3c687a48f8a9f95ade105b35a0d6594d61cb33341465f,intact,2,37,10,9.435625074151183
3ff2d9364a079d3ec8b3c687a48f8a9f95ade105b35a0d6594d61cb33341465f,intact,2,37,11,9.37685328571503
3ff2d9364a079d3ec8b3c687a48f8a9f95ade105b35a0d6594d61cb33341465f,intact,2,37,12,9.335284390501313
3ff2d9364a079d3ec8b3c687a48f8a9f95ade105b35a0d6594d61cb33341465f,intact,2,37,13,9.306293357085272
3ff2d9364a079d3ec8b3c687a48f8a9f95ade105b35a0d6594d61cb33341465f,intact,2,37,14,9.28647765481706
3ff2d9364a079d3ec8b3c687a48f8a9f95ade105b35a0d6594d61cb33341465f,intact,2,37,15,9.273335867421991
3ff2d9364a079d3ec8b3c687a48f8a9f95ade105b35a0d6594d61cb33341465f,intact,2,41,1,12.822175925280703
3ff2d9364a079d3ec8b3c687a48f8a9f95ade105b35a0d6594d61cb33341465f,intact,2,41,2,11.781198754667367
3ff2d9364a079d3ec8b3c687a48f8a9f95ade105b35a0d6594d61cb33341465f,intact,2,41,3,11.085010948762521
3ff2d9364a079d3ec8b3c687a48f8a9f95ade105b35a0d6594d61cb33341465f,intact,2,41,4,10.583169014505831
3ff2d9364a079d3ec8b3c687a48f8a9f95ade105b35a0d6594d61cb33341465f,intact,2,41,5,10.21633495878189
3ff2d9364a079d3ec8b3c687a48f8a9f95ade105b35a0d6594d61cb33341465f,intact,2,41,6,9.947997565570786
3ff2d9364a079d3ec8b3c687a48f8a9f95ade105b35a0d6594d61cb33341465f,intact,2,41,7,9.752143504136939
3ff2d9364a079d3ec8b3c687a48f8a9f95ade105b35a0d6594d61cb33341465f,intact,2,41,8,9.609657132500192
3ff2d9364a079d3ec8b3c687a48f8a9f95ade105b35a0d6594d61cb33341465f,intact,2,41,9,9.506426355736208
3ff2d9364a079d3ec8b3c687a48f8a9f95ade105b35a0d6594d61cb33341465f,intact,2,41,10,9.432035703658709
3ff2d9364a079d3ec8b3c687a48f8a9f95ade105b35a0d6594d61cb33341465f,intact,2,41,11,9.378805185991729
3ff2d9364a079d3ec8b3c687a48f8a9f95ade105b35a0d6594d61cb33341465f,intact,2,41,12,9.341076851034911
3ff2d9364a079d3ec8b3c687a48f8a9f95ade105b35a0d6594d61cb33341465f,intact,2,41,13,9.314685635747177
3ff2d9364a079d3ec8b3c687a48f8a9f95ade105b35a0d6594d61cb33341465f,intact,2,41,14,9.296567533468663
3ff2d9364a079d3ec8b3c687a48f8a9f95ade105b35a0d6594d61cb33341465f,intact,2,41,15,9.28447008482855
3ff2d9364a079d3ec8b3c687a48f8a9f95ade105b35a0d6594d61cb33341465f,intact,2,53,1,13.215238759629413
3ff2d9364a079d3ec8b3c687a48f8a9f95ade105b35a0d6594d61cb33341465f,intact,2,53,2,12.058152657969496
3ff2d9364a079d3ec8b3c687a48f8a9f95ade105b35a0d6594d61cb33341465f,intact,2,53,3,11.284250394299509
3ff2d9364a079d3ec8b3c687a48f8a9f95ade105b35a0d6594d61cb33341465f,intact,2,53,4,10.726335692270474
3ff2d9364a079d3ec8b3c687a48f8a9f95ade105b35a0d6594d61cb33341465f,intact,2,53,5,10.31846472072761
3ff2d9364a079d3ec8b3c687a48f8a9f95ade105b35a0d6594d61cb33341465f,intact,2,53,6,10.020061936077465
3ff2d9364a079d3ec8b3c687a48f8a9f95ade105b35a0d6594d61cb33341465f,intact,2,53,7,9.802218461541266
3ff2d9364a079d3ec8b3c687a48f8a9f95ade105b35a0d6594d61cb33341465f,intact,2,53,8,9.643690806196654
3ff2d9364a079d3ec8b3c687a48f8a9f95ade105b35a0d6594d61cb33341465f,intact,2,53,9,9.528796008592892
3ff2d9364a079d3ec8b3c687a48f8a9f95ade105b35a0d6594d61cb33341465f,intact,2,53,10,9.445959162188053
3ff2d9364a079d3ec8b3c687a48f8a9f95ade105b35a0d6594d61cb33341465f,intact,2,53,11,9.386645303613083
3ff2d9364a079d3ec8b3c687a48f8a9f95ade105b35a0d6594d61cb33341465f,intact,2,53,12,9.344566505828764
3ff2d9364a079d3ec8b3c687a48f8a9f95ade105b35a0d6594d61cb33341465f,intact,2,53,13,9.315093895756641
3ff2d9364a079d3ec8b3c687a48f8a9f95ade105b35a0d6594d61cb33341465f,intact,2,53,14,9.294822199330198
3ff2d9364a079d3ec8b3c687a48f8a9f95ade105b35a0d6594d61cb33341465f,intact,2,53,15,9.281247975709201
3ff2d9364a079d3ec8b3c687a48f8a9f95ade105b35a0d6594d61cb33341465f,intact,2,67,1,13.204402549117493
3ff2d9364a079d3ec8b3c687a48f8a9f95ade105b35a0d6594d61cb33341465f,intact,2,67,2,12.048776658127752
3ff2d9364a079d3ec8b3c687a48f8a9f95ade105b35a0d6594d61cb33341465f,intact,2,67,3,11.275881610468288
3ff2d9364a079d3ec8b3c687a48f8a9f95ade105b35a0d6594d61cb33341465f,intact,2,67,4,10.718733886553304
3ff2d9364a079d3ec8b3c687a48f8a9f95ade105b35a0d6594d61cb33341465f,intact,2,67,5,10.311475193201522
3ff2d9364a079d3ec8b3c687a48f8a9f95ade105b35a0d6594d61cb33341465f,intact,2,67,6,10.013578556400784
3ff2d9364a079d3ec8b3c687a48f8a9f95ade105b35a0d6594d61cb33341465f,intact,2,67,7,9.79616603856014
3ff2d9364a079d3ec8b3c687a48f8a9f95ade105b35a0d6594d61cb33341465f,intact,2,67,8,9.638014658958053
3ff2d9364a079d3ec8b3c687a48f8a9f95ade105b35a0d6594d61cb33341465f,intact,2,67,9,9.523455253560076
3ff2d9364a079d3ec8b3c687a48f8a9f95ade105b35a0d6594d61cb33341465f,intact,2,67,10,9.440922308674457
3ff2d9364a079d3ec8b3c687a48f8a9f95ade105b35a0d6594d61cb33341465f,intact,2,67,11,9.381887325302161
3ff2d9364a079d3ec8b3c687a48f8a9f95ade105b35a0d6594d61cb33341465f,intact,2,67,12,9.340066929557693
3ff2d9364a079d3ec8b3c687a48f8a9f95ade105b35a0d6594d61cb33341465f,intact,2,67,13,9.310835432722142
3ff2d9364a079d3ec8b3c687a48f8a9f95ade105b35a0d6594d61cb33341465f,intact,2,67,14,9.290789863837778
3ff2d9364a079d3ec8b3c687a48f8a9f95ade105b35a0d6594d61cb33341465f,intact,2,67,15,9.277428506694038
3ff2d9364a079d3ec8b3c687a48f8a9f95ade105b35a0d6594d61cb33341465f,intact,2,79,1,13.070861444884276
3ff2d9364a079d3ec8b3c687a48f8a9f95ade105b35a0d6594d61cb33341465f,intact,2,79,2,11.953628913486103
3ff2d9364a079d3ec8b3c687a48f8a9f95ade105b35a0d6594d61cb33341465f,intact,2,79,3,11.206400469736028
3ff2d9364a079d3ec8b3c687a48f8a9f95ade105b35a0d6594d61cb33341465f,intact,2,79,4,10.667797084865452
3ff2d9364a079d3ec8b3c687a48f8a9f95ade105b35a0d6594d61cb33341465f,intact,2,79,5,10.274147444198487
3ff2d9364a079d3ec8b3c687a48f8a9f95ade105b35a0d6594d61cb33341465f,intact,2,79,6,9.986261852362473
3ff2d9364a079d3ec8b3c687a48f8a9f95ade105b35a0d6594d61cb33341465f,intact,2,79,7,9.776212469293606
3ff2d9364a079d3ec8b3c687a48f8a9f95ade105b35a0d6594d61cb33341465f,intact,2,79,8,9.623473414172432
3ff2d9364a079d3ec8b3c687a48f8a9f95ade105b35a0d6594d61cb33341465f,intact,2,79,9,9.512889626414413
3ff2d9364a079d3ec8b3c687a48f8a9f95ade105b35a0d6594d61cb33341465f,intact,2,79,10,9.433274816510716
3ff2d9364a079d3ec8b3c687a48f8a9f95ade105b35a0d6594d61cb33341465f,intact,2,79,11,9.376379933477448
3ff2d9364a079d3ec8b3c687a48f8a9f95ade105b35a0d6594d61cb33341465f,intact,2,79,12,9.336127475289123
3ff2d9364a079d3ec8b3c687a48f8a9f95ade105b35a0d6594d61cb33341465f,intact,2,79,13,9.30804329975395
3ff2d9364a079d3ec8b3c687a48f8a9f95ade105b35a0d6594d61cb33341465f,intact,2,79,14,9.288835967305376
3ff2d9364a079d3ec8b3c687a48f8a9f95ade105b35a0d6594d61cb33341465f,intact,2,79,15,9.276085801611499
3ff2d9364a079d3ec8b3c687a48f8a9f95ade105b35a0d6594d61cb33341465f,intact,2,97,1,13.195624635285917
3ff2d9364a079d3ec8b3c687a48f8a9f95ade105b35a0d6594d61cb33341465f,intact,2,97,2,12.040759652660679
3ff2d9364a079d3ec8b3c687a48f8a9f95ade105b35a0d6594d61cb33341465f,intact,2,97,3,11.268332776046245
3ff2d9364a079d3ec8b3c687a48f8a9f95ade105b35a0d6594d61cb33341465f,intact,2,97,4,10.711552550656064
3ff2d9364a079d3ec8b3c687a48f8a9f95ade105b35a0d6594d61cb33341465f,intact,2,97,5,10.304615935711968
3ff2d9364a079d3ec8b3c687a48f8a9f95ade105b35a0d6594d61cb33341465f,intact,2,97,6,10.007018264825062
3ff2d9364a079d3ec8b3c687a48f8a9f95ade105b35a0d6594d61cb33341465f,intact,2,97,7,9.789891811023667
3ff2d9364a079d3ec8b3c687a48f8a9f95ade105b35a0d6594d61cb33341465f,intact,2,97,8,9.632018075179644
3ff2d9364a079d3ec8b3c687a48f8a9f95ade105b35a0d6594d61cb33341465f,intact,2,97,9,9.517729524484675
3ff2d9364a079d3ec8b3c687a48f8a9f95ade105b35a0d6594d61cb33341465f,intact,2,97,10,9.43546089836701
3ff2d9364a079d3ec8b3c687a48f8a9f95ade105b35a0d6594d61cb33341465f,intact,2,97,11,9.376683313128872
3ff2d9364a079d3ec8b3c687a48f8a9f95ade105b35a0d6594d61cb33341465f,intact,2,97,12,9.335112822206696
3ff2d9364a079d3ec8b3c687a48f8a9f95ade105b35a0d6594d61cb33341465f,intact,2,97,13,9.306123165763248
3ff2d9364a079d3ec8b3c687a48f8a9f95ade105b35a0d6594d61cb33341465f,intact,2,97,14,9.286310892345064
3ff2d9364a079d3ec8b3c687a48f8a9f95ade105b35a0d6594d61cb33341465f,intact,2,97,15,9.273173933127703
3ff2d9364a079d3ec8b3c687a48f8a9f95ade105b35a0d6594d61cb33341465f,intact,3,11,1,13.165456625552906
3ff2d9364a079d3ec8b3c687a48f8a9f95ade105b35a0d6594d61cb33341465f,intact,3,11,2,12.01055644132069
3ff2d9364a079d3ec8b3c687a48f8a9f95ade105b35a0d6594d61cb33341465f,intact,3,11,3,11.238094894241947
3ff2d9364a079d3ec8b3c687a48f8a9f95ade105b35a0d6594d61cb33341465f,intact,3,11,4,10.681272802487813
3ff2d9364a079d3ec8b3c687a48f8a9f95ade105b35a0d6594d61cb33341465f,intact,3,11,5,10.27428139140679
3ff2d9364a079d3ec8b3c687a48f8a9f95ade105b35a0d6594d61cb33341465f,intact,3,11,6,9.97661703221595
3ff2d9364a079d3ec8b3c687a48f8a9f95ade105b35a0d6594d61cb33341465f,intact,3,11,7,9.75941449572898
3ff2d9364a079d3ec8b3c687a48f8a9f95ade105b35a0d6594d61cb33341465f,intact,3,11,8,9.601458176079635
3ff2d9364a079d3ec8b3c687a48f8a9f95ade105b35a0d6594d61cb33341465f,intact,3,11,9,9.487083141664405
3ff2d9364a079d3ec8b3c687a48f8a9f95ade105b35a0d6594d61cb33341465f,intact,3,11,10,9.404726308680669
3ff2d9364a079d3ec8b3c687a48f8a9f95ade105b35a0d6594d61cb33341465f,intact,3,11,11,9.345860551416573
3ff2d9364a079d3ec8b3c687a48f8a9f95ade105b35a0d6594d61cb33341465f,intact,3,11,12,9.304203259140497
3ff2d9364a079d3ec8b3c687a48f8a9f95ade105b35a0d6594d61cb33341465f,intact,3,11,13,9.275129152749761
3ff2d9364a079d3ec8b3c687a48f8a9f95ade105b35a0d6594d61cb33341465f,intact,3,11,14,9.25523549206179
3ff2d9364a079d3ec8b3c687a48f8a9f95ade105b35a0d6594d61cb33341465f,intact,3,11,15,9.242020663617572
3ff2d9364a079d3ec8b3c687a48f8a9f95ade105b35a0d6594d61cb33341465f,intact,3,23,1,13.049152716415493
3ff2d9364a079d3ec8b3c687a48f8a9f95ade105b35a0d6594d61cb33341465f,intact,3,23,2,11.930770455723822
3ff2d9364a079d3ec8b3c687a48f8a9f95ade105b35a0d6594d61cb33341465f,intact,3,23,3,11.182710631060015
3ff2d9364a079d3ec8b3c687a48f8a9f95ade105b35a0d6594d61cb33341465f,intact,3,23,4,10.643449672970425
3ff2d9364a079d3ec8b3c687a48f8a9f95ade105b35a0d6594d61cb33341465f,intact,3,23,5,10.249251397307923
3ff2d9364a079d3ec8b3c687a48f8a9f95ade105b35a0d6594d61cb33341465f,intact,3,23,6,9.960891435222699
3ff2d9364a079d3ec8b3c687a48f8a9f95ade105b35a0d6594d61cb33341465f,intact,3,23,7,9.750420683500083
3ff2d9364a079d3ec8b3c687a48f8a9f95ade105b35a0d6594d61cb33341465f,intact,3,23,8,9.597299829462907
3ff2d9364a079d3ec8b3c687a48f8a9f95ade105b35a0d6594d61cb33341465f,intact,3,23,9,9.486365082014295
3ff2d9364a079d3ec8b3c687a48f8a9f95ade105b35a0d6594d61cb33341465f,intact,3,23,10,9.406424349257303
3ff2d9364a079d3ec8b3c687a48f8a9f95ade105b35a0d6594d61cb33341465f,intact,3,23,11,9.349224735372323
3ff2d9364a079d3ec8b3c687a48f8a9f95ade105b35a0d6594d61cb33341465f,intact,3,23,12,9.30868605607163
3ff2d9364a079d3ec8b3c687a48f8a9f95ade105b35a0d6594d61cb33341465f,intact,3,23,13,9.28033227211436
3ff2d9364a079d3ec8b3c687a48f8a9f95ade105b35a0d6594d61cb33341465f,intact,3,23,14,9.260870542902499
3ff2d9364a079d3ec8b3c687a48f8a9f95ade105b35a0d6594d61cb33341465f,intact,3,23,15,9.247880088013112
3ff2d9364a079d3ec8b3c687a48f8a9f95ade105b35a0d6594d61cb33341465f,intact,3,37,1,13.164625695918135
3ff2d9364a079d3ec8b3c687a48f8a9f95ade105b35a0d6594d61cb33341465f,intact,3,37,2,12.00984682192934
3ff2d9364a079d3ec8b3c687a48f8a9f95ade105b35a0d6594d61cb33341465f,intact,3,37,3,11.237470048900256
3ff2d9364a079d3ec8b3c687a48f8a9f95ade105b35a0d6594d61cb33341465f,intact,3,37,4,10.680712240918194
3ff2d9364a079d3ec8b3c687a48f8a9f95ade105b35a0d6594d61cb33341465f,intact,3,37,5,10.273771513532088
3ff2d9364a079d3ec8b3c687a48f8a9f95ade105b35a0d6594d61cb33341465f,intact,3,37,6,9.976148337991235
3ff2d9364a079d3ec8b3c687a48f8a9f95ade105b35a0d6594d61cb33341465f,intact,3,37,7,9.75898018506118
3ff2d9364a079d3ec8b3c687a48f8a9f95ade105b35a0d6594d61cb33341465f,intact,3,37,8,9.60105328348725
3ff2d9364a079d3ec8b3c687a48f8a9f95ade105b35a0d6594d61cb33341465f,intact,3,37,9,9.486703965758691
3ff2d9364a079d3ec8b3c687a48f8a9f95ade105b35a0d6594d61cb33341465f,intact,3,37,10,9.404370027601097
3ff2d9364a079d3ec8b3c687a48f8a9f95ade105b35a0d6594d61cb33341465f,intact,3,37,11,9.345524960816224
3ff2d9364a079d3ec8b3c687a48f8a9f95ade105b35a0d6594d61cb33341465f,intact,3,37,12,9.303886592574615
3ff2d9364a079d3ec8b3c687a48f8a9f95ade105b35a0d6594d61cb33341465f,intact,3,37,13,9.27482995737536
3ff2d9364a079d3ec8b3c687a48f8a9f95ade105b35a0d6594d61cb33341465f,intact,3,37,14,9.254952542679153
3ff2d9364a079d3ec8b3c687a48f8a9f95ade105b35a0d6594d61cb33341465f,intact,3,37,15,9.241752902859467
3ff2d9364a079d3ec8b3c687a48f8a9f95ade105b35a0d6594d61cb33341465f,intact,3,41,1,12.791448341429456
3ff2d9364a079d3ec8b3c687a48f8a9f95ade105b35a0d6594d61cb33341465f,intact,3,41,2,11.750377435792727
3ff2d9364a079d3ec8b3c687a48f8a9f95ade105b35a0d6594d61cb33341465f,intact,3,41,3,11.054100951664612
3ff2d9364a079d3ec8b3c687a48f8a9f95ade105b35a0d6594d61cb33341465f,intact,3,41,4,10.552180853928718
3ff2d9364a079d3ec8b3c687a48f8a9f95ade105b35a0d6594d61cb33341465f,intact,3,41,5,10.185273122039714
3ff2d9364a079d3ec8b3c687a48f8a9f95ade105b35a0d6594d61cb33341465f,intact,3,41,6,9.916864468044277
3ff2d9364a079d3ec8b3c687a48f8a9f95ade105b35a0d6594d61cb33341465f,intact,3,41,7,9.720940895186038
3ff2d9364a079d3ec8b3c687a48f8a9f95ade105b35a0d6594d61cb33341465f,intact,3,41,8,9.578386781178354
3ff2d9364a079d3ec8b3c687a48f8a9f95ade105b35a0d6594d61cb33341465f,intact,3,41,9,9.475090298054573
3ff2d9364a079d3ec8b3c687a48f8a9f95ade105b35a0d6594d61cb33341465f,intact,3,41,10,9.400636296266539
3ff2d9364a079d3ec8b3c687a48f8a9f95ade105b35a0d6594d61cb33341465f,intact,3,41,11,9.347345086962685
3ff2d9364a079d3ec8b3c687a48f8a9f95ade105b35a0d6594d61cb33341465f,intact,3,41,12,9.309558962714624
3ff2d9364a079d3ec8b3c687a48f8a9f95ade105b35a0d6594d61cb33341465f,intact,3,41,13,9.283112998776941
3ff2d9364a079d3ec8b3c687a48f8a9f95ade105b35a0d6594d61cb33341465f,intact,3,41,14,9.26494328129775
3ff2d9364a079d3ec8b3c687a48f8a9f95ade105b35a0d6594d61cb33341465f,intact,3,41,15,9.2527973509079
3ff2d9364a079d3ec8b3c687a48f8a9f95ade105b35a0d6594d61cb33341465f,intact,3,53,1,13.184699508230969
3ff2d9364a079d3ec8b3c687a48f8a9f95ade105b35a0d6594d61cb33341465f,intact,3,53,2,12.027497346360304
3ff2d9364a079d3ec8b3c687a48f8a9f95ade105b35a0d6594d61cb33341465f,intact,3,53,3,11.253488783533072
3ff2d9364a079d3ec8b3c687a48f8a9f95ade105b35a0d6594d61cb33341465f,intact,3,53,4,10.695481947036164
3ff2d9364a079d3ec8b3c687a48f8a9f95ade105b35a0d6594d61cb33341465f,intact,3,53,5,10.28752542301404
3ff2d9364a079d3ec8b3c687a48f8a9f95ade105b35a0d6594d61cb33341465f,intact,3,53,6,9.989040976330214
3ff2d9364a079d3ec8b3c687a48f8a9f95ade105b35a0d6594d61cb33341465f,intact,3,53,7,9.771118609945146
3ff2d9364a079d3ec8b3c687a48f8a9f95ade105b35a0d6594d61cb33341465f,intact,3,53,8,9.612514658641524
3ff2d9364a079d3ec8b3c687a48f8a9f95ade105b35a0d6594d61cb33341465f,intact,3,53,9,9.497546269983724
3ff2d9364a079d3ec8b3c687a48f8a9f95ade105b35a0d6594d61cb33341465f,intact,3,53,10,9.414638759523651
3ff2d9364a079d3ec8b3c687a48f8a9f95ade105b35a0d6594d61cb33341465f,intact,3,53,11,9.355257384444881
3ff2d9364a079d3ec8b3c687a48f8a9f95ade105b35a0d6594d61cb33341465f,intact,3,53,12,9.313114440362485
3ff2d9364a079d3ec8b3c687a48f8a9f95ade105b35a0d6594d61cb33341465f,intact,3,53,13,9.283581156597208
3ff2d9364a079d3ec8b3c687a48f8a9f95ade105b35a0d6594d61cb33341465f,intact,3,53,14,9.263252317370068
3ff2d9364a079d3ec8b3c687a48f8a9f95ade105b35a0d6594d61cb33341465f,intact,3,53,15,9.249624477748995
3ff2d9364a079d3ec8b3c687a48f8a9f95ade105b35a0d6594d61cb33341465f,intact,3,67,1,13.173945722430767
3ff2d9364a079d3ec8b3c687a48f8a9f95ade105b35a0d6594d61cb33341465f,intact,3,67,2,12.018193463631865
3ff2d9364a079d3ec8b3c687a48f8a9f95ade105b35a0d6594d61cb33341465f,intact,3,67,3,11.245184191416078
3ff2d9364a079d3ec8b3c687a48f8a9f95ade105b35a0d6594d61cb33341465f,intact,3,67,4,10.68793785809945
3ff2d9364a079d3ec8b3c687a48f8a9f95ade105b35a0d6594d61cb33341465f,intact,3,67,5,10.280588155150252
3ff2d9364a079d3ec8b3c687a48f8a9f95ade105b35a0d6594d61cb33341465f,intact,3,67,6,9.98260511428796
3ff2d9364a079d3ec8b3c687a48f8a9f95ade105b35a0d6594d61cb33341465f,intact,3,67,7,9.765109522065375
3ff2d9364a079d3ec8b3c687a48f8a9f95ade105b35a0d6594d61cb33341465f,intact,3,67,8,9.60687808936462
3ff2d9364a079d3ec8b3c687a48f8a9f95ade105b35a0d6594d61cb33341465f,intact,3,67,9,9.49224167837962
3ff2d9364a079d3ec8b3c687a48f8a9f95ade105b35a0d6594d61cb33341465f,intact,3,67,10,9.409634946419729
3ff2d9364a079d3ec8b3c687a48f8a9f95ade105b35a0d6594d61cb33341465f,intact,3,67,11,9.350529586723813
3ff2d9364a079d3ec8b3c687a48f8a9f95ade105b35a0d6594d61cb33341465f,intact,3,67,12,9.308642385203527
3ff2d9364a079d3ec8b3c687a48f8a9f95ade105b35a0d6594d61cb33341465f,intact,3,67,13,9.279347750891692
3ff2d9364a079d3ec8b3c687a48f8a9f95ade105b35a0d6594d61cb33341465f,intact,3,67,14,9.259242761397013
3ff2d9364a079d3ec8b3c687a48f8a9f95ade105b35a0d6594d61cb33341465f,intact,3,67,15,9.245825663150248
3ff2d9364a079d3ec8b3c687a48f8a9f95ade105b35a0d6594d61cb33341465f,intact,3,79,1,13.040395996610583
3ff2d9364a079d3ec8b3c687a48f8a9f95ade105b35a0d6594d61cb33341465f,intact,3,79,2,11.923037810991117
3ff2d9364a079d3ec8b3c687a48f8a9f95ade105b35a0d6594d61cb33341465f,intact,3,79,3,11.17569589492925
3ff2d9364a079d3ec8b3c687a48f8a9f95ade105b35a0d6594d61cb33341465f,intact,3,79,4,10.636994369008034
3ff2d9364a079d3ec8b3c687a48f8a9f95ade105b35a0d6594d61cb33341465f,intact,3,79,5,10.243254166571308
3ff2d9364a079d3ec8b3c687a48f8a9f95ade105b35a0d6594d61cb33341465f,intact,3,79,6,9.955282603659187
3ff2d9364a079d3ec8b3c687a48f8a9f95ade105b35a0d6594d61cb33341465f,intact,3,79,7,9.745150579698434
3ff2d9364a079d3ec8b3c687a48f8a9f95ade105b35a0d6594d61cb33341465f,intact,3,79,8,9.592331912641404
3ff2d9364a079d3ec8b3c687a48f8a9f95ade105b35a0d6594d61cb33341465f,intact,3,79,9,9.481671580819228
3ff2d9364a079d3ec8b3c687a48f8a9f95ade105b35a0d6594d61cb33341465f,intact,3,79,10,9.401983422492481
3ff2d9364a079d3ec8b3c687a48f8a9f95ade105b35a0d6594d61cb33341465f,intact,3,79,11,9.345018602270065
3ff2d9364a079d3ec8b3c687a48f8a9f95ade105b35a0d6594d61cb33341465f,intact,3,79,12,9.304699756856419
3ff2d9364a079d3ec8b3c687a48f8a9f95ade105b35a0d6594d61cb33341465f,intact,3,79,13,9.276552843787405
3ff2d9364a079d3ec8b3c687a48f8a9f95ade105b35a0d6594d61cb33341465f,intact,3,79,14,9.257286467879648
3ff2d9364a079d3ec8b3c687a48f8a9f95ade105b35a0d6594d61cb33341465f,intact,3,79,15,9.244480924957209
3ff2d9364a079d3ec8b3c687a48f8a9f95ade105b35a0d6594d61cb33341465f,intact,3,97,1,13.165260559041712
3ff2d9364a079d3ec8b3c687a48f8a9f95ade105b35a0d6594d61cb33341465f,intact,3,97,2,12.010256530732146
3ff2d9364a079d3ec8b3c687a48f8a9f95ade105b35a0d6594d61cb33341465f,intact,3,97,3,11.237705912672633
3ff2d9364a079d3ec8b3c687a48f8a9f95ade105b35a0d6594d61cb33341465f,intact,3,97,4,10.68081947660465
3ff2d9364a079d3ec8b3c687a48f8a9f95ade105b35a0d6594d61cb33341465f,intact,3,97,5,10.273785515326885
3ff2d9364a079d3ec8b3c687a48f8a9f95ade105b35a0d6594d61cb33341465f,intact,3,97,6,9.976096041202501
3ff2d9364a079d3ec8b3c687a48f8a9f95ade105b35a0d6594d61cb33341465f,intact,3,97,7,9.758881796848572
3ff2d9364a079d3ec8b3c687a48f8a9f95ade105b35a0d6594d61cb33341465f,intact,3,97,8,9.600923822106129
3ff2d9364a079d3ec8b3c687a48f8a9f95ade105b35a0d6594d61cb33341465f,intact,3,97,9,9.486554504559443
3ff2d9364a079d3ec8b3c687a48f8a9f95ade105b35a0d6594d61cb33341465f,intact,3,97,10,9.404208667539594
3ff2d9364a079d3ec8b3c687a48f8a9f95ade105b35a0d6594d61cb33341465f,intact,3,97,11,9.345357577262018
3ff2d9364a079d3ec8b3c687a48f8a9f95ade105b35a0d6594d61cb33341465f,intact,3,97,12,9.303717402580803
3ff2d9364a079d3ec8b3c687a48f8a9f95ade105b35a0d6594d61cb33341465f,intact,3,97,13,9.274661948419658
3ff2d9364a079d3ec8b3c687a48f8a9f95ade105b35a0d6594d61cb33341465f,intact,3,97,14,9.254787793546551
3ff2d9364a079d3ec8b3c687a48f8a9f95ade105b35a0d6594d61cb33341465f,intact,3,97,15,9.241592823807784
3ff2d9364a079d3ec8b3c687a48f8a9f95ade105b35a0d6594d61cb33341465f,no_depression,1,11,1,14.89374349502854
3ff2d9364a079d3ec8b3c687a48f8a9f95ade105b35a0d6594d61cb33341465f,no_depression,1,11,2,14.962489097432849
3ff2d9364a079d3ec8b3c687a48f8a9f95ade105b35a0d6594d61cb33341465f,no_depression,1,11,3,15.02551823087031
3ff2d9364a079d3ec8b3c687a48f8a9f95ade105b35a0d6594d61cb33341465f,no_depression,1,11,4,15.08317600550577
3ff2d9364a079d3ec8b3c687a48f8a9f95ade105b35a0d6594d61cb33341465f,no_depression,1,11,5,15.13580889229999
3ff2d9364a079d3ec8b3c687a48f8a9f95ade105b35a0d6594d61cb33341465f,no_depression,1,11,6,15.183759946202217
3ff2d9364a079d3ec8b3c687a48f8a9f95ade105b35a0d6594d61cb33341465f,no_depression,1,11,7,15.22736526283557
3ff2d9364a079d3ec8b3c687a48f8a9f95ade105b35a0d6594d61cb33341465f,no_depression,1,11,8,15.266950590073801
3ff2d9364a079d3ec8b3c687a48f8a9f95ade105b35a0d6594d61cb33341465f,no_depression,1,11,9,15.302829227953902
3ff2d9364a079d3ec8b3c687a48f8a9f95ade105b35a0d6594d61cb33341465f,no_depression,1,11,10,15.335299737303888
3ff2d9364a079d3ec8b3c687a48f8a9f95ade105b35a0d6594d61cb33341465f,no_depression,1,11,11,15.364645235513303
3ff2d9364a079d3ec8b3c687a48f8a9f95ade105b35a0d6594d61cb33341465f,no_depression,1,11,12,15.391132029348723
3ff2d9364a079d3ec8b3c687a48f8a9f95ade105b35a0d6594d61cb33341465f,no_depression,1,11,13,15.415009828700741
3ff2d9364a079d3ec8b3c687a48f8a9f95ade105b35a0d6594d61cb33341465f,no_depression,1,11,14,15.436511242525093
3ff2d9364a079d3ec8b3c687a48f8a9f95ade105b35a0d6594d61cb33341465f,no_depression,1,11,15,15.455852249732978
3ff2d9364a079d3ec8b3c687a48f8a9f95ade105b35a0d6594d61cb33341465f,no_depression,1,23,1,14.941477734601154
3ff2d9364a079d3ec8b3c687a48f8a9f95ade105b35a0d6594d61cb33341465f,no_depression,1,23,2,15.006022396559674
3ff2d9364a079d3ec8b3c687a48f8a9f95ade105b35a0d6594d61cb33341465f,no_depression,1,23,3,15.065142514605176
3ff2d9364a079d3ec8b3c687a48f8a9f95ade105b35a0d6594d61cb33341465f,no_depression,1,23,4,15.119176094453904
3ff2d9364a079d3ec8b3c687a48f8a9f95ade105b35a0d6594d61cb33341465f,no_depression,1,23,5,15.168459888284653
3ff2d9364a079d3ec8b3c687a48f8a9f95ade105b35a0d6594d61cb33341465f,no_depression,1,23,6,15.213325697017527
3ff2d9364a079d3ec8b3c687a48f8a9f95ade105b35a0d6594d61cb33341465f,no_depression,1,23,7,15.254096753194515
3ff2d9364a079d3ec8b3c687a48f8a9f95ade105b35a0d6594d61cb33341465f,no_depression,1,23,8,15.291085251582762
3ff2d9364a079d3ec8b3c687a48f8a9f95ade105b35a0d6594d61cb33341465f,no_depression,1,23,9,15.324590157571217
3ff2d9364a079d3ec8b3c687a48f8a9f95ade105b35a0d6594d61cb33341465f,no_depression,1,23,10,15.354895857394549
3ff2d9364a079d3ec8b3c687a48f8a9f95ade105b35a0d6594d61cb33341465f,no_depression,1,23,11,15.382270758248564
3ff2d9364a079d3ec8b3c687a48f8a9f95ade105b35a0d6594d61cb33341465f,no_depression,1,23,12,15.406967393649476
3ff2d9364a079d3ec8b3c687a48f8a9f95ade105b35a0d6594d61cb33341465f,no_depression,1,23,13,15.429221437055975
3ff2d9364a079d3ec8b3c687a48f8a9f95ade105b35a0d6594d61cb33341465f,no_depression,1,23,14,15.449252570296746
3ff2d9364a079d3ec8b3c687a48f8a9f95ade105b35a0d6594d61cb33341465f,no_depression,1,23,15,15.467264007193345
3ff2d9364a079d3ec8b3c687a48f8a9f95ade105b35a0d6594d61cb33341465f,no_depression,1,37,1,14.891502916038194
3ff2d9364a079d3ec8b3c687a48f8a9f95ade105b35a0d6594d61cb33341465f,no_depression,1,37,2,14.96043100411298
3ff2d9364a079d3ec8b3c687a48f8a9f95ade105b35a0d6594d61cb33341465f,no_depression,1,37,3,15.023632119931758
3ff2d9364a079d3ec8b3c687a48f8a9f95ade105b35a0d6594d61cb33341465f,no_depression,1,37,4,15.081451327551672
3ff2d9364a079d3ec8b3c687a48f8a9f95ade105b35a0d6594d61cb33341465f,no_depression,1,37,5,15.134235034098488
3ff2d9364a079d3ec8b3c687a48f8a9f95ade105b35a0d6594d61cb33341465f,no_depression,1,37,6,15.182326459727872
3ff2d9364a079d3ec8b3c687a48f8a9f95ade105b35a0d6594d61cb33341465f,no_depression,1,37,7,15.226061911752529
3ff2d9364a079d3ec8b3c687a48f8a9f95ade105b35a0d6594d61cb33341465f,no_depression,1,37,8,15.265767552774188
3ff2d9364a079d3ec8b3c687a48f8a9f95ade105b35a0d6594d61cb33341465f,no_depression,1,37,9,15.30175697604258
3ff2d9364a079d3ec8b3c687a48f8a9f95ade105b35a0d6594d61cb33341465f,no_depression,1,37,10,15.334329326296023
3ff2d9364a079d3ec8b3c687a48f8a9f95ade105b35a0d6594d61cb33341465f,no_depression,1,37,11,15.363768033883426
3ff2d9364a079d3ec8b3c687a48f8a9f95ade105b35a0d6594d61cb33341465f,no_depression,1,37,12,15.390340183033603
3ff2d9364a079d3ec8b3c687a48f8a9f95ade105b35a0d6594d61cb33341465f,no_depression,1,37,13,15.414295754195493
3ff2d9364a079d3ec8b3c687a48f8a9f95ade105b35a0d6594d61cb33341465f,no_depression,1,37,14,15.435868006414037
3ff2d9364a079d3ec8b3c687a48f8a9f95ade105b35a0d6594d61cb33341465f,no_depression,1,37,15,15.45527332586692
3ff2d9364a079d3ec8b3c687a48f8a9f95ade105b35a0d6594d61cb33341465f,no_depression,1,41,1,14.997051280457377
3ff2d9364a079d3ec8b3c687a48f8a9f95ade105b35a0d6594d61cb33341465f,no_depression,1,41,2,15.056280441836252
3ff2d9364a079d3ec8b3c687a48f8a9f95ade105b35a0d6594d61cb33341465f,no_depression,1,41,3,15.110529648587999
3ff2d9364a079d3ec8b3c687a48f8a9f95ade105b35a0d6594d61cb33341465f,no_depression,1,41,4,15.160110122672618
3ff2d9364a079d3ec8b3c687a48f8a9f95ade105b35a0d6594d61cb33341465f,no_depression,1,41,5,15.205331574746657
3ff2d9364a079d3ec8b3c687a48f8a9f95ade105b35a0d6594d61cb33341465f,no_depression,1,41,6,15.246498852787067
3ff2d9364a079d3ec8b3c687a48f8a9f95ade105b35a0d6594d61cb33341465f,no_depression,1,41,7,15.283908774487678
3ff2d9364a079d3ec8b3c687a48f8a9f95ade105b35a0d6594d61cb33341465f,no_depression,1,41,8,15.317847995178782
3ff2d9364a079d3ec8b3c687a48f8a9f95ade105b35a0d6594d61cb33341465f,no_depression,1,41,9,15.348590856099456
3ff2d9364a079d3ec8b3c687a48f8a9f95ade105b35a0d6594d61cb33341465f,no_depression,1,41,10,15.37639822800967
3ff2d9364a079d3ec8b3c687a48f8a9f95ade105b35a0d6594d61cb33341465f,no_depression,1,41,11,15.401516439335294
3ff2d9364a079d3ec8b3c687a48f8a9f95ade105b35a0d6594d61cb33341465f,no_depression,1,41,12,15.424177012198122
3ff2d9364a079d3ec8b3c687a48f8a9f95ade105b35a0d6594d61cb33341465f,no_depression,1,41,13,15.444596358073191
3ff2d9364a079d3ec8b3c687a48f8a9f95ade105b35a0d6594d61cb33341465f,no_depression,1,41,14,15.462975781778086
3ff2d9364a079d3ec8b3c687a48f8a9f95ade105b35a0d6594d61cb33341465f,no_depression,1,41,15,15.479501833769447
3ff2d9364a079d3ec8b3c687a48f8a9f95ade105b35a0d6594d61cb33341465f,no_depression,1,53,1,14.931937615261596
3ff2d9364a079d3ec8b3c687a48f8a9f95ade105b35a0d6594d61cb33341465f,no_depression,1,53,2,14.997341462658905
3ff2d9364a079d3ec8b3c687a48f8a9f95ade105b35a0d6594d61cb33341465f,no_depression,1,53,3,15.05725425493844
3ff2d9364a079d3ec8b3c687a48f8a9f95ade105b35a0d6594d61cb33341465f,no_depression,1,53,4,15.112017537550509
3ff2d9364a079d3ec8b3c687a48f8a9f95ade105b35a0d6594d61cb33341465f,no_depression,1,53,5,15.161971758879266
3ff2d9364a079d3ec8b3c687a48f8a9f95ade105b35a0d6594d61cb33341465f,no_depression,1,53,6,15.207452103911859
3ff2d9364a079d3ec8b3c687a48f8a9f95ade105b35a0d6594d61cb33341465f,no_depression,1,53,7,15.248785538815659
3ff2d9364a079d3ec8b3c687a48f8a9f95ade105b35a0d6594d61cb33341465f,no_depression,1,53,8,15.28628761374303
3ff2d9364a079d3ec8b3c687a48f8a9f95ade105b35a0d6594d61cb33341465f,no_depression,1,53,9,15.32026084790385
3ff2d9364a079d3ec8b3c687a48f8a9f95ade105b35a0d6594d61cb33341465f,no_depression,1,53,10,15.350992679686627
3ff2d9364a079d3ec8b3c687a48f8a9f95ade105b35a0d6594d61cb33341465f,no_depression,1,53,11,15.378755062729994
3ff2d9364a079d3ec8b3c687a48f8a9f95ade105b35a0d6594d61cb33341465f,no_depression,1,53,12,15.403803190494267
3ff2d9364a079d3ec8b3c687a48f8a9f95ade105b35a0d6594d61cb33341465f,no_depression,1,53,13,15.426375977830897
3ff2d9364a079d3ec8b3c687a48f8a9f95ade105b35a0d6594d61cb33341465f,no_depression,1,53,14,15.446695497908506
3ff2d9364a079d3ec8b3c687a48f8a9f95ade105b35a0d6594d61cb33341465f,no_depression,1,53,15,15.464967758152474
3ff2d9364a079d3ec8b3c687a48f8a9f95ade105b35a0d6594d61cb33341465f,no_depression,1,67,1,14.913250101242365
3ff2d9364a079d3ec8b3c687a48f8a9f95ade105b35a0d6594d61cb33341465f,no_depression,1,67,2,14.980242596070628
3ff2d9364a079d3ec8b3c687a48f8a9f95ade105b35a0d6594d61cb33341465f,no_depression,1,67,3,15.041644555100431
3ff2d9364a079d3ec8b3c687a48f8a9f95ade105b35a0d6594d61cb33341465f,no_depression,1,67,4,15.09779770912919
3ff2d9364a079d3ec8b3c687a48f8a9f95ade105b35a0d6594d61cb33341465f,no_depression,1,67,5,15.149043811345116
3ff2d9364a079d3ec8b3c687a48f8a9f95ade105b35a0d6594d61cb33341465f,no_depression,1,67,6,15.195720805346738
3ff2d9364a079d3ec8b3c687a48f8a9f95ade105b35a0d6594d61cb33341465f,no_depression,1,67,7,15.238158767403284
3ff2d9364a079d3ec8b3c687a48f8a9f95ade105b35a0d6594d61cb33341465f,no_depression,1,67,8,15.276677162588353
3ff2d9364a079d3ec8b3c687a48f8a9f95ade105b35a0d6594d61cb33341465f,no_depression,1,67,9,15.311582976510051
3ff2d9364a079d3ec8b3c687a48f8a9f95ade105b35a0d6594d61cb33341465f,no_depression,1,67,10,15.34316843828275
3ff2d9364a079d3ec8b3c687a48f8a9f95ade105b35a0d6594d61cb33341465f,no_depression,1,67,11,15.371710108317917
3ff2d9364a079d3ec8b3c687a48f8a9f95ade105b35a0d6594d61cb33341465f,no_depression,1,67,12,15.397468220244965
3ff2d9364a079d3ec8b3c687a48f8a9f95ade105b35a0d6594d61cb33341465f,no_depression,1,67,13,15.42068650914175
3ff2d9364a079d3ec8b3c687a48f8a9f95ade105b35a0d6594d61cb33341465f,no_depression,1,67,14,15.441591883338104
3ff2d9364a079d3ec8b3c687a48f8a9f95ade105b35a0d6594d61cb33341465f,no_depression,1,67,15,15.460394918751136
3ff2d9364a079d3ec8b3c687a48f8a9f95ade105b35a0d6594d61cb33341465f,no_depression,1,79,1,14.919425067984339
3ff2d9364a079d3ec8b3c687a48f8a9f95ade105b35a0d6594d61cb33341465f,no_depression,1,79,2,14.985758296173001
3ff2d9364a079d3ec8b3c687a48f8a9f95ade105b35a0d6594d61cb33341465f,no_depression,1,79,3,15.046567758865713
3ff2d9364a079d3ec8b3c687a48f8a9f95ade105b35a0d6594d61cb33341465f,no_depression,1,79,4,15.102189023524902
3ff2d9364a079d3ec8b3c687a48f8a9f95ade105b35a0d6594d61cb33341465f,no_depression,1,79,5,15.152958263455632
3ff2d9364a079d3ec8b3c687a48f8a9f95ade105b35a0d6594d61cb33341465f,no_depression,1,79,6,15.199207869205747
3ff2d9364a079d3ec8b3c687a48f8a9f95ade105b35a0d6594d61cb33341465f,no_depression,1,79,7,15.241263176678796
3ff2d9364a079d3ec8b3c687a48f8a9f95ade105b35a0d6594d61cb33341465f,no_depression,1,79,8,15.2794393102567
3ff2d9364a079d3ec8b3c687a48f8a9f95ade105b35a0d6594d61cb33341465f,no_depression,1,79,9,15.314038984143178
3ff2d9364a079d3ec8b3c687a48f8a9f95ade105b35a0d6594d61cb33341465f,no_depression,1,79,10,15.345350777671623
3ff2d9364a079d3ec8b3c687a48f8a9f95ade105b35a0d6594d61cb33341465f,no_depression,1,79,11,15.373648009030198
3ff2d9364a079d3ec8b3c687a48f8a9f95ade105b35a0d6594d61cb33341465f,no_depression,1,79,12,15.399187854358521
3ff2d9364a079d3ec8b3c687a48f8a9f95ade105b35a0d6594d61cb33341465f,no_depression,1,79,13,15.422211292667951
3ff2d9364a079d3ec8b3c687a48f8a9f95ade105b35a0d6594d61cb33341465f,no_depression,1,79,14,15.442942846629034
3ff2d9364a079d3ec8b3c687a48f8a9f95ade105b35a0d6594d61cb33341465f,no_depression,1,79,15,15.461590874131842
3ff2d9364a079d3ec8b3c687a48f8a9f95ade105b35a0d6594d61cb33341465f,no_depression,1,97,1,14.889538009231824
3ff2d9364a079d3ec8b3c687a48f8a9f95ade105b35a0d6594d61cb33341465f,no_depression,1,97,2,14.958657749950435
3ff2d9364a079d3ec8b3c687a48f8a9f95ade105b35a0d6594d61cb33341465f,no_depression,1,97,3,15.022033891167368
3ff2d9364a079d3ec8b3c687a48f8a9f95ade105b35a0d6594d61cb33341465f,no_depression,1,97,4,15.080012517465725
3ff2d9364a079d3ec8b3c687a48f8a9f95ade105b35a0d6594d61cb33341465f,no_depression,1,97,5,15.132940974153923
3ff2d9364a079d3ec8b3c687a48f8a9f95ade105b35a0d6594d61cb33341465f,no_depression,1,97,6,15.181163647546853
3ff2d9364a079d3ec8b3c687a48f8a9f95ade105b35a0d6594d61cb33341465f,no_depression,1,97,7,15.225017818485039
3ff2d9364a079d3ec8b3c687a48f8a9f95ade105b35a0d6594d61cb33341465f,no_depression,1,97,8,15.264830763683394
3ff2d9364a079d3ec8b3c687a48f8a9f95ade105b35a0d6594d61cb33341465f,no_depression,1,97,9,15.300916843537577
3ff2d9364a079d3ec8b3c687a48f8a9f95ade105b35a0d6594d61cb33341465f,no_depression,1,97,10,15.333576368820356
3ff2d9364a079d3ec8b3c687a48f8a9f95ade105b35a0d6594d61cb33341465f,no_depression,1,97,11,15.363093524716588
3ff2d9364a079d3ec8b3c687a48f8a9f95ade105b35a0d6594d61cb33341465f,no_depression,1,97,12,15.389736164416444
3ff2d9364a079d3ec8b3c687a48f8a9f95ade105b35a0d6594d61cb33341465f,no_depression,1,97,13,15.413755070479814
3ff2d9364a079d3ec8b3c687a48f8a9f95ade105b35a0d6594d61cb33341465f,no_depression,1,97,14,15.435384168222747
3ff2d9364a079d3ec8b3c687a48f8a9f95ade105b35a0d6594d61cb33341465f,no_depression,1,97,15,15.454840557021695
3ff2d9364a079d3ec8b3c687a48f8a9f95ade105b35a0d6594d61cb33341465f,no_depression,2,11,1,14.248918516661062
3ff2d9364a079d3ec8b3c687a48f8a9f95ade105b35a0d6594d61cb33341465f,no_depression,2,11,2,14.31359318826043
3ff2d9364a079d3ec8b3c687a48f8a9f95ade105b35a0d6594d61cb33341465f,no_depression,2,11,3,14.373376068514384
3ff2d9364a079d3ec8b3c687a48f8a9f95ade105b35a0d6594d61cb33341465f,no_depression,2,11,4,14.42855836081615
3ff2d9364a079d3ec8b3c687a48f8a9f95ade105b35a0d6594d61cb33341465f,no_depression,2,11,5,14.479412725802689
3ff2d9364a079d3ec8b3c687a48f8a9f95ade105b35a0d6594d61cb33341465f,no_depression,2,11,6,14.526209337699328
3ff2d9364a079d3ec8b3c687a48f8a9f95ade105b35a0d6594d61cb33341465f,no_depression,2,11,7,14.569213108492509
3ff2d9364a079d3ec8b3c687a48f8a9f95ade105b35a0d6594d61cb33341465f,no_depression,2,11,8,14.608681984017572
3ff2d9364a079d3ec8b3c687a48f8a9f95ade105b35a0d6594d61cb33341465f,no_depression,2,11,9,14.644864895009828
3ff2d9364a079d3ec8b3c687a48f8a9f95ade105b35a0d6594d61cb33341465f,no_depression,2,11,10,14.678000792573554
3ff2d9364a079d3ec8b3c687a48f8a9f95ade105b35a0d6594d61cb33341465f,no_depression,2,11,11,14.708317658116162
3ff2d9364a079d3ec8b3c687a48f8a9f95ade105b35a0d6594d61cb33341465f,no_depression,2,11,12,14.736031530424036
3ff2d9364a079d3ec8b3c687a48f8a9f95ade105b35a0d6594d61cb33341465f,no_depression,2,11,13,14.761346632494188
3ff2d9364a079d3ec8b3c687a48f8a9f95ade105b35a0d6594d61cb33341465f,no_depression,2,11,14,14.784454830826283
3ff2d9364a079d3ec8b3c687a48f8a9f95ade105b35a0d6594d61cb33341465f,no_depression,2,11,15,14.80553582449037
3ff2d9364a079d3ec8b3c687a48f8a9f95ade105b35a0d6594d61cb33341465f,no_depression,2,23,1,14.296940517442183
3ff2d9364a079d3ec8b3c687a48f8a9f95ade105b35a0d6594d61cb33341465f,no_depression,2,23,2,14.357857576692453
3ff2d9364a079d3ec8b3c687a48f8a9f95ade105b35a0d6594d61cb33341465f,no_depression,2,23,3,14.41411772845414
3ff2d9364a079d3ec8b3c687a48f8a9f95ade105b35a0d6594d61cb33341465f,no_depression,2,23,4,14.46600910595631
3ff2d9364a079d3ec8b3c687a48f8a9f95ade105b35a0d6594d61cb33341465f,no_depression,2,23,5,14.51379756705453
3ff2d9364a079d3ec8b3c687a48f8a9f95ade105b35a0d6594d61cb33341465f,no_depression,2,23,6,14.557745069597754
3ff2d9364a079d3ec8b3c687a48f8a9f95ade105b35a0d6594d61cb33341465f,no_depression,2,23,7,14.598107457302444
3ff2d9364a079d3ec8b3c687a48f8a9f95ade105b35a0d6594d61cb33341465f,no_depression,2,23,8,14.635132640457595
3ff2d9364a079d3ec8b3c687a48f8a9f95ade105b35a0d6594d61cb33341465f,no_depression,2,23,9,14.669059332447024
3ff2d9364a079d3ec8b3c687a48f8a9f95ade105b35a0d6594d61cb33341465f,no_depression,2,23,10,14.70011578371877
3ff2d9364a079d3ec8b3c687a48f8a9f95ade105b35a0d6594d61cb33341465f,no_depression,2,23,11,14.728519190391328
3ff2d9364a079d3ec8b3c687a48f8a9f95ade105b35a0d6594d61cb33341465f,no_depression,2,23,12,14.754475132284231
3ff2d9364a079d3ec8b3c687a48f8a9f95ade105b35a0d6594d61cb33341465f,no_depression,2,23,13,14.7781771785195
3ff2d9364a079d3ec8b3c687a48f8a9f95ade105b35a0d6594d61cb33341465f,no_depression,2,23,14,14.799807175730363
3ff2d9364a079d3ec8b3c687a48f8a9f95ade105b35a0d6594d61cb33341465f,no_depression,2,23,15,14.819534976136724
3ff2d9364a079d3ec8b3c687a48f8a9f95ade105b35a0d6594d61cb33341465f,no_depression,2,37,1,14.246871512312586
3ff2d9364a079d3ec8b3c687a48f8a9f95ade105b35a0d6594d61cb33341465f,no_depression,2,37,2,14.311700853190585
3ff2d9364a079d3ec8b3c687a48f8a9f95ade105b35a0d6594d61cb33341465f,no_depression,2,37,3,14.371629036399433
3ff2d9364a079d3ec8b3c687a48f8a9f95ade105b35a0d6594d61cb33341465f,no_depression,2,37,4,14.426948210351128
3ff2d9364a079d3ec8b3c687a48f8a9f95ade105b35a0d6594d61cb33341465f,no_depression,2,37,5,14.477931128247272
3ff2d9364a079d3ec8b3c687a48f8a9f95ade105b35a0d6594d61cb33341465f,no_depression,2,37,6,14.524847999702024
3ff2d9364a079d3ec8b3c687a48f8a9f95ade105b35a0d6594d61cb33341465f,no_depression,2,37,7,14.567964039486064
3ff2d9364a079d3ec8b3c687a48f8a9f95ade105b35a0d6594d61cb33341465f,no_depression,2,37,8,14.607537260246565
3ff2d9364a079d3ec8b3c687a48f8a9f95ade105b35a0d6594d61cb33341465f,no_depression,2,37,9,14.643817075397038
3ff2d9364a079d3ec8b3c687a48f8a9f95ade105b35a0d6594d61cb33341465f,no_depression,2,37,10,14.677042643940235
3ff2d9364a079d3ec8b3c687a48f8a9f95ade105b35a0d6594d61cb33341465f,no_depression,2,37,11,14.707442277089008
3ff2d9364a079d3ec8b3c687a48f8a9f95ade105b35a0d6594d61cb33341465f,no_depression,2,37,12,14.735232614788687
3ff2d9364a079d3ec8b3c687a48f8a9f95ade105b35a0d6594d61cb33341465f,no_depression,2,37,13,14.760617908524988
3ff2d9364a079d3ec8b3c687a48f8a9f95ade105b35a0d6594d61cb33341465f,no_depression,2,37,14,14.78379062351589
3ff2d9364a079d3ec8b3c687a48f8a9f95ade105b35a0d6594d61cb33341465f,no_depression,2,37,15,14.804930800651668
3ff2d9364a079d3ec8b3c687a48f8a9f95ade105b35a0d6594d61cb33341465f,no_depression,2,41,1,14.35554938035187
3ff2d9364a079d3ec8b3c687a48f8a9f95ade105b35a0d6594d61cb33341465f,no_depression,2,41,2,14.411532135921682
3ff2d9364a079d3ec8b3c687a48f8a9f95ade105b35a0d6594d61cb33341465f,no_depression,2,41,3,14.463232808686893
3ff2d9364a079d3ec8b3c687a48f8a9f95ade105b35a0d6594d61cb33341465f,no_depression,2,41,4,14.510917264657577
3ff2d9364a079d3ec8b3c687a48f8a9f95ade105b35a0d6594d61cb33341465f,no_depression,2,41,5,14.554830743118147
3ff2d9364a079d3ec8b3c687a48f8a9f95ade105b35a0d6594d61cb33341465f,no_depression,2,41,6,14.595214697229014
3ff2d9364a079d3ec8b3c687a48f8a9f95ade105b35a0d6594d61cb33341465f,no_depression,2,41,7,14.632304631321956
3ff2d9364a079d3ec8b3c687a48f8a9f95ade105b35a0d6594d61cb33341465f,no_depression,2,41,8,14.66632862971499
3ff2d9364a079d3ec8b3c687a48f8a9f95ade105b35a0d6594d61cb33341465f,no_depression,2,41,9,14.697506135494612
3ff2d9364a079d3ec8b3c687a48f8a9f95ade105b35a0d6594d61cb33341465f,no_depression,2,41,10,14.726046991022073
3ff2d9364a079d3ec8b3c687a48f8a9f95ade105b35a0d6594d61cb33341465f,no_depression,2,41,11,14.752150756298317
3ff2d9364a079d3ec8b3c687a48f8a9f95ade105b35a0d6594d61cb33341465f,no_depression,2,41,12,14.776006273671664
3ff2d9364a079d3ec8b3c687a48f8a9f95ade105b35a0d6594d61cb33341465f,no_depression,2,41,13,14.797791269531372
3ff2d9364a079d3ec8b3c687a48f8a9f95ade105b35a0d6594d61cb33341465f,no_depression,2,41,14,14.81767286270413
3ff2d9364a079d3ec8b3c687a48f8a9f95ade105b35a0d6594d61cb33341465f,no_depression,2,41,15,14.83580700053958
3ff2d9364a079d3ec8b3c687a48f8a9f95ade105b35a0d6594d61cb33341465f,no_depression,2,53,1,14.28809350597155
3ff2d9364a079d3ec8b3c687a48f8a9f95ade105b35a0d6594d61cb33341465f,no_depression,2,53,2,14.349747858530955
3ff2d9364a079d3ec8b3c687a48f8a9f95ade105b35a0d6594d61cb33341465f,no_depression,2,53,3,14.406689935478923
3ff2d9364a079d3ec8b3c687a48f8a9f95ade105b35a0d6594d61cb33341465f,no_depression,2,53,4,14.459212378198607
3ff2d9364a079d3ec8b3c687a48f8a9f95ade105b35a0d6594d61cb33341465f,no_depression,2,53,5,14.507583911766401
3ff2d9364a079d3ec8b3c687a48f8a9f95ade105b35a0d6594d61cb33341465f,no_depression,2,53,6,14.552069339878543
3ff2d9364a079d3ec8b3c687a48f8a9f95ade105b35a0d6594d61cb33341465f,no_depression,2,53,7,14.59292722559637
3ff2d9364a079d3ec8b3c687a48f8a9f95ade105b35a0d6594d61cb33341465f,no_depression,2,53,8,14.630408204343162
3ff2d9364a079d3ec8b3c687a48f8a9f95ade105b35a0d6594d61cb33341465f,no_depression,2,53,9,14.664753493603461
3ff2d9364a079d3ec8b3c687a48f8a9f95ade105b35a0d6594d61cb33341465f,no_depression,2,53,10,14.696193982152
3ff2d9364a079d3ec8b3c687a48f8a9f95ade105b35a0d6594d61cb33341465f,no_depression,2,53,11,14.724949276007155
3ff2d9364a079d3ec8b3c687a48f8a9f95ade105b35a0d6594d61cb33341465f,no_depression,2,53,12,14.751227182420806
3ff2d9364a079d3ec8b3c687a48f8a9f95ade105b35a0d6594d61cb33341465f,no_depression,2,53,13,14.775223599840823
3ff2d9364a079d3ec8b3c687a48f8a9f95ade105b35a0d6594d61cb33341465f,no_depression,2,53,14,14.79712243152507
3ff2d9364a079d3ec8b3c687a48f8a9f95ade105b35a0d6594d61cb33341465f,no_depression,2,53,15,14.8170955115588
3ff2d9364a079d3ec8b3c687a48f8a9f95ade105b35a0d6594d61cb33341465f,no_depression,2,67,1,14.26885705387091
3ff2d9364a079d3ec8b3c687a48f8a9f95ade105b35a0d6594d61cb33341465f,no_depression,2,67,2,14.331956833233209
3ff2d9364a079d3ec8b3c687a48f8a9f95ade105b35a0d6594d61cb33341465f,no_depression,2,67,3,14.390263810028992
3ff2d9364a079d3ec8b3c687a48f8a9f95ade105b35a0d6594d61cb33341465f,no_depression,2,67,4,14.444069063153242
3ff2d9364a079d3ec8b3c687a48f8a9f95ade105b35a0d6594d61cb33341465f,no_depression,2,67,5,14.493642383780788
3ff2d9364a079d3ec8b3c687a48f8a9f95ade105b35a0d6594d61cb33341465f,no_depression,2,67,6,14.539250304699056
3ff2d9364a079d3ec8b3c687a48f8a9f95ade105b35a0d6594d61cb33341465f,no_depression,2,67,7,14.581153771455314
3ff2d9364a079d3ec8b3c687a48f8a9f95ade105b35a0d6594d61cb33341465f,no_depression,2,67,8,14.619606177290734
3ff2d9364a079d3ec8b3c687a48f8a9f95ade105b35a0d6594d61cb33341465f,no_depression,2,67,9,14.65485207806182
3ff2d9364a079d3ec8b3c687a48f8a9f95ade105b35a0d6594d61cb33341465f,no_depression,2,67,10,14.687125617631015
3ff2d9364a079d3ec8b3c687a48f8a9f95ade105b35a0d6594d61cb33341465f,no_depression,2,67,11,14.716650021941248
3ff2d9364a079d3ec8b3c687a48f8a9f95ade105b35a0d6594d61cb33341465f,no_depression,2,67,12,14.743636753915235
3ff2d9364a079d3ec8b3c687a48f8a9f95ade105b35a0d6594d61cb33341465f,no_depression,2,67,13,14.76828541124176
3ff2d9364a079d3ec8b3c687a48f8a9f95ade105b35a0d6594d61cb33341465f,no_depression,2,67,14,14.790783505047466
3ff2d9364a079d3ec8b3c687a48f8a9f95ade105b35a0d6594d61cb33341465f,no_depression,2,67,15,14.811306502384474
3ff2d9364a079d3ec8b3c687a48f8a9f95ade105b35a0d6594d61cb33341465f,no_depression,2,79,1,14.275866739999492
3ff2d9364a079d3ec8b3c687a48f8a9f95ade105b35a0d6594d61cb33341465f,no_depression,2,79,2,14.33832908357641
3ff2d9364a079d3ec8b3c687a48f8a9f95ade105b35a0d6594d61cb33341465f,no_depression,2,79,3,14.396055548403362
3ff2d9364a079d3ec8b3c687a48f8a9f95ade105b35a0d6594d61cb33341465f,no_depression,2,79,4,14.449332365326725
3ff2d9364a079d3ec8b3c687a48f8a9f95ade105b35a0d6594d61cb33341465f,no_depression,2,79,5,14.498424989120183
3ff2d9364a079d3ec8b3c687a48f8a9f95ade105b35a0d6594d61cb33341465f,no_depression,2,79,6,14.543595980842495
3ff2d9364a079d3ec8b3c687a48f8a9f95ade105b35a0d6594d61cb33341465f,no_depression,2,79,7,14.585102465020586
3ff2d9364a079d3ec8b3c687a48f8a9f95ade105b35a0d6594d61cb33341465f,no_depression,2,79,8,14.623194403641751
3ff2d9364a079d3ec8b3c687a48f8a9f95ade105b35a0d6594d61cb33341465f,no_depression,2,79,9,14.658112934225176
3ff2d9364a079d3ec8b3c687a48f8a9f95ade105b35a0d6594d61cb33341465f,no_depression,2,79,10,14.69008940575978
3ff2d9364a079d3ec8b3c687a48f8a9f95ade105b35a0d6594d61cb33341465f,no_depression,2,79,11,14.719344238877767
3ff2d9364a079d3ec8b3c687a48f8a9f95ade105b35a0d6594d61cb33341465f,no_depression,2,79,12,14.746086455677696
3ff2d9364a079d3ec8b3c687a48f8a9f95ade105b35a0d6594d61cb33341465f,no_depression,2,79,13,14.770513200558087
3ff2d9364a079d3ec8b3c687a48f8a9f95ade105b35a0d6594d61cb33341465f,no_depression,2,79,14,14.79281005847137
3ff2d9364a079d3ec8b3c687a48f8a9f95ade105b35a0d6594d61cb33341465f,no_depression,2,79,15,14.813150535557254
3ff2d9364a079d3ec8b3c687a48f8a9f95ade105b35a0d6594d61cb33341465f,no_depression,2,97,1,14.245046411988048
3ff2d9364a079d3ec8b3c687a48f8a9f95ade105b35a0d6594d61cb33341465f,no_depression,2,97,2,14.31003731302866
3ff2d9364a079d3ec8b3c687a48f8a9f95ade105b35a0d6594d61cb33341465f,no_depression,2,97,3,14.370114165186752
3ff2d9364a079d3ec8b3c687a48f8a9f95ade105b35a0d6594d61cb33341465f,no_depression,2,97,4,14.425570008636239
3ff2d9364a079d3ec8b3c687a48f8a9f95ade105b35a0d6594d61cb33341465f,no_depression,2,97,5,14.476678322780549
3ff2d9364a079d3ec8b3c687a48f8a9f95ade105b35a0d6594d61cb33341465f,no_depression,2,97,6,14.523710051668289
3ff2d9364a079d3ec8b3c687a48f8a9f95ade105b35a0d6594d61cb33341465f,no_depression,2,97,7,14.566931032380507
3ff2d9364a079d3ec8b3c687a48f8a9f95ade105b35a0d6594d61cb33341465f,no_depression,2,97,8,14.606600055442318
3ff2d9364a079d3ec8b3c687a48f8a9f95ade105b35a0d6594d61cb33341465f,no_depression,2,97,9,14.642967154142962
3ff2d9364a079d3ec8b3c687a48f8a9f95ade105b35a0d6594d61cb33341465f,no_depression,2,97,10,14.67627227142474
3ff2d9364a079d3ec8b3c687a48f8a9f95ade105b35a0d6594d61cb33341465f,no_depression,2,97,11,14.706744168858854
3ff2d9364a079d3ec8b3c687a48f8a9f95ade105b35a0d6594d61cb33341465f,no_depression,2,97,12,14.734600148737318
3ff2d9364a079d3ec8b3c687a48f8a9f95ade105b35a0d6594d61cb33341465f,no_depression,2,97,13,14.760045114201544
3ff2d9364a079d3ec8b3c687a48f8a9f95ade105b35a0d6594d61cb33341465f,no_depression,2,97,14,14.783271893874593
3ff2d9364a079d3ec8b3c687a48f8a9f95ade105b35a0d6594d61cb33341465f,no_depression,2,97,15,14.804461101235887
3ff2d9364a079d3ec8b3c687a48f8a9f95ade105b35a0d6594d61cb33341465f,no_depression,3,11,1,14.197848146394477
3ff2d9364a079d3ec8b3c687a48f8a9f95ade105b35a0d6594d61cb33341465f,no_depression,3,11,2,14.261693925653125
3ff2d9364a079d3ec8b3c687a48f8a9f95ade105b35a0d6594d61cb33341465f,no_depression,3,11,3,14.320758026601377
3ff2d9364a079d3ec8b3c687a48f8a9f95ade105b35a0d6594d61cb33341465f,no_depression,3,11,4,14.375308625970174
3ff2d9364a079d3ec8b3c687a48f8a9f95ade105b35a0d6594d61cb33341465f,no_depression,3,11,5,14.425613994472107
3ff2d9364a079d3ec8b3c687a48f8a9f95ade105b35a0d6594d61cb33341465f,no_depression,3,11,6,14.47193941909942
3ff2d9364a079d3ec8b3c687a48f8a9f95ade105b35a0d6594d61cb33341465f,no_depression,3,11,7,14.514544879879564
3ff2d9364a079d3ec8b3c687a48f8a9f95ade105b35a0d6594d61cb33341465f,no_depression,3,11,8,14.553683113974861
3ff2d9364a079d3ec8b3c687a48f8a9f95ade105b35a0d6594d61cb33341465f,no_depression,3,11,9,14.589598038567656
3ff2d9364a079d3ec8b3c687a48f8a9f95ade105b35a0d6594d61cb33341465f,no_depression,3,11,10,14.62252351595059
3ff2d9364a079d3ec8b3c687a48f8a9f95ade105b35a0d6594d61cb33341465f,no_depression,3,11,11,14.652682469680412
3ff2d9364a079d3ec8b3c687a48f8a9f95ade105b35a0d6594d61cb33341465f,no_depression,3,11,12,14.680286232296458
3ff2d9364a079d3ec8b3c687a48f8a9f95ade105b35a0d6594d61cb33341465f,no_depression,3,11,13,14.70553439515249
3ff2d9364a079d3ec8b3c687a48f8a9f95ade105b35a0d6594d61cb33341465f,no_depression,3,11,14,14.728614502949373
3ff2d9364a079d3ec8b3c687a48f8a9f95ade105b35a0d6594d61cb33341465f,no_depression,3,11,15,14.749702134772294
3ff2d9364a079d3ec8b3c687a48f8a9f95ade105b35a0d6594d61cb33341465f,no_depression,3,23,1,14.245583574554113
3ff2d9364a079d3ec8b3c687a48f8a9f95ade105b35a0d6594d61cb33341465f,no_depression,3,23,2,14.305727475163833
3ff2d9364a079d3ec8b3c687a48f8a9f95ade105b35a0d6594d61cb33341465f,no_depression,3,23,3,14.36132364651705
3ff2d9364a079d3ec8b3c687a48f8a9f95ade105b35a0d6594d61cb33341465f,no_depression,3,23,4,14.412634730328369
3ff2d9364a079d3ec8b3c687a48f8a9f95ade105b35a0d6594d61cb33341465f,no_depression,3,23,5,14.459921959698722
3ff2d9364a079d3ec8b3c687a48f8a9f95ade105b35a0d6594d61cb33341465f,no_depression,3,23,6,14.503442362827967
3ff2d9364a079d3ec8b3c687a48f8a9f95ade105b35a0d6594d61cb33341465f,no_depression,3,23,7,14.543446740666736
3ff2d9364a079d3ec8b3c687a48f8a9f95ade105b35a0d6594d61cb33341465f,no_depression,3,23,8,14.580177990847695
3ff2d9364a079d3ec8b3c687a48f8a9f95ade105b35a0d6594d61cb33341465f,no_depression,3,23,9,14.613869764383859
3ff2d9364a079d3ec8b3c687a48f8a9f95ade105b35a0d6594d61cb33341465f,no_depression,3,23,10,14.644745423025581
3ff2d9364a079d3ec8b3c687a48f8a9f95ade105b35a0d6594d61cb33341465f,no_depression,3,23,11,14.673017330460343
3ff2d9364a079d3ec8b3c687a48f8a9f95ade105b35a0d6594d61cb33341465f,no_depression,3,23,12,14.698886360540355
3ff2d9364a079d3ec8b3c687a48f8a9f95ade105b35a0d6594d61cb33341465f,no_depression,3,23,13,14.72254185476802
3ff2d9364a079d3ec8b3c687a48f8a9f95ade105b35a0d6594d61cb33341465f,no_depression,3,23,14,14.744161405796588
3ff2d9364a079d3ec8b3c687a48f8a9f95ade105b35a0d6594d61cb33341465f,no_depression,3,23,15,14.763911010746233
3ff2d9364a079d3ec8b3c687a48f8a9f95ade105b35a0d6594d61cb33341465f,no_depression,3,37,1,14.19581925007817
3ff2d9364a079d3ec8b3c687a48f8a9f95ade105b35a0d6594d61cb33341465f,no_depression,3,37,2,14.259816293193094
3ff2d9364a079d3ec8b3c687a48f8a9f95ade105b35a0d6594d61cb33341465f,no_depression,3,37,3,14.31902346878733
3ff2d9364a079d3ec8b3c687a48f8a9f95ade105b35a0d6594d61cb33341465f,no_depression,3,37,4,14.37370887950606
3ff2d9364a079d3ec8b3c687a48f8a9f95ade105b35a0d6594d61cb33341465f,no_depression,3,37,5,14.424140836284222
3ff2d9364a079d3ec8b3c687a48f8a9f95ade105b35a0d6594d61cb33341465f,no_depression,3,37,6,14.470584744325551
3ff2d9364a079d3ec8b3c687a48f8a9f95ade105b35a0d6594d61cb33341465f,no_depression,3,37,7,14.513300772811762
3ff2d9364a079d3ec8b3c687a48f8a9f95ade105b35a0d6594d61cb33341465f,no_depression,3,37,8,14.55254190386419
3ff2d9364a079d3ec8b3c687a48f8a9f95ade105b35a0d6594d61cb33341465f,no_depression,3,37,9,14.588552342965608
3ff2d9364a079d3ec8b3c687a48f8a9f95ade105b35a0d6594d61cb33341465f,no_depression,3,37,10,14.621566274760246
3ff2d9364a079d3ec8b3c687a48f8a9f95ade105b35a0d6594d61cb33341465f,no_depression,3,37,11,14.651806972317491
3ff2d9364a079d3ec8b3c687a48f8a9f95ade105b35a0d6594d61cb33341465f,no_depression,3,37,12,14.679486126602276
3ff2d9364a079d3ec8b3c687a48f8a9f95ade105b35a0d6594d61cb33341465f,no_depression,3,37,13,14.704803699827492
3ff2d9364a079d3ec8b3c687a48f8a9f95ade105b35a0d6594d61cb33341465f,no_depression,3,37,14,14.727947607383728
3ff2d9364a079d3ec8b3c687a48f8a9f95ade105b35a0d6594d61cb33341465f,no_depression,3,37,15,14.749093795324827
3ff2d9364a079d3ec8b3c687a48f8a9f95ade105b35a0d6594d61cb33341465f,no_depression,3,41,1,14.304192288860426
3ff2d9364a079d3ec8b3c687a48f8a9f95ade105b35a0d6594d61cb33341465f,no_depression,3,41,2,14.359482493063451
3ff2d9364a079d3ec8b3c687a48f8a9f95ade105b35a0d6594d61cb33341465f,no_depression,3,41,3,14.410589981584177
3ff2d9364a079d3ec8b3c687a48f8a9f95ade105b35a0d6594d61cb33341465f,no_depression,3,41,4,14.457757411176221
3ff2d9364a079d3ec8b3c687a48f8a9f95ade105b35a0d6594d61cb33341465f,no_depression,3,41,5,14.501225798316089
3ff2d9364a079d3ec8b3c687a48f8a9f95ade105b35a0d6594d61cb33341465f,no_depression,3,41,6,14.541232006007057
3ff2d9364a079d3ec8b3c687a48f8a9f95ade105b35a0d6594d61cb33341465f,no_depression,3,41,7,14.578006954923355
3ff2d9364a079d3ec8b3c687a48f8a9f95ade105b35a0d6594d61cb33341465f,no_depression,3,41,8,14.61177413756049
3ff2d9364a079d3ec8b3c687a48f8a9f95ade105b35a0d6594d61cb33341465f,no_depression,3,41,9,14.642748420558231
3ff2d9364a079d3ec8b3c687a48f8a9f95ade105b35a0d6594d61cb33341465f,no_depression,3,41,10,14.671135141554588
3ff2d9364a079d3ec8b3c687a48f8a9f95ade105b35a0d6594d61cb33341465f,no_depression,3,41,11,14.697129473247532
3ff2d9364a079d3ec8b3c687a48f8a9f95ade105b35a0d6594d61cb33341465f,no_depression,3,41,12,14.720915978869662
3ff2d9364a079d3ec8b3c687a48f8a9f95ade105b35a0d6594d61cb33341465f,no_depression,3,41,13,14.742668609594393
3ff2d9364a079d3ec8b3c687a48f8a9f95ade105b35a0d6594d61cb33341465f,no_depression,3,41,14,14.762550500893601
3ff2d9364a079d3ec8b3c687a48f8a9f95ade105b35a0d6594d61cb33341465f,no_depression,3,41,15,14.780714124047254
3ff2d9364a079d3ec8b3c687a48f8a9f95ade105b35a0d6594d61cb33341465f,no_depression,3,53,1,14.23685063118244
3ff2d9364a079d3ec8b3c687a48f8a9f95ade105b35a0d6594d61cb33341465f,no_depression,3,53,2,14.297715217635947
3ff2d9364a079d3ec8b3c687a48f8a9f95ade105b35a0d6594d61cb33341465f,no_depression,3,53,3,14.353979652493354
3ff2d9364a079d3ec8b3c687a48f8a9f95ade105b35a0d6594d61cb33341465f,no_depression,3,53,4,14.405909380017528
3ff2d9364a079d3ec8b3c687a48f8a9f95ade105b35a0d6594d61cb33341465f,no_depression,3,53,5,14.45376840362488
3ff2d9364a079d3ec8b3c687a48f8a9f95ade105b35a0d6594d61cb33341465f,no_depression,3,53,6,14.497816483028402
3ff2d9364a079d3ec8b3c687a48f8a9f95ade105b35a0d6594d61cb33341465f,no_depression,3,53,7,14.53830709907245
3ff2d9364a079d3ec8b3c687a48f8a9f95ade105b35a0d6594d61cb33341465f,no_depression,3,53,8,14.575485765761762
3ff2d9364a079d3ec8b3c687a48f8a9f95ade105b35a0d6594d61cb33341465f,no_depression,3,53,9,14.609588668254391
3ff2d9364a079d3ec8b3c687a48f8a9f95ade105b35a0d6594d61cb33341465f,no_depression,3,53,10,14.64084163221293
3ff2d9364a079d3ec8b3c687a48f8a9f95ade105b35a0d6594d61cb33341465f,no_depression,3,53,11,14.669459402596232
3ff2d9364a079d3ec8b3c687a48f8a9f95ade105b35a0d6594d61cb33341465f,no_depression,3,53,12,14.695645118486361
3ff2d9364a079d3ec8b3c687a48f8a9f95ade105b35a0d6594d61cb33341465f,no_depression,3,53,13,14.71959028300359
3ff2d9364a079d3ec8b3c687a48f8a9f95ade105b35a0d6594d61cb33341465f,no_depression,3,53,14,14.741474540303683
3ff2d9364a079d3ec8b3c687a48f8a9f95ade105b35a0d6594d61cb33341465f,no_depression,3,53,15,14.761465826504306
3ff2d9364a079d3ec8b3c687a48f8a9f95ade105b35a0d6594d61cb33341465f,no_depression,3,67,1,14.217751874191556
3ff2d9364a079d3ec8b3c687a48f8a9f95ade105b35a0d6594d61cb33341465f,no_depression,3,67,2,14.280040302754262
3ff2d9364a079d3ec8b3c687a48f8a9f95ade105b35a0d6594d61cb33341465f,no_depression,3,67,3,14.33764707452718
3ff2d9364a079d3ec8b3c687a48f8a9f95ade105b35a0d6594d61cb33341465f,no_depression,3,67,4,14.390838043721391
3ff2d9364a079d3ec8b3c687a48f8a9f95ade105b35a0d6594d61cb33341465f,no_depression,3,67,5,14.439878426473145
3ff2d9364a079d3ec8b3c687a48f8a9f95ade105b35a0d6594d61cb33341465f,no_depression,3,67,6,14.48502986441467
3ff2d9364a079d3ec8b3c687a48f8a9f95ade105b35a0d6594d61cb33341465f,no_depression,3,67,7,14.526548265634204
3ff2d9364a079d3ec8b3c687a48f8a9f95ade105b35a0d6594d61cb33341465f,no_depression,3,67,8,14.564681997397777
3ff2d9364a079d3ec8b3c687a48f8a9f95ade105b35a0d6594d61cb33341465f,no_depression,3,67,9,14.599670422352695
3ff2d9364a079d3ec8b3c687a48f8a9f95ade105b35a0d6594d61cb33341465f,no_depression,3,67,10,14.631742765317204
3ff2d9364a079d3ec8b3c687a48f8a9f95ade105b35a0d6594d61cb33341465f,no_depression,3,67,11,14.661117310669836
3ff2d9364a079d3ec8b3c687a48f8a9f95ade105b35a0d6594d61cb33341465f,no_depression,3,67,12,14.688000817640697
3ff2d9364a079d3ec8b3c687a48f8a9f95ade105b35a0d6594d61cb33341465f,no_depression,3,67,13,14.712588417635278
3ff2d9364a079d3ec8b3c687a48f8a9f95ade105b35a0d6594d61cb33341465f,no_depression,3,67,14,14.735063344124145
3ff2d9364a079d3ec8b3c687a48f8a9f95ade105b35a0d6594d61cb33341465f,no_depression,3,67,15,14.755597045064437
3ff2d9364a079d3ec8b3c687a48f8a9f95ade105b35a0d6594d61cb33341465f,no_depression,3,79,1,14.224698307741324
3ff2d9364a079d3ec8b3c687a48f8a9f95ade105b35a0d6594d61cb33341465f,no_depression,3,79,2,14.28636794074847
3ff2d9364a079d3ec8b3c687a48f8a9f95ade105b35a0d6594d61cb33341465f,no_depression,3,79,3,14.343410540166065
3ff2d9364a079d3ec8b3c687a48f8a9f95ade105b35a0d6594d61cb33341465f,no_depression,3,79,4,14.396087585927724
3ff2d9364a079d3ec8b3c687a48f8a9f95ade105b35a0d6594d61cb33341465f,no_depression,3,79,5,14.44466015967525
3ff2d9364a079d3ec8b3c687a48f8a9f95ade105b35a0d6594d61cb33341465f,no_depression,3,79,6,14.489386008842633
3ff2d9364a079d3ec8b3c687a48f8a9f95ade105b35a0d6594d61cb33341465f,no_depression,3,79,7,14.530517408286647
3ff2d9364a079d3ec8b3c687a48f8a9f95ade105b35a0d6594d61cb33341465f,no_depression,3,79,8,14.56829935174008
3ff2d9364a079d3ec8b3c687a48f8a9f95ade105b35a0d6594d61cb33341465f,no_depression,3,79,9,14.602968084289953
3ff2d9364a079d3ec8b3c687a48f8a9f95ade105b35a0d6594d61cb33341465f,no_depression,3,79,10,14.634749960071622
3ff2d9364a079d3ec8b3c687a48f8a9f95ade105b35a0d6594d61cb33341465f,no_depression,3,79,11,14.6638606183834
3ff2d9364a079d3ec8b3c687a48f8a9f95ade105b35a0d6594d61cb33341465f,no_depression,3,79,12,14.690504390552029
3ff2d9364a079d3ec8b3c687a48f8a9f95ade105b35a0d6594d61cb33341465f,no_depression,3,79,13,14.714874193569736
3ff2d9364a079d3ec8b3c687a48f8a9f95ade105b35a0d6594d61cb33341465f,no_depression,3,79,14,14.73715123829542
3ff2d9364a079d3ec8b3c687a48f8a9f95ade105b35a0d6594d61cb33341465f,no_depression,3,79,15,14.757505129536453
3ff2d9364a079d3ec8b3c687a48f8a9f95ade105b35a0d6594d61cb33341465f,no_depression,3,97,1,14.19404702657375
3ff2d9364a079d3ec8b3c687a48f8a9f95ade105b35a0d6594d61cb33341465f,no_depression,3,97,2,14.258199811391572
3ff2d9364a079d3ec8b3c687a48f8a9f95ade105b35a0d6594d61cb33341465f,no_depression,3,97,3,14.317550601885392
3ff2d9364a079d3ec8b3c687a48f8a9f95ade105b35a0d6594d61cb33341465f,no_depression,3,97,4,14.372368101427249
3ff2d9364a079d3ec8b3c687a48f8a9f95ade105b35a0d6594d61cb33341465f,no_depression,3,97,5,14.422921266471038
3ff2d9364a079d3ec8b3c687a48f8a9f95ade105b35a0d6594d61cb33341465f,no_depression,3,97,6,14.469476170140123
3ff2d9364a079d3ec8b3c687a48f8a9f95ade105b35a0d6594d61cb33341465f,no_depression,3,97,7,14.512293661996948
3ff2d9364a079d3ec8b3c687a48f8a9f95ade105b35a0d6594d61cb33341465f,no_depression,3,97,8,14.551627398820832
3ff2d9364a079d3ec8b3c687a48f8a9f95ade105b35a0d6594d61cb33341465f,no_depression,3,97,9,14.587722248968523
3ff2d9364a079d3ec8b3c687a48f8a9f95ade105b35a0d6594d61cb33341465f,no_depression,3,97,10,14.620813034942287
3ff2d9364a079d3ec8b3c687a48f8a9f95ade105b35a0d6594d61cb33341465f,no_depression,3,97,11,14.651123633992341
3ff2d9364a079d3ec8b3c687a48f8a9f95ade105b35a0d6594d61cb33341465f,no_depression,3,97,12,14.678866311027573
3ff2d9364a079d3ec8b3c687a48f8a9f95ade105b35a0d6594d61cb33341465f,no_depression,3,97,13,14.704241567956045
3ff2d9364a079d3ec8b3c687a48f8a9f95ade105b35a0d6594d61cb33341465f,no_depression,3,97,14,14.727437824634764
3ff2d9364a079d3ec8b3c687a48f8a9f95ade105b35a0d6594d61cb33341465f,no_depression,3,97,15,14.74863149590411
3ff2d9364a079d3ec8b3c687a48f8a9f95ade105b35a0d6594d61cb33341465f,plasticity_frozen,1,11,1,13.33126875839051
3ff2d9364a079d3ec8b3c687a48f8a9f95ade105b35a0d6594d61cb33341465f,plasticity_frozen,1,11,2,12.146469600755434
3ff2d9364a079d3ec8b3c687a48f8a9f95ade105b35a0d6594d61cb33341465f,plasticity_frozen,1,11,3,11.355111958002892
3ff2d9364a079d3ec8b3c687a48f8a9f95ade105b35a0d6594d61cb33341465f,plasticity_frozen,1,11,4,10.785109158282639
3ff2d9364a079d3ec8b3c687a48f8a9f95ade105b35a0d6594d61cb33341465f,plasticity_frozen,1,11,5,10.367894326844809
3ff2d9364a079d3ec8b3c687a48f8a9f95ade105b35a0d6594d61cb33341465f,plasticity_frozen,1,11,6,10.06152313425735
3ff2d9364a079d3ec8b3c687a48f8a9f95ade105b35a0d6594d61cb33341465f,plasticity_frozen,1,11,7,9.836402192396118
3ff2d9364a079d3ec8b3c687a48f8a9f95ade105b35a0d6594d61cb33341465f,plasticity_frozen,1,11,8,9.670962606675086
3ff2d9364a079d3ec8b3c687a48f8a9f95ade105b35a0d6594d61cb33341465f,plasticity_frozen,1,11,9,9.54937928572932
3ff2d9364a079d3ec8b3c687a48f8a9f95ade105b35a0d6594d61cb33341465f,plasticity_frozen,1,11,10,9.460025952318414
3ff2d9364a079d3ec8b3c687a48f8a9f95ade105b35a0d6594d61cb33341465f,plasticity_frozen,1,11,11,9.394358835154419
3ff2d9364a079d3ec8b3c687a48f8a9f95ade105b35a0d6594d61cb33341465f,plasticity_frozen,1,11,12,9.34609906723515
3ff2d9364a079d3ec8b3c687a48f8a9f95ade105b35a0d6594d61cb33341465f,plasticity_frozen,1,11,13,9.310632224894041
3ff2d9364a079d3ec8b3c687a48f8a9f95ade105b35a0d6594d61cb33341465f,plasticity_frozen,1,11,14,9.284567099226667
3ff2d9364a079d3ec8b3c687a48f8a9f95ade105b35a0d6594d61cb33341465f,plasticity_frozen,1,11,15,9.265411439115255
3ff2d9364a079d3ec8b3c687a48f8a9f95ade105b35a0d6594d61cb33341465f,plasticity_frozen,1,23,1,13.193381499323355
3ff2d9364a079d3ec8b3c687a48f8a9f95ade105b35a0d6594d61cb33341465f,plasticity_frozen,1,23,2,12.048231635957503
3ff2d9364a079d3ec8b3c687a48f8a9f95ade105b35a0d6594d61cb33341465f,plasticity_frozen,1,23,3,11.283367221815709
3ff2d9364a079d3ec8b3c687a48f8a9f95ade105b35a0d6594d61cb33341465f,plasticity_frozen,1,23,4,10.732448766480118
3ff2d9364a079d3ec8b3c687a48f8a9f95ade105b35a0d6594d61cb33341465f,plasticity_frozen,1,23,5,10.329203013483395
3ff2d9364a079d3ec8b3c687a48f8a9f95ade105b35a0d6594d61cb33341465f,plasticity_frozen,1,23,6,10.033089698022604
3ff2d9364a079d3ec8b3c687a48f8a9f95ade105b35a0d6594d61cb33341465f,plasticity_frozen,1,23,7,9.815506229173044
3ff2d9364a079d3ec8b3c687a48f8a9f95ade105b35a0d6594d61cb33341465f,plasticity_frozen,1,23,8,9.65560587306545
3ff2d9364a079d3ec8b3c687a48f8a9f95ade105b35a0d6594d61cb33341465f,plasticity_frozen,1,23,9,9.53809339131904
3ff2d9364a079d3ec8b3c687a48f8a9f95ade105b35a0d6594d61cb33341465f,plasticity_frozen,1,23,10,9.45173177627402
3ff2d9364a079d3ec8b3c687a48f8a9f95ade105b35a0d6594d61cb33341465f,plasticity_frozen,1,23,11,9.388263318221773
3ff2d9364a079d3ec8b3c687a48f8a9f95ade105b35a0d6594d61cb33341465f,plasticity_frozen,1,23,12,9.341619378483689
3ff2d9364a079d3ec8b3c687a48f8a9f95ade105b35a0d6594d61cb33341465f,plasticity_frozen,1,23,13,9.30734003301265
3ff2d9364a079d3ec8b3c687a48f8a9f95ade105b35a0d6594d61cb33341465f,plasticity_frozen,1,23,14,9.282147616983496
3ff2d9364a079d3ec8b3c687a48f8a9f95ade105b35a0d6594d61cb33341465f,plasticity_frozen,1,23,15,9.263633324553139
3ff2d9364a079d3ec8b3c687a48f8a9f95ade105b35a0d6594d61cb33341465f,plasticity_frozen,1,37,1,13.331281131342338
3ff2d9364a079d3ec8b3c687a48f8a9f95ade105b35a0d6594d61cb33341465f,plasticity_frozen,1,37,2,12.146478693827238
3ff2d9364a079d3ec8b3c687a48f8a9f95ade105b35a0d6594d61cb33341465f,plasticity_frozen,1,37,3,11.35511864064065
3ff2d9364a079d3ec8b3c687a48f8a9f95ade105b35a0d6594d61cb33341465f,plasticity_frozen,1,37,4,10.785114069455489
3ff2d9364a079d3ec8b3c687a48f8a9f95ade105b35a0d6594d61cb33341465f,plasticity_frozen,1,37,5,10.36789793614096
3ff2d9364a079d3ec8b3c687a48f8a9f95ade105b35a0d6594d61cb33341465f,plasticity_frozen,1,37,6,10.061525786784387
3ff2d9364a079d3ec8b3c687a48f8a9f95ade105b35a0d6594d61cb33341465f,plasticity_frozen,1,37,7,9.836404141778873
3ff2d9364a079d3ec8b3c687a48f8a9f95ade105b35a0d6594d61cb33341465f,plasticity_frozen,1,37,8,9.67096403930633
3ff2d9364a079d3ec8b3c687a48f8a9f95ade105b35a0d6594d61cb33341465f,plasticity_frozen,1,37,9,9.549380338591952
3ff2d9364a079d3ec8b3c687a48f8a9f95ade105b35a0d6594d61cb33341465f,plasticity_frozen,1,37,10,9.460026726083301
3ff2d9364a079d3ec8b3c687a48f8a9f95ade105b35a0d6594d61cb33341465f,plasticity_frozen,1,37,11,9.394359403806082
3ff2d9364a079d3ec8b3c687a48f8a9f95ade105b35a0d6594d61cb33341465f,plasticity_frozen,1,37,12,9.34609948514597
3ff2d9364a079d3ec8b3c687a48f8a9f95ade105b35a0d6594d61cb33341465f,plasticity_frozen,1,37,13,9.310632532023103
3ff2d9364a079d3ec8b3c687a48f8a9f95ade105b35a0d6594d61cb33341465f,plasticity_frozen,1,37,14,9.284567324940516
3ff2d9364a079d3ec8b3c687a48f8a9f95ade105b35a0d6594d61cb33341465f,plasticity_frozen,1,37,15,9.265411604995826
3ff2d9364a079d3ec8b3c687a48f8a9f95ade105b35a0d6594d61cb33341465f,plasticity_frozen,1,41,1,12.91515815994057
3ff2d9364a079d3ec8b3c687a48f8a9f95ade105b35a0d6594d61cb33341465f,plasticity_frozen,1,41,2,11.84995603011486
3ff2d9364a079d3ec8b3c687a48f8a9f95ade105b35a0d6594d61cb33341465f,plasticity_frozen,1,41,3,11.138555139800113
3ff2d9364a079d3ec8b3c687a48f8a9f95ade105b35a0d6594d61cb33341465f,plasticity_frozen,1,41,4,10.626155976790011
3ff2d9364a079d3ec8b3c687a48f8a9f95ade105b35a0d6594d61cb33341465f,plasticity_frozen,1,41,5,10.251106044599442
3ff2d9364a079d3ec8b3c687a48f8a9f95ade105b35a0d6594d61cb33341465f,plasticity_frozen,1,41,6,9.975697844556604
3ff2d9364a079d3ec8b3c687a48f8a9f95ade105b35a0d6594d61cb33341465f,plasticity_frozen,1,41,7,9.773328486150895
3ff2d9364a079d3ec8b3c687a48f8a9f95ade105b35a0d6594d61cb33341465f,plasticity_frozen,1,41,8,9.624608863334531
3ff2d9364a079d3ec8b3c687a48f8a9f95ade105b35a0d6594d61cb33341465f,plasticity_frozen,1,41,9,9.515313222763371
3ff2d9364a079d3ec8b3c687a48f8a9f95ade105b35a0d6594d61cb33341465f,plasticity_frozen,1,41,10,9.434990282725915
3ff2d9364a079d3ec8b3c687a48f8a9f95ade105b35a0d6594d61cb33341465f,plasticity_frozen,1,41,11,9.375959738352224
3ff2d9364a079d3ec8b3c687a48f8a9f95ade105b35a0d6594d61cb33341465f,plasticity_frozen,1,41,12,9.33257728919824
3ff2d9364a079d3ec8b3c687a48f8a9f95ade105b35a0d6594d61cb33341465f,plasticity_frozen,1,41,13,9.30069486309392
3ff2d9364a079d3ec8b3c687a48f8a9f95ade105b35a0d6594d61cb33341465f,plasticity_frozen,1,41,14,9.277263979820018
3ff2d9364a079d3ec8b3c687a48f8a9f95ade105b35a0d6594d61cb33341465f,plasticity_frozen,1,41,15,9.26004426479418
3ff2d9364a079d3ec8b3c687a48f8a9f95ade105b35a0d6594d61cb33341465f,plasticity_frozen,1,53,1,13.326144285408933
3ff2d9364a079d3ec8b3c687a48f8a9f95ade105b35a0d6594d61cb33341465f,plasticity_frozen,1,53,2,12.142703547073802
3ff2d9364a079d3ec8b3c687a48f8a9f95ade105b35a0d6594d61cb33341465f,plasticity_frozen,1,53,3,11.352344227463822
3ff2d9364a079d3ec8b3c687a48f8a9f95ade105b35a0d6594d61cb33341465f,plasticity_frozen,1,53,4,10.783075110713353
3ff2d9364a079d3ec8b3c687a48f8a9f95ade105b35a0d6594d61cb33341465f,plasticity_frozen,1,53,5,10.366399474128585
3ff2d9364a079d3ec8b3c687a48f8a9f95ade105b35a0d6594d61cb33341465f,plasticity_frozen,1,53,6,10.060424544098023
3ff2d9364a079d3ec8b3c687a48f8a9f95ade105b35a0d6594d61cb33341465f,plasticity_frozen,1,53,7,9.835594821659818
3ff2d9364a079d3ec8b3c687a48f8a9f95ade105b35a0d6594d61cb33341465f,plasticity_frozen,1,53,8,9.670369257553672
3ff2d9364a079d3ec8b3c687a48f8a9f95ade105b35a0d6594d61cb33341465f,plasticity_frozen,1,53,9,9.548943224371063
3ff2d9364a079d3ec8b3c687a48f8a9f95ade105b35a0d6594d61cb33341465f,plasticity_frozen,1,53,10,9.459705484146637
3ff2d9364a079d3ec8b3c687a48f8a9f95ade105b35a0d6594d61cb33341465f,plasticity_frozen,1,53,11,9.394123318186038
3ff2d9364a079d3ec8b3c687a48f8a9f95ade105b35a0d6594d61cb33341465f,plasticity_frozen,1,53,12,9.345925982207442
3ff2d9364a079d3ec8b3c687a48f8a9f95ade105b35a0d6594d61cb33341465f,plasticity_frozen,1,53,13,9.310505022055862
3ff2d9364a079d3ec8b3c687a48f8a9f95ade105b35a0d6594d61cb33341465f,plasticity_frozen,1,53,14,9.284473615912399
3ff2d9364a079d3ec8b3c687a48f8a9f95ade105b35a0d6594d61cb33341465f,plasticity_frozen,1,53,15,9.265342736795615
3ff2d9364a079d3ec8b3c687a48f8a9f95ade105b35a0d6594d61cb33341465f,plasticity_frozen,1,67,1,13.327425809330816
3ff2d9364a079d3ec8b3c687a48f8a9f95ade105b35a0d6594d61cb33341465f,plasticity_frozen,1,67,2,12.14364535863208
3ff2d9364a079d3ec8b3c687a48f8a9f95ade105b35a0d6594d61cb33341465f,plasticity_frozen,1,67,3,11.35303637920467
3ff2d9364a079d3ec8b3c687a48f8a9f95ade105b35a0d6594d61cb33341465f,plasticity_frozen,1,67,4,10.783583783630096
3ff2d9364a079d3ec8b3c687a48f8a9f95ade105b35a0d6594d61cb33341465f,plasticity_frozen,1,67,5,10.366773305646953
3ff2d9364a079d3ec8b3c687a48f8a9f95ade105b35a0d6594d61cb33341465f,plasticity_frozen,1,67,6,10.06069927860723
3ff2d9364a079d3ec8b3c687a48f8a9f95ade105b35a0d6594d61cb33341465f,plasticity_frozen,1,67,7,9.835796728259012
3ff2d9364a079d3ec8b3c687a48f8a9f95ade105b35a0d6594d61cb33341465f,plasticity_frozen,1,67,8,9.670517641806224
3ff2d9364a079d3ec8b3c687a48f8a9f95ade105b35a0d6594d61cb33341465f,plasticity_frozen,1,67,9,9.54905227423121
3ff2d9364a079d3ec8b3c687a48f8a9f95ade105b35a0d6594d61cb33341465f,plasticity_frozen,1,67,10,9.45978562655929
3ff2d9364a079d3ec8b3c687a48f8a9f95ade105b35a0d6594d61cb33341465f,plasticity_frozen,1,67,11,9.394182216072727
3ff2d9364a079d3ec8b3c687a48f8a9f95ade105b35a0d6594d61cb33341465f,plasticity_frozen,1,67,12,9.34596926716656
3ff2d9364a079d3ec8b3c687a48f8a9f95ade105b35a0d6594d61cb33341465f,plasticity_frozen,1,67,13,9.31053683283536
3ff2d9364a079d3ec8b3c687a48f8a9f95ade105b35a0d6594d61cb33341465f,plasticity_frozen,1,67,14,9.284496994141527
3ff2d9364a079d3ec8b3c687a48f8a9f95ade105b35a0d6594d61cb33341465f,plasticity_frozen,1,67,15,9.265359917814312
3ff2d9364a079d3ec8b3c687a48f8a9f95ade105b35a0d6594d61cb33341465f,plasticity_frozen,1,79,1,13.19471239072709
3ff2d9364a079d3ec8b3c687a48f8a9f95ade105b35a0d6594d61cb33341465f,plasticity_frozen,1,79,2,12.049209728434317
3ff2d9364a079d3ec8b3c687a48f8a9f95ade105b35a0d6594d61cb33341465f,plasticity_frozen,1,79,3,11.284086036959346
3ff2d9364a079d3ec8b3c687a48f8a9f95ade105b35a0d6594d61cb33341465f,plasticity_frozen,1,79,4,10.732977034740003
3ff2d9364a079d3ec8b3c687a48f8a9f95ade105b35a0d6594d61cb33341465f,plasticity_frozen,1,79,5,10.329591245919602
3ff2d9364a079d3ec8b3c687a48f8a9f95ade105b35a0d6594d61cb33341465f,plasticity_frozen,1,79,6,10.033375015986921
3ff2d9364a079d3ec8b3c687a48f8a9f95ade105b35a0d6594d61cb33341465f,plasticity_frozen,1,79,7,9.815715913715518
3ff2d9364a079d3ec8b3c687a48f8a9f95ade105b35a0d6594d61cb33341465f,plasticity_frozen,1,79,8,9.655759973447667
3ff2d9364a079d3ec8b3c687a48f8a9f95ade105b35a0d6594d61cb33341465f,plasticity_frozen,1,79,9,9.538206642050444
3ff2d9364a079d3ec8b3c687a48f8a9f95ade105b35a0d6594d61cb33341465f,plasticity_frozen,1,79,10,9.451815005971298
3ff2d9364a079d3ec8b3c687a48f8a9f95ade105b35a0d6594d61cb33341465f,plasticity_frozen,1,79,11,9.388324485001212
3ff2d9364a079d3ec8b3c687a48f8a9f95ade105b35a0d6594d61cb33341465f,plasticity_frozen,1,79,12,9.341664330886854
3ff2d9364a079d3ec8b3c687a48f8a9f95ade105b35a0d6594d61cb33341465f,plasticity_frozen,1,79,13,9.30737306922232
3ff2d9364a079d3ec8b3c687a48f8a9f95ade105b35a0d6594d61cb33341465f,plasticity_frozen,1,79,14,9.282171895800028
3ff2d9364a079d3ec8b3c687a48f8a9f95ade105b35a0d6594d61cb33341465f,plasticity_frozen,1,79,15,9.263651167427307
3ff2d9364a079d3ec8b3c687a48f8a9f95ade105b35a0d6594d61cb33341465f,plasticity_frozen,1,97,1,13.332549409387196
3ff2d9364a079d3ec8b3c687a48f8a9f95ade105b35a0d6594d61cb33341465f,plasticity_frozen,1,97,2,12.147410770787594
3ff2d9364a079d3ec8b3c687a48f8a9f95ade105b35a0d6594d61cb33341465f,plasticity_frozen,1,97,3,11.355803638276374
3ff2d9364a079d3ec8b3c687a48f8a9f95ade105b35a0d6594d61cb33341465f,plasticity_frozen,1,97,4,10.785617484710786
3ff2d9364a079d3ec8b3c687a48f8a9f95ade105b35a0d6594d61cb33341465f,plasticity_frozen,1,97,5,10.368267903723405
3ff2d9364a079d3ec8b3c687a48f8a9f95ade105b35a0d6594d61cb33341465f,plasticity_frozen,1,97,6,10.061797681627885
3ff2d9364a079d3ec8b3c687a48f8a9f95ade105b35a0d6594d61cb33341465f,plasticity_frozen,1,97,7,9.836603961464247
3ff2d9364a079d3ec8b3c687a48f8a9f95ade105b35a0d6594d61cb33341465f,plasticity_frozen,1,97,8,9.671110889853958
3ff2d9364a079d3ec8b3c687a48f8a9f95ade105b35a0d6594d61cb33341465f,plasticity_frozen,1,97,9,9.549488261308863
3ff2d9364a079d3ec8b3c687a48f8a9f95ade105b35a0d6594d61cb33341465f,plasticity_frozen,1,97,10,9.460106040141111
3ff2d9364a079d3ec8b3c687a48f8a9f95ade105b35a0d6594d61cb33341465f,plasticity_frozen,1,97,11,9.39441769292211
3ff2d9364a079d3ec8b3c687a48f8a9f95ade105b35a0d6594d61cb33341465f,plasticity_frozen,1,97,12,9.34614232271021
3ff2d9364a079d3ec8b3c687a48f8a9f95ade105b35a0d6594d61cb33341465f,plasticity_frozen,1,97,13,9.310664014005251
3ff2d9364a079d3ec8b3c687a48f8a9f95ade105b35a0d6594d61cb33341465f,plasticity_frozen,1,97,14,9.284590461531431
3ff2d9364a079d3ec8b3c687a48f8a9f95ade105b35a0d6594d61cb33341465f,plasticity_frozen,1,97,15,9.265428608430893
3ff2d9364a079d3ec8b3c687a48f8a9f95ade105b35a0d6594d61cb33341465f,plasticity_frozen,2,11,1,12.976300444465965
3ff2d9364a079d3ec8b3c687a48f8a9f95ade105b35a0d6594d61cb33341465f,plasticity_frozen,2,11,2,11.793006160677118
3ff2d9364a079d3ec8b3c687a48f8a9f95ade105b35a0d6594d61cb33341465f,plasticity_frozen,2,11,3,11.002659003224702
3ff2d9364a079d3ec8b3c687a48f8a9f95ade105b35a0d6594d61cb33341465f,plasticity_frozen,2,11,4,10.433384905632192
3ff2d9364a079d3ec8b3c687a48f8a9f95ade105b35a0d6594d61cb33341465f,plasticity_frozen,2,11,5,10.01670355993356
3ff2d9364a079d3ec8b3c687a48f8a9f95ade105b35a0d6594d61cb33341465f,plasticity_frozen,2,11,6,9.710724116608759
3ff2d9364a079d3ec8b3c687a48f8a9f95ade105b35a0d6594d61cb33341465f,plasticity_frozen,2,11,7,9.485891034073877
3ff2d9364a079d3ec8b3c687a48f8a9f95ade105b35a0d6594d61cb33341465f,plasticity_frozen,2,11,8,9.320662994278404
3ff2d9364a079d3ec8b3c687a48f8a9f95ade105b35a0d6594d61cb33341465f,plasticity_frozen,2,11,9,9.199235140754462
3ff2d9364a079d3ec8b3c687a48f8a9f95ade105b35a0d6594d61cb33341465f,plasticity_frozen,2,11,10,9.109996062599256
3ff2d9364a079d3ec8b3c687a48f8a9f95ade105b35a0d6594d61cb33341465f,plasticity_frozen,2,11,11,9.044412913353291
3ff2d9364a079d3ec8b3c687a48f8a9f95ade105b35a0d6594d61cb33341465f,plasticity_frozen,2,11,12,8.996214854740408
3ff2d9364a079d3ec8b3c687a48f8a9f95ade105b35a0d6594d61cb33341465f,plasticity_frozen,2,11,13,8.960793363513401
3ff2d9364a079d3ec8b3c687a48f8a9f95ade105b35a0d6594d61cb33341465f,plasticity_frozen,2,11,14,8.934761567074425
3ff2d9364a079d3ec8b3c687a48f8a9f95ade105b35a0d6594d61cb33341465f,plasticity_frozen,2,11,15,8.915630401123474
3ff2d9364a079d3ec8b3c687a48f8a9f95ade105b35a0d6594d61cb33341465f,plasticity_frozen,2,23,1,12.838404376652653
3ff2d9364a079d3ec8b3c687a48f8a9f95ade105b35a0d6594d61cb33341465f,plasticity_frozen,2,23,2,11.694761935294407
3ff2d9364a079d3ec8b3c687a48f8a9f95ade105b35a0d6594d61cb33341465f,plasticity_frozen,2,23,3,10.93090969712422
3ff2d9364a079d3ec8b3c687a48f8a9f95ade105b35a0d6594d61cb33341465f,plasticity_frozen,2,23,4,10.380721159865153
3ff2d9364a079d3ec8b3c687a48f8a9f95ade105b35a0d6594d61cb33341465f,plasticity_frozen,2,23,5,9.978009782353759
3ff2d9364a079d3ec8b3c687a48f8a9f95ade105b35a0d6594d61cb33341465f,plasticity_frozen,2,23,6,9.682288869478695
3ff2d9364a079d3ec8b3c687a48f8a9f95ade105b35a0d6594d61cb33341465f,plasticity_frozen,2,23,7,9.46499374001017
3ff2d9364a079d3ec8b3c687a48f8a9f95ade105b35a0d6594d61cb33341465f,plasticity_frozen,2,23,8,9.305305282615667
3ff2d9364a079d3ec8b3c687a48f8a9f95ade105b35a0d6594d61cb33341465f,plasticity_frozen,2,23,9,9.187948527558287
3ff2d9364a079d3ec8b3c687a48f8a9f95ade105b35a0d6594d61cb33341465f,plasticity_frozen,2,23,10,9.101701358308135
3ff2d9364a079d3ec8b3c687a48f8a9f95ade105b35a0d6594d61cb33341465f,plasticity_frozen,2,23,11,9.038317008204048
3ff2d9364a079d3ec8b3c687a48f8a9f95ade105b35a0d6594d61cb33341465f,plasticity_frozen,2,23,12,8.991734880682614
3ff2d9364a079d3ec8b3c687a48f8a9f95ade105b35a0d6594d61cb33341465f,plasticity_frozen,2,23,13,8.957500961956029
3ff2d9364a079d3ec8b3c687a48f8a9f95ade105b35a0d6594d61cb33341465f,plasticity_frozen,2,23,14,8.932341930737152
3ff2d9364a079d3ec8b3c687a48f8a9f95ade105b35a0d6594d61cb33341465f,plasticity_frozen,2,23,15,8.913852173315243
3ff2d9364a079d3ec8b3c687a48f8a9f95ade105b35a0d6594d61cb33341465f,plasticity_frozen,2,37,1,12.976312818205813
3ff2d9364a079d3ec8b3c687a48f8a9f95ade105b35a0d6594d61cb33341465f,plasticity_frozen,2,37,2,11.793015254328052
3ff2d9364a079d3ec8b3c687a48f8a9f95ade105b35a0d6594d61cb33341465f,plasticity_frozen,2,37,3,11.002665686288072
3ff2d9364a079d3ec8b3c687a48f8a9f95ade105b35a0d6594d61cb33341465f,plasticity_frozen,2,37,4,10.433389817117838
3ff2d9364a079d3ec8b3c687a48f8a9f95ade105b35a0d6594d61cb33341465f,plasticity_frozen,2,37,5,10.01670716945959
3ff2d9364a079d3ec8b3c687a48f8a9f95ade105b35a0d6594d61cb33341465f,plasticity_frozen,2,37,6,9.710726769304731
3ff2d9364a079d3ec8b3c687a48f8a9f95ade105b35a0d6594d61cb33341465f,plasticity_frozen,2,37,7,9.485892983580774
3ff2d9364a079d3ec8b3c687a48f8a9f95ade105b35a0d6594d61cb33341465f,plasticity_frozen,2,37,8,9.320664427000887
3ff2d9364a079d3ec8b3c687a48f8a9f95ade105b35a0d6594d61cb33341465f,plasticity_frozen,2,37,9,9.199236193684158
3ff2d9364a079d3ec8b3c687a48f8a9f95ade105b35a0d6594d61cb33341465f,plasticity_frozen,2,37,10,9.109996836413417
3ff2d9364a079d3ec8b3c687a48f8a9f95ade105b35a0d6594d61cb33341465f,plasticity_frozen,2,37,11,9.04441348204117
3ff2d9364a079d3ec8b3c687a48f8a9f95ade105b35a0d6594d61cb33341465f,plasticity_frozen,2,37,12,8.99621527267784
3ff2d9364a079d3ec8b3c687a48f8a9f95ade105b35a0d6594d61cb33341465f,plasticity_frozen,2,37,13,8.96079367066203
3ff2d9364a079d3ec8b3c687a48f8a9f95ade105b35a0d6594d61cb33341465f,plasticity_frozen,2,37,14,8.934761792802657
3ff2d9364a079d3ec8b3c687a48f8a9f95ade105b35a0d6594d61cb33341465f,plasticity_frozen,2,37,15,8.915630567014611
3ff2d9364a079d3ec8b3c687a48f8a9f95ade105b35a0d6594d61cb33341465f,plasticity_frozen,2,41,1,12.560163263814907
3ff2d9364a079d3ec8b3c687a48f8a9f95ade105b35a0d6594d61cb33341465f,plasticity_frozen,2,41,2,11.496473693662828
3ff2d9364a079d3ec8b3c687a48f8a9f95ade105b35a0d6594d61cb33341465f,plasticity_frozen,2,41,3,10.786088391046489
3ff2d9364a079d3ec8b3c687a48f8a9f95ade105b35a0d6594d61cb33341465f,plasticity_frozen,2,41,4,10.274421600340009
3ff2d9364a079d3ec8b3c687a48f8a9f95ade105b35a0d6594d61cb33341465f,plasticity_frozen,2,41,5,9.89990783953738
3ff2d9364a079d3ec8b3c687a48f8a9f95ade105b35a0d6594d61cb33341465f,plasticity_frozen,2,41,6,9.624893360786585
3ff2d9364a079d3ec8b3c687a48f8a9f95ade105b35a0d6594d61cb33341465f,plasticity_frozen,2,41,7,9.422813310734545
3ff2d9364a079d3ec8b3c687a48f8a9f95ade105b35a0d6594d61cb33341465f,plasticity_frozen,2,41,8,9.274306298720045
3ff2d9364a079d3ec8b3c687a48f8a9f95ade105b35a0d6594d61cb33341465f,plasticity_frozen,2,41,9,9.165166908159344
3ff2d9364a079d3ec8b3c687a48f8a9f95ade105b35a0d6594d61cb33341465f,plasticity_frozen,2,41,10,9.084958798513183
3ff2d9364a079d3ec8b3c687a48f8a9f95ade105b35a0d6594d61cb33341465f,plasticity_frozen,2,41,11,9.026012644733374
3ff2d9364a079d3ec8b3c687a48f8a9f95ade105b35a0d6594d61cb33341465f,plasticity_frozen,2,41,12,8.9826922155167
3ff2d9364a079d3ec8b3c687a48f8a9f95ade105b35a0d6594d61cb33341465f,plasticity_frozen,2,41,13,8.950855368813912
3ff2d9364a079d3ec8b3c687a48f8a9f95ade105b35a0d6594d61cb33341465f,plasticity_frozen,2,41,14,8.927457982540329
3ff2d9364a079d3ec8b3c687a48f8a9f95ade105b35a0d6594d61cb33341465f,plasticity_frozen,2,41,15,8.910262884973122
3ff2d9364a079d3ec8b3c687a48f8a9f95ade105b35a0d6594d61cb33341465f,plasticity_frozen,2,53,1,12.971175645112375
3ff2d9364a079d3ec8b3c687a48f8a9f95ade105b35a0d6594d61cb33341465f,plasticity_frozen,2,53,2,11.789239867139777
3ff2d9364a079d3ec8b3c687a48f8a9f95ade105b35a0d6594d61cb33341465f,plasticity_frozen,2,53,3,10.999891096411996
3ff2d9364a079d3ec8b3c687a48f8a9f95ade105b35a0d6594d61cb33341465f,plasticity_frozen,2,53,4,10.431350728516717
3ff2d9364a079d3ec8b3c687a48f8a9f95ade105b35a0d6594d61cb33341465f,plasticity_frozen,2,53,5,10.015208612011847
3ff2d9364a079d3ec8b3c687a48f8a9f95ade105b35a0d6594d61cb33341465f,plasticity_frozen,2,53,6,9.709625456481469
3ff2d9364a079d3ec8b3c687a48f8a9f95ade105b35a0d6594d61cb33341465f,plasticity_frozen,2,53,7,9.485083611917036
3ff2d9364a079d3ec8b3c687a48f8a9f95ade105b35a0d6594d61cb33341465f,plasticity_frozen,2,53,8,9.320069607367243
3ff2d9364a079d3ec8b3c687a48f8a9f95ade105b35a0d6594d61cb33341465f,plasticity_frozen,2,53,9,9.198799051623947
3ff2d9364a079d3ec8b3c687a48f8a9f95ade105b35a0d6594d61cb33341465f,plasticity_frozen,2,53,10,9.109675574017217
3ff2d9364a079d3ec8b3c687a48f8a9f95ade105b35a0d6594d61cb33341465f,plasticity_frozen,2,53,11,9.044177381385097
3ff2d9364a079d3ec8b3c687a48f8a9f95ade105b35a0d6594d61cb33341465f,plasticity_frozen,2,53,12,8.99604175868911
3ff2d9364a079d3ec8b3c687a48f8a9f95ade105b35a0d6594d61cb33341465f,plasticity_frozen,2,53,13,8.960666152573816
3ff2d9364a079d3ec8b3c687a48f8a9f95ade105b35a0d6594d61cb33341465f,plasticity_frozen,2,53,14,8.934668077806295
3ff2d9364a079d3ec8b3c687a48f8a9f95ade105b35a0d6594d61cb33341465f,plasticity_frozen,2,53,15,8.915561694428257
3ff2d9364a079d3ec8b3c687a48f8a9f95ade105b35a0d6594d61cb33341465f,plasticity_frozen,2,67,1,12.972457250653115
3ff2d9364a079d3ec8b3c687a48f8a9f95ade105b35a0d6594d61cb33341465f,plasticity_frozen,2,67,2,11.790181738680966
3ff2d9364a079d3ec8b3c687a48f8a9f95ade105b35a0d6594d61cb33341465f,plasticity_frozen,2,67,3,11.000583292235214
3ff2d9364a079d3ec8b3c687a48f8a9f95ade105b35a0d6594d61cb33341465f,plasticity_frozen,2,67,4,10.431859433830258
3ff2d9364a079d3ec8b3c687a48f8a9f95ade105b35a0d6594d61cb33341465f,plasticity_frozen,2,67,5,10.015582467339122
3ff2d9364a079d3ec8b3c687a48f8a9f95ade105b35a0d6594d61cb33341465f,plasticity_frozen,2,67,6,9.709900208488198
3ff2d9364a079d3ec8b3c687a48f8a9f95ade105b35a0d6594d61cb33341465f,plasticity_frozen,2,67,7,9.48528553137544
3ff2d9364a079d3ec8b3c687a48f8a9f95ade105b35a0d6594d61cb33341465f,plasticity_frozen,2,67,8,9.320218001070229
3ff2d9364a079d3ec8b3c687a48f8a9f95ade105b35a0d6594d61cb33341465f,plasticity_frozen,2,67,9,9.198908108429361
3ff2d9364a079d3ec8b3c687a48f8a9f95ade105b35a0d6594d61cb33341465f,plasticity_frozen,2,67,10,9.10975572153405
3ff2d9364a079d3ec8b3c687a48f8a9f95ade105b35a0d6594d61cb33341465f,plasticity_frozen,2,67,11,9.04423628302293
3ff2d9364a079d3ec8b3c687a48f8a9f95ade105b35a0d6594d61cb33341465f,plasticity_frozen,2,67,12,8.996085046405
3ff2d9364a079d3ec8b3c687a48f8a9f95ade105b35a0d6594d61cb33341465f,plasticity_frozen,2,67,13,8.960697965379316
3ff2d9364a079d3ec8b3c687a48f8a9f95ade105b35a0d6594d61cb33341465f,plasticity_frozen,2,67,14,8.934691457524368
3ff2d9364a079d3ec8b3c687a48f8a9f95ade105b35a0d6594d61cb33341465f,plasticity_frozen,2,67,15,8.9155788765412
3ff2d9364a079d3ec8b3c687a48f8a9f95ade105b35a0d6594d61cb33341465f,plasticity_frozen,2,79,1,12.839735352819387
3ff2d9364a079d3ec8b3c687a48f8a9f95ade105b35a0d6594d61cb33341465f,plasticity_frozen,2,79,2,11.695740090064824
3ff2d9364a079d3ec8b3c687a48f8a9f95ade105b35a0d6594d61cb33341465f,plasticity_frozen,2,79,3,10.931628558048383
3ff2d9364a079d3ec8b3c687a48f8a9f95ade105b35a0d6594d61cb33341465f,plasticity_frozen,2,79,4,10.381249461769842
3ff2d9364a079d3ec8b3c687a48f8a9f95ade105b35a0d6594d61cb33341465f,plasticity_frozen,2,79,5,9.978398039516046
3ff2d9364a079d3ec8b3c687a48f8a9f95ade105b35a0d6594d61cb33341465f,plasticity_frozen,2,79,6,9.682574205614584
3ff2d9364a079d3ec8b3c687a48f8a9f95ade105b35a0d6594d61cb33341465f,plasticity_frozen,2,79,7,9.465203437907222
3ff2d9364a079d3ec8b3c687a48f8a9f95ade105b35a0d6594d61cb33341465f,plasticity_frozen,2,79,8,9.305459392812363
3ff2d9364a079d3ec8b3c687a48f8a9f95ade105b35a0d6594d61cb33341465f,plasticity_frozen,2,79,9,9.18806178550249
3ff2d9364a079d3ec8b3c687a48f8a9f95ade105b35a0d6594d61cb33341465f,plasticity_frozen,2,79,10,9.101784593306222
3ff2d9364a079d3ec8b3c687a48f8a9f95ade105b35a0d6594d61cb33341465f,plasticity_frozen,2,79,11,9.038378178879134
3ff2d9364a079d3ec8b3c687a48f8a9f95ade105b35a0d6594d61cb33341465f,plasticity_frozen,2,79,12,8.991779835948755
3ff2d9364a079d3ec8b3c687a48f8a9f95ade105b35a0d6594d61cb33341465f,plasticity_frozen,2,79,13,8.957534000269733
3ff2d9364a079d3ec8b3c687a48f8a9f95ade105b35a0d6594d61cb33341465f,plasticity_frozen,2,79,14,8.93236621109997
3ff2d9364a079d3ec8b3c687a48f8a9f95ade105b35a0d6594d61cb33341465f,plasticity_frozen,2,79,15,8.91387001732581
3ff2d9364a079d3ec8b3c687a48f8a9f95ade105b35a0d6594d61cb33341465f,plasticity_frozen,2,97,1,12.977581177025895
3ff2d9364a079d3ec8b3c687a48f8a9f95ade105b35a0d6594d61cb33341465f,plasticity_frozen,2,97,2,11.793947390651342
3ff2d9364a079d3ec8b3c687a48f8a9f95ade105b35a0d6594d61cb33341465f,plasticity_frozen,2,97,3,11.003350727550524
3ff2d9364a079d3ec8b3c687a48f8a9f95ade105b35a0d6594d61cb33341465f,plasticity_frozen,2,97,4,10.433893264435087
3ff2d9364a079d3ec8b3c687a48f8a9f95ade105b35a0d6594d61cb33341465f,plasticity_frozen,2,97,5,10.01707716060485
3ff2d9364a079d3ec8b3c687a48f8a9f95ade105b35a0d6594d61cb33341465f,plasticity_frozen,2,97,6,9.710998681464911
3ff2d9364a079d3ec8b3c687a48f8a9f95ade105b35a0d6594d61cb33341465f,plasticity_frozen,2,97,7,9.486092815992443
3ff2d9364a079d3ec8b3c687a48f8a9f95ade105b35a0d6594d61cb33341465f,plasticity_frozen,2,97,8,9.320811286901252
3ff2d9364a079d3ec8b3c687a48f8a9f95ade105b35a0d6594d61cb33341465f,plasticity_frozen,2,97,9,9.199344123274539
3ff2d9364a079d3ec8b3c687a48f8a9f95ade105b35a0d6594d61cb33341465f,plasticity_frozen,2,97,10,9.110076155522657
3ff2d9364a079d3ec8b3c687a48f8a9f95ade105b35a0d6594d61cb33341465f,plasticity_frozen,2,97,11,9.044471774869558
3ff2d9364a079d3ec8b3c687a48f8a9f95ade105b35a0d6594d61cb33341465f,plasticity_frozen,2,97,12,8.996258112970358
3ff2d9364a079d3ec8b3c687a48f8a9f95ade105b35a0d6594d61cb33341465f,plasticity_frozen,2,97,13,8.960825154649228
3ff2d9364a079d3ec8b3c687a48f8a9f95ade105b35a0d6594d61cb33341465f,plasticity_frozen,2,97,14,8.934784930867112
3ff2d9364a079d3ec8b3c687a48f8a9f95ade105b35a0d6594d61cb33341465f,plasticity_frozen,2,97,15,8.915647571532604
3ff2d9364a079d3ec8b3c687a48f8a9f95ade105b35a0d6594d61cb33341465f,plasticity_frozen,3,11,1,12.948110329921688
3ff2d9364a079d3ec8b3c687a48f8a9f95ade105b35a0d6594d61cb33341465f,plasticity_frozen,3,11,2,11.764947496303503
3ff2d9364a079d3ec8b3c687a48f8a9f95ade105b35a0d6594d61cb33341465f,plasticity_frozen,3,11,3,10.974688518352236
3ff2d9364a079d3ec8b3c687a48f8a9f95ade105b35a0d6594d61cb33341465f,plasticity_frozen,3,11,4,10.405477996779853
3ff2d9364a079d3ec8b3c687a48f8a9f95ade105b35a0d6594d61cb33341465f,plasticity_frozen,3,11,5,9.988843210364395
3ff2d9364a079d3ec8b3c687a48f8a9f95ade105b35a0d6594d61cb33341465f,plasticity_frozen,3,11,6,9.682897976261716
3ff2d9364a079d3ec8b3c687a48f8a9f95ade105b35a0d6594d61cb33341465f,plasticity_frozen,3,11,7,9.45809003079508
3ff2d9364a079d3ec8b3c687a48f8a9f95ade105b35a0d6594d61cb33341465f,plasticity_frozen,3,11,8,9.292880464059884
3ff2d9364a079d3ec8b3c687a48f8a9f95ade105b35a0d6594d61cb33341465f,plasticity_frozen,3,11,9,9.171466112433968
3ff2d9364a079d3ec8b3c687a48f8a9f95ade105b35a0d6594d61cb33341465f,plasticity_frozen,3,11,10,9.082236558584617
3ff2d9364a079d3ec8b3c687a48f8a9f95ade105b35a0d6594d61cb33341465f,plasticity_frozen,3,11,11,9.016660408895282
3ff2d9364a079d3ec8b3c687a48f8a9f95ade105b35a0d6594d61cb33341465f,plasticity_frozen,3,11,12,8.968467494363544
3ff2d9364a079d3ec8b3c687a48f8a9f95ade105b35a0d6594d61cb33341465f,plasticity_frozen,3,11,13,8.933049783600541
3ff2d9364a079d3ec8b3c687a48f8a9f95ade105b35a0d6594d61cb33341465f,plasticity_frozen,3,11,14,8.907020765482455
3ff2d9364a079d3ec8b3c687a48f8a9f95ade105b35a0d6594d61cb33341465f,plasticity_frozen,3,11,15,8.88789164136209
3ff2d9364a079d3ec8b3c687a48f8a9f95ade105b35a0d6594d61cb33341465f,plasticity_frozen,3,23,1,12.810214933158171
3ff2d9364a079d3ec8b3c687a48f8a9f95ade105b35a0d6594d61cb33341465f,plasticity_frozen,3,23,2,11.666703730281892
3ff2d9364a079d3ec8b3c687a48f8a9f95ade105b35a0d6594d61cb33341465f,plasticity_frozen,3,23,3,10.902939530993196
3ff2d9364a079d3ec8b3c687a48f8a9f95ade105b35a0d6594d61cb33341465f,plasticity_frozen,3,23,4,10.352814468592028
3ff2d9364a079d3ec8b3c687a48f8a9f95ade105b35a0d6594d61cb33341465f,plasticity_frozen,3,23,5,9.950149576336369
3ff2d9364a079d3ec8b3c687a48f8a9f95ade105b35a0d6594d61cb33341465f,plasticity_frozen,3,23,6,9.654462818325914
3ff2d9364a079d3ec8b3c687a48f8a9f95ade105b35a0d6594d61cb33341465f,plasticity_frozen,3,23,7,9.43719278598426
3ff2d9364a079d3ec8b3c687a48f8a9f95ade105b35a0d6594d61cb33341465f,plasticity_frozen,3,23,8,9.277522772297482
3ff2d9364a079d3ec8b3c687a48f8a9f95ade105b35a0d6594d61cb33341465f,plasticity_frozen,3,23,9,9.160179499237756
3ff2d9364a079d3ec8b3c687a48f8a9f95ade105b35a0d6594d61cb33341465f,plasticity_frozen,3,23,10,9.07394185429348
3ff2d9364a079d3ec8b3c687a48f8a9f95ade105b35a0d6594d61cb33341465f,plasticity_frozen,3,23,11,9.010564503746028
3ff2d9364a079d3ec8b3c687a48f8a9f95ade105b35a0d6594d61cb33341465f,plasticity_frozen,3,23,12,8.963987520305745
3ff2d9364a079d3ec8b3c687a48f8a9f95ade105b35a0d6594d61cb33341465f,plasticity_frozen,3,23,13,8.92975738204316
3ff2d9364a079d3ec8b3c687a48f8a9f95ade105b35a0d6594d61cb33341465f,plasticity_frozen,3,23,14,8.90460112914518
3ff2d9364a079d3ec8b3c687a48f8a9f95ade105b35a0d6594d61cb33341465f,plasticity_frozen,3,23,15,8.88611341355386
3ff2d9364a079d3ec8b3c687a48f8a9f95ade105b35a0d6594d61cb33341465f,plasticity_frozen,3,37,1,12.948122703596606
3ff2d9364a079d3ec8b3c687a48f8a9f95ade105b35a0d6594d61cb33341465f,plasticity_frozen,3,37,2,11.764956589906726
3ff2d9364a079d3ec8b3c687a48f8a9f95ade105b35a0d6594d61cb33341465f,plasticity_frozen,3,37,3,10.97469520138053
3ff2d9364a079d3ec8b3c687a48f8a9f95ade105b35a0d6594d61cb33341465f,plasticity_frozen,3,37,4,10.405482908239717
3ff2d9364a079d3ec8b3c687a48f8a9f95ade105b35a0d6594d61cb33341465f,plasticity_frozen,3,37,5,9.988846819871489
3ff2d9364a079d3ec8b3c687a48f8a9f95ade105b35a0d6594d61cb33341465f,plasticity_frozen,3,37,6,9.68290062894377
3ff2d9364a079d3ec8b3c687a48f8a9f95ade105b35a0d6594d61cb33341465f,plasticity_frozen,3,37,7,9.45809198029176
3ff2d9364a079d3ec8b3c687a48f8a9f95ade105b35a0d6594d61cb33341465f,plasticity_frozen,3,37,8,9.292881896774848
3ff2d9364a079d3ec8b3c687a48f8a9f95ade105b35a0d6594d61cb33341465f,plasticity_frozen,3,37,9,9.171467165363664
3ff2d9364a079d3ec8b3c687a48f8a9f95ade105b35a0d6594d61cb33341465f,plasticity_frozen,3,37,10,9.082237332398785
3ff2d9364a079d3ec8b3c687a48f8a9f95ade105b35a0d6594d61cb33341465f,plasticity_frozen,3,37,11,9.016660977583165
3ff2d9364a079d3ec8b3c687a48f8a9f95ade105b35a0d6594d61cb33341465f,plasticity_frozen,3,37,12,8.968467912300987
3ff2d9364a079d3ec8b3c687a48f8a9f95ade105b35a0d6594d61cb33341465f,plasticity_frozen,3,37,13,8.933050090749163
3ff2d9364a079d3ec8b3c687a48f8a9f95ade105b35a0d6594d61cb33341465f,plasticity_frozen,3,37,14,8.90702099121068
3ff2d9364a079d3ec8b3c687a48f8a9f95ade105b35a0d6594d61cb33341465f,plasticity_frozen,3,37,15,8.88789180725323
3ff2d9364a079d3ec8b3c687a48f8a9f95ade105b35a0d6594d61cb33341465f,plasticity_frozen,3,41,1,12.53197516175958
3ff2d9364a079d3ec8b3c687a48f8a9f95ade105b35a0d6594d61cb33341465f,plasticity_frozen,3,41,2,11.468416406887156
3ff2d9364a079d3ec8b3c687a48f8a9f95ade105b35a0d6594d61cb33341465f,plasticity_frozen,3,41,3,10.75811886204165
3ff2d9364a079d3ec8b3c687a48f8a9f95ade105b35a0d6594d61cb33341465f,plasticity_frozen,3,41,4,10.246515343963187
3ff2d9364a079d3ec8b3c687a48f8a9f95ade105b35a0d6594d61cb33341465f,plasticity_frozen,3,41,5,9.872047920430857
3ff2d9364a079d3ec8b3c687a48f8a9f95ade105b35a0d6594d61cb33341465f,plasticity_frozen,3,41,6,9.597067487880752
3ff2d9364a079d3ec8b3c687a48f8a9f95ade105b35a0d6594d61cb33341465f,plasticity_frozen,3,41,7,9.39501245511035
3ff2d9364a079d3ec8b3c687a48f8a9f95ade105b35a0d6594d61cb33341465f,plasticity_frozen,3,41,8,9.246523828126051
3ff2d9364a079d3ec8b3c687a48f8a9f95ade105b35a0d6594d61cb33341465f,plasticity_frozen,3,41,9,9.137397879838757
3ff2d9364a079d3ec8b3c687a48f8a9f95ade105b35a0d6594d61cb33341465f,plasticity_frozen,3,41,10,9.057199294498474
3ff2d9364a079d3ec8b3c687a48f8a9f95ade105b35a0d6594d61cb33341465f,plasticity_frozen,3,41,11,8.998260140275312
3ff2d9364a079d3ec8b3c687a48f8a9f95ade105b35a0d6594d61cb33341465f,plasticity_frozen,3,41,12,8.954944855139802
3ff2d9364a079d3ec8b3c687a48f8a9f95ade105b35a0d6594d61cb33341465f,plasticity_frozen,3,41,13,8.923111788901027
3ff2d9364a079d3ec8b3c687a48f8a9f95ade105b35a0d6594d61cb33341465f,plasticity_frozen,3,41,14,8.899717180948342
3ff2d9364a079d3ec8b3c687a48f8a9f95ade105b35a0d6594d61cb33341465f,plasticity_frozen,3,41,15,8.882524125211727
3ff2d9364a079d3ec8b3c687a48f8a9f95ade105b35a0d6594d61cb33341465f,plasticity_frozen,3,53,1,12.94298555746051
3ff2d9364a079d3ec8b3c687a48f8a9f95ade105b35a0d6594d61cb33341465f,plasticity_frozen,3,53,2,11.76118122252979
3ff2d9364a079d3ec8b3c687a48f8a9f95ade105b35a0d6594d61cb33341465f,plasticity_frozen,3,53,3,10.97192062606412
3ff2d9364a079d3ec8b3c687a48f8a9f95ade105b35a0d6594d61cb33341465f,plasticity_frozen,3,53,4,10.403443830338716
3ff2d9364a079d3ec8b3c687a48f8a9f95ade105b35a0d6594d61cb33341465f,plasticity_frozen,3,53,5,9.987348270287425
3ff2d9364a079d3ec8b3c687a48f8a9f95ade105b35a0d6594d61cb33341465f,plasticity_frozen,3,53,6,9.681799321899643
3ff2d9364a079d3ec8b3c687a48f8a9f95ade105b35a0d6594d61cb33341465f,plasticity_frozen,3,53,7,9.457282612875199
3ff2d9364a079d3ec8b3c687a48f8a9f95ade105b35a0d6594d61cb33341465f,plasticity_frozen,3,53,8,9.292287080262522
3ff2d9364a079d3ec8b3c687a48f8a9f95ade105b35a0d6594d61cb33341465f,plasticity_frozen,3,53,9,9.171030023303446
3ff2d9364a079d3ec8b3c687a48f8a9f95ade105b35a0d6594d61cb33341465f,plasticity_frozen,3,53,10,9.081916070002581
3ff2d9364a079d3ec8b3c687a48f8a9f95ade105b35a0d6594d61cb33341465f,plasticity_frozen,3,53,11,9.016424876927093
3ff2d9364a079d3ec8b3c687a48f8a9f95ade105b35a0d6594d61cb33341465f,plasticity_frozen,3,53,12,8.968294398312247
3ff2d9364a079d3ec8b3c687a48f8a9f95ade105b35a0d6594d61cb33341465f,plasticity_frozen,3,53,13,8.932922572660958
3ff2d9364a079d3ec8b3c687a48f8a9f95ade105b35a0d6594d61cb33341465f,plasticity_frozen,3,53,14,8.90692727621433
3ff2d9364a079d3ec8b3c687a48f8a9f95ade105b35a0d6594d61cb33341465f,plasticity_frozen,3,53,15,8.887822934666874
3ff2d9364a079d3ec8b3c687a48f8a9f95ade105b35a0d6594d61cb33341465f,plasticity_frozen,3,67,1,12.944267156276009
3ff2d9364a079d3ec8b3c687a48f8a9f95ade105b35a0d6594d61cb33341465f,plasticity_frozen,3,67,2,11.762123089128515
3ff2d9364a079d3ec8b3c687a48f8a9f95ade105b35a0d6594d61cb33341465f,plasticity_frozen,3,67,3,10.97261281825504
3ff2d9364a079d3ec8b3c687a48f8a9f95ade105b35a0d6594d61cb33341465f,plasticity_frozen,3,67,4,10.403952532982826
3ff2d9364a079d3ec8b3c687a48f8a9f95ade105b35a0d6594d61cb33341465f,plasticity_frozen,3,67,5,9.9877221236529
3ff2d9364a079d3ec8b3c687a48f8a9f95ade105b35a0d6594d61cb33341465f,plasticity_frozen,3,67,6,9.682074072464625
3ff2d9364a079d3ec8b3c687a48f8a9f95ade105b35a0d6594d61cb33341465f,plasticity_frozen,3,67,7,9.45748453127403
3ff2d9364a079d3ec8b3c687a48f8a9f95ade105b35a0d6594d61cb33341465f,plasticity_frozen,3,67,8,9.29243547318681
3ff2d9364a079d3ec8b3c687a48f8a9f95ade105b35a0d6594d61cb33341465f,plasticity_frozen,3,67,9,9.171139080108864
3ff2d9364a079d3ec8b3c687a48f8a9f95ade105b35a0d6594d61cb33341465f,plasticity_frozen,3,67,10,9.081996217519412
3ff2d9364a079d3ec8b3c687a48f8a9f95ade105b35a0d6594d61cb33341465f,plasticity_frozen,3,67,11,9.016483778564917
3ff2d9364a079d3ec8b3c687a48f8a9f95ade105b35a0d6594d61cb33341465f,plasticity_frozen,3,67,12,8.968337686028134
3ff2d9364a079d3ec8b3c687a48f8a9f95ade105b35a0d6594d61cb33341465f,plasticity_frozen,3,67,13,8.932954385466449
3ff2d9364a079d3ec8b3c687a48f8a9f95ade105b35a0d6594d61cb33341465f,plasticity_frozen,3,67,14,8.9069506559324
3ff2d9364a079d3ec8b3c687a48f8a9f95ade105b35a0d6594d61cb33341465f,plasticity_frozen,3,67,15,8.887840116779826
3ff2d9364a079d3ec8b3c687a48f8a9f95ade105b35a0d6594d61cb33341465f,plasticity_frozen,3,79,1,12.811545902406836
3ff2d9364a079d3ec8b3c687a48f8a9f95ade105b35a0d6594d61cb33341465f,plasticity_frozen,3,79,2,11.667681879968129
3ff2d9364a079d3ec8b3c687a48f8a9f95ade105b35a0d6594d61cb33341465f,plasticity_frozen,3,79,3,10.903658388180913
3ff2d9364a079d3ec8b3c687a48f8a9f95ade105b35a0d6594d61cb33341465f,plasticity_frozen,3,79,4,10.353342767750743
3ff2d9364a079d3ec8b3c687a48f8a9f95ade105b35a0d6594d61cb33341465f,plasticity_frozen,3,79,5,9.950537831480597
3ff2d9364a079d3ec8b3c687a48f8a9f95ade105b35a0d6594d61cb33341465f,plasticity_frozen,3,79,6,9.654748152978696
3ff2d9364a079d3ec8b3c687a48f8a9f95ade105b35a0d6594d61cb33341465f,plasticity_frozen,3,79,7,9.437402482791356
3ff2d9364a079d3ec8b3c687a48f8a9f95ade105b35a0d6594d61cb33341465f,plasticity_frozen,3,79,8,9.27767688169315
3ff2d9364a079d3ec8b3c687a48f8a9f95ade105b35a0d6594d61cb33341465f,plasticity_frozen,3,79,9,9.160292757181972
3ff2d9364a079d3ec8b3c687a48f8a9f95ade105b35a0d6594d61cb33341465f,plasticity_frozen,3,79,10,9.074025089291563
3ff2d9364a079d3ec8b3c687a48f8a9f95ade105b35a0d6594d61cb33341465f,plasticity_frozen,3,79,11,9.010625674421108
3ff2d9364a079d3ec8b3c687a48f8a9f95ade105b35a0d6594d61cb33341465f,plasticity_frozen,3,79,12,8.96403247557188
3ff2d9364a079d3ec8b3c687a48f8a9f95ade105b35a0d6594d61cb33341465f,plasticity_frozen,3,79,13,8.929790420356863
3ff2d9364a079d3ec8b3c687a48f8a9f95ade105b35a0d6594d61cb33341465f,plasticity_frozen,3,79,14,8.904625409507998
3ff2d9364a079d3ec8b3c687a48f8a9f95ade105b35a0d6594d61cb33341465f,plasticity_frozen,3,79,15,8.886131257564426
3ff2d9364a079d3ec8b3c687a48f8a9f95ade105b35a0d6594d61cb33341465f,plasticity_frozen,3,97,1,12.94939105576097
3ff2d9364a079d3ec8b3c687a48f8a9f95ade105b35a0d6594d61cb33341465f,plasticity_frozen,3,97,2,11.765888721338623
3ff2d9364a079d3ec8b3c687a48f8a9f95ade105b35a0d6594d61cb33341465f,plasticity_frozen,3,97,3,10.975380239048237
3ff2d9364a079d3ec8b3c687a48f8a9f95ade105b35a0d6594d61cb33341465f,plasticity_frozen,3,97,4,10.405986352915123
3ff2d9364a079d3ec8b3c687a48f8a9f95ade105b35a0d6594d61cb33341465f,plasticity_frozen,3,97,5,9.989216809075218
3ff2d9364a079d3ec8b3c687a48f8a9f95ade105b35a0d6594d61cb33341465f,plasticity_frozen,3,97,6,9.683172539677091
3ff2d9364a079d3ec8b3c687a48f8a9f95ade105b35a0d6594d61cb33341465f,plasticity_frozen,3,97,7,9.458291811654798
3ff2d9364a079d3ec8b3c687a48f8a9f95ade105b35a0d6594d61cb33341465f,plasticity_frozen,3,97,8,9.29302875590457
3ff2d9364a079d3ec8b3c687a48f8a9f95ade105b35a0d6594d61cb33341465f,plasticity_frozen,3,97,9,9.171575094954045
3ff2d9364a079d3ec8b3c687a48f8a9f95ade105b35a0d6594d61cb33341465f,plasticity_frozen,3,97,10,9.082316651508016
3ff2d9364a079d3ec8b3c687a48f8a9f95ade105b35a0d6594d61cb33341465f,plasticity_frozen,3,97,11,9.016719270411555
3ff2d9364a079d3ec8b3c687a48f8a9f95ade105b35a0d6594d61cb33341465f,plasticity_frozen,3,97,12,8.968510752593504
3ff2d9364a079d3ec8b3c687a48f8a9f95ade105b35a0d6594d61cb33341465f,plasticity_frozen,3,97,13,8.933081574736367
3ff2d9364a079d3ec8b3c687a48f8a9f95ade105b35a0d6594d61cb33341465f,plasticity_frozen,3,97,14,8.907044129275144
3ff2d9364a079d3ec8b3c687a48f8a9f95ade105b35a0d6594d61cb33341465f,plasticity_frozen,3,97,15,8.887908811771231
3ff2d9364a079d3ec8b3c687a48f8a9f95ade105b35a0d6594d61cb33341465f,uniform_inhibition,1,11,1,13.952132456463955
3ff2d9364a079d3ec8b3c687a48f8a9f95ade105b35a0d6594d61cb33341465f,uniform_inhibition,1,11,2,12.771547404624627
3ff2d9364a079d3ec8b3c687a48f8a9f95ade105b35a0d6594d61cb33341465f,uniform_inhibition,1,11,3,11.981790977077367
3ff2d9364a079d3ec8b3c687a48f8a9f95ade105b35a0d6594d61cb33341465f,uniform_inhibition,1,11,4,11.412404057314419
3ff2d9364a079d3ec8b3c687a48f8a9f95ade105b35a0d6594d61cb33341465f,uniform_inhibition,1,11,5,10.99626441124288
3ff2d9364a079d3ec8b3c687a48f8a9f95ade105b35a0d6594d61cb33341465f,uniform_inhibition,1,11,6,10.692029821985335
3ff2d9364a079d3ec8b3c687a48f8a9f95ade105b35a0d6594d61cb33341465f,uniform_inhibition,1,11,7,10.470194669116179
3ff2d9364a079d3ec8b3c687a48f8a9f95ade105b35a0d6594d61cb33341465f,uniform_inhibition,1,11,8,10.309046162090961
3ff2d9364a079d3ec8b3c687a48f8a9f95ade105b35a0d6594d61cb33341465f,uniform_inhibition,1,11,9,10.192537790352452
3ff2d9364a079d3ec8b3c687a48f8a9f95ade105b35a0d6594d61cb33341465f,uniform_inhibition,1,11,10,10.108816964252881
3ff2d9364a079d3ec8b3c687a48f8a9f95ade105b35a0d6594d61cb33341465f,uniform_inhibition,1,11,11,10.049139337286062
3ff2d9364a079d3ec8b3c687a48f8a9f95ade105b35a0d6594d61cb33341465f,uniform_inhibition,1,11,12,10.007060416077184
3ff2d9364a079d3ec8b3c687a48f8a9f95ade105b35a0d6594d61cb33341465f,uniform_inhibition,1,11,13,9.977835234966307
3ff2d9364a079d3ec8b3c687a48f8a9f95ade105b35a0d6594d61cb33341465f,uniform_inhibition,1,11,14,9.957972999697462
3ff2d9364a079d3ec8b3c687a48f8a9f95ade105b35a0d6594d61cb33341465f,uniform_inhibition,1,11,15,9.944908122108624
3ff2d9364a079d3ec8b3c687a48f8a9f95ade105b35a0d6594d61cb33341465f,uniform_inhibition,1,23,1,13.835603262544582
3ff2d9364a079d3ec8b3c687a48f8a9f95ade105b35a0d6594d61cb33341465f,uniform_inhibition,1,23,2,12.691897792450868
3ff2d9364a079d3ec8b3c687a48f8a9f95ade105b35a0d6594d61cb33341465f,uniform_inhibition,1,23,3,11.926774415582768
3ff2d9364a079d3ec8b3c687a48f8a9f95ade105b35a0d6594d61cb33341465f,uniform_inhibition,1,23,4,11.375107536941854
3ff2d9364a079d3ec8b3c687a48f8a9f95ade105b35a0d6594d61cb33341465f,uniform_inhibition,1,23,5,10.971862583602919
3ff2d9364a079d3ec8b3c687a48f8a9f95ade105b35a0d6594d61cb33341465f,uniform_inhibition,1,23,6,10.676987498292936
3ff2d9364a079d3ec8b3c687a48f8a9f95ade105b35a0d6594d61cb33341465f,uniform_inhibition,1,23,7,10.461902934995218
3ff2d9364a079d3ec8b3c687a48f8a9f95ade105b35a0d6594d61cb33341465f,uniform_inhibition,1,23,8,10.305581499044765
3ff2d9364a079d3ec8b3c687a48f8a9f95ade105b35a0d6594d61cb33341465f,uniform_inhibition,1,23,9,10.192485284621409
3ff2d9364a079d3ec8b3c687a48f8a9f95ade105b35a0d6594d61cb33341465f,uniform_inhibition,1,23,10,10.111138954021838
3ff2d9364a079d3ec8b3c687a48f8a9f95ade105b35a0d6594d61cb33341465f,uniform_inhibition,1,23,11,10.053076955454262
3ff2d9364a079d3ec8b3c687a48f8a9f95ade105b35a0d6594d61cb33341465f,uniform_inhibition,1,23,12,10.01206098952077
3ff2d9364a079d3ec8b3c687a48f8a9f95ade105b35a0d6594d61cb33341465f,uniform_inhibition,1,23,13,9.983497979921733
3ff2d9364a079d3ec8b3c687a48f8a9f95ade105b35a0d6594d61cb33341465f,uniform_inhibition,1,23,14,9.9640091315217
3ff2d9364a079d3ec8b3c687a48f8a9f95ade105b35a0d6594d61cb33341465f,uniform_inhibition,1,23,15,9.95111093753127
3ff2d9364a079d3ec8b3c687a48f8a9f95ade105b35a0d6594d61cb33341465f,uniform_inhibition,1,37,1,13.951100444243048
3ff2d9364a079d3ec8b3c687a48f8a9f95ade105b35a0d6594d61cb33341465f,uniform_inhibition,1,37,2,12.770672115126935
3ff2d9364a079d3ec8b3c687a48f8a9f95ade105b35a0d6594d61cb33341465f,uniform_inhibition,1,37,3,11.981025379885097
3ff2d9364a079d3ec8b3c687a48f8a9f95ade105b35a0d6594d61cb33341465f,uniform_inhibition,1,37,4,11.411721692793895
3ff2d9364a079d3ec8b3c687a48f8a9f95ade105b35a0d6594d61cb33341465f,uniform_inhibition,1,37,5,10.995647569798406
3ff2d9364a079d3ec8b3c687a48f8a9f95ade105b35a0d6594d61cb33341465f,uniform_inhibition,1,37,6,10.691466240224843
3ff2d9364a079d3ec8b3c687a48f8a9f95ade105b35a0d6594d61cb33341465f,uniform_inhibition,1,37,7,10.469675548875525
3ff2d9364a079d3ec8b3c687a48f8a9f95ade105b35a0d6594d61cb33341465f,uniform_inhibition,1,37,8,10.30856507537199
3ff2d9364a079d3ec8b3c687a48f8a9f95ade105b35a0d6594d61cb33341465f,uniform_inhibition,1,37,9,10.192089824951173
3ff2d9364a079d3ec8b3c687a48f8a9f95ade105b35a0d6594d61cb33341465f,uniform_inhibition,1,37,10,10.108398499476491
3ff2d9364a079d3ec8b3c687a48f8a9f95ade105b35a0d6594d61cb33341465f,uniform_inhibition,1,37,11,10.048747433257471
3ff2d9364a079d3ec8b3c687a48f8a9f95ade105b35a0d6594d61cb33341465f,uniform_inhibition,1,37,12,10.006692741926003
3ff2d9364a079d3ec8b3c687a48f8a9f95ade105b35a0d6594d61cb33341465f,uniform_inhibition,1,37,13,9.977489885722266
3ff2d9364a079d3ec8b3c687a48f8a9f95ade105b35a0d6594d61cb33341465f,uniform_inhibition,1,37,14,9.957648396538058
3ff2d9364a079d3ec8b3c687a48f8a9f95ade105b35a0d6594d61cb33341465f,uniform_inhibition,1,37,15,9.944602762878166
3ff2d9364a079d3ec8b3c687a48f8a9f95ade105b35a0d6594d61cb33341465f,uniform_inhibition,1,41,1,13.573212918959207
3ff2d9364a079d3ec8b3c687a48f8a9f95ade105b35a0d6594d61cb33341465f,uniform_inhibition,1,41,2,12.50829715644508
3ff2d9364a079d3ec8b3c687a48f8a9f95ade105b35a0d6594d61cb33341465f,uniform_inhibition,1,41,3,11.795951067066307
3ff2d9364a079d3ec8b3c687a48f8a9f95ade105b35a0d6594d61cb33341465f,uniform_inhibition,1,41,4,11.282345115267512
3ff2d9364a079d3ec8b3c687a48f8a9f95ade105b35a0d6594d61cb33341465f,uniform_inhibition,1,41,5,10.906910180292124
3ff2d9364a079d3ec8b3c687a48f8a9f95ade105b35a0d6594d61cb33341465f,uniform_inhibition,1,41,6,10.632353192148306
3ff2d9364a079d3ec8b3c687a48f8a9f95ade105b35a0d6594d61cb33341465f,uniform_inhibition,1,41,7,10.432067123744298
3ff2d9364a079d3ec8b3c687a48f8a9f95ade105b35a0d6594d61cb33341465f,uniform_inhibition,1,41,8,10.286477715215437
3ff2d9364a079d3ec8b3c687a48f8a9f95ade105b35a0d6594d61cb33341465f,uniform_inhibition,1,41,9,10.18112203435507
3ff2d9364a079d3ec8b3c687a48f8a9f95ade105b35a0d6594d61cb33341465f,uniform_inhibition,1,41,10,10.105319113098837
3ff2d9364a079d3ec8b3c687a48f8a9f95ade105b35a0d6594d61cb33341465f,uniform_inhibition,1,41,11,10.051189837108414
3ff2d9364a079d3ec8b3c687a48f8a9f95ade105b35a0d6594d61cb33341465f,uniform_inhibition,1,41,12,10.012928242127414
3ff2d9364a079d3ec8b3c687a48f8a9f95ade105b35a0d6594d61cb33341465f,uniform_inhibition,1,41,13,9.986259749068548
3ff2d9364a079d3ec8b3c687a48f8a9f95ade105b35a0d6594d61cb33341465f,uniform_inhibition,1,41,14,9.968039794874452
3ff2d9364a079d3ec8b3c687a48f8a9f95ade105b35a0d6594d61cb33341465f,uniform_inhibition,1,41,15,9.955957125831864
3ff2d9364a079d3ec8b3c687a48f8a9f95ade105b35a0d6594d61cb33341465f,uniform_inhibition,1,53,1,13.974469143626814
3ff2d9364a079d3ec8b3c687a48f8a9f95ade105b35a0d6594d61cb33341465f,uniform_inhibition,1,53,2,12.790954361848577
3ff2d9364a079d3ec8b3c687a48f8a9f95ade105b35a0d6594d61cb33341465f,uniform_inhibition,1,53,3,11.999214705204077
3ff2d9364a079d3ec8b3c687a48f8a9f95ade105b35a0d6594d61cb33341465f,uniform_inhibition,1,53,4,11.428314766631855
3ff2d9364a079d3ec8b3c687a48f8a9f95ade105b35a0d6594d61cb33341465f,uniform_inhibition,1,53,5,11.010952075787001
3ff2d9364a079d3ec8b3c687a48f8a9f95ade105b35a0d6594d61cb33341465f,uniform_inhibition,1,53,6,10.705688192405072
3ff2d9364a079d3ec8b3c687a48f8a9f95ade105b35a0d6594d61cb33341465f,uniform_inhibition,1,53,7,10.482958668317258
3ff2d9364a079d3ec8b3c687a48f8a9f95ade105b35a0d6594d61cb33341465f,uniform_inhibition,1,53,8,10.321013550735291
3ff2d9364a079d3ec8b3c687a48f8a9f95ade105b35a0d6594d61cb33341465f,uniform_inhibition,1,53,9,10.203782354539332
3ff2d9364a079d3ec8b3c687a48f8a9f95ade105b35a0d6594d61cb33341465f,uniform_inhibition,1,53,10,10.119396767349983
3ff2d9364a079d3ec8b3c687a48f8a9f95ade105b35a0d6594d61cb33341465f,uniform_inhibition,1,53,11,10.05910187014656
3ff2d9364a079d3ec8b3c687a48f8a9f95ade105b35a0d6594d61cb33341465f,uniform_inhibition,1,53,12,10.0164460868035
3ff2d9364a079d3ec8b3c687a48f8a9f95ade105b35a0d6594d61cb33341465f,uniform_inhibition,1,53,13,9.986679478001706
3ff2d9364a079d3ec8b3c687a48f8a9f95ade105b35a0d6594d61cb33341465f,uniform_inhibition,1,53,14,9.966307717942042
3ff2d9364a079d3ec8b3c687a48f8a9f95ade105b35a0d6594d61cb33341465f,uniform_inhibition,1,53,15,9.952762432502482
3ff2d9364a079d3ec8b3c687a48f8a9f95ade105b35a0d6594d61cb33341465f,uniform_inhibition,1,67,1,13.962149971688362
3ff2d9364a079d3ec8b3c687a48f8a9f95ade105b35a0d6594d61cb33341465f,uniform_inhibition,1,67,2,12.78039734863418
3ff2d9364a079d3ec8b3c687a48f8a9f95ade105b35a0d6594d61cb33341465f,uniform_inhibition,1,67,3,11.989875484521324
3ff2d9364a079d3ec8b3c687a48f8a9f95ade105b35a0d6594d61cb33341465f,uniform_inhibition,1,67,4,11.4199011262441
3ff2d9364a079d3ec8b3c687a48f8a9f95ade105b35a0d6594d61cb33341465f,uniform_inhibition,1,67,5,11.003275311334734
3ff2d9364a079d3ec8b3c687a48f8a9f95ade105b35a0d6594d61cb33341465f,uniform_inhibition,1,67,6,10.69861827613239
3ff2d9364a079d3ec8b3c687a48f8a9f95ade105b35a0d6594d61cb33341465f,uniform_inhibition,1,67,7,10.476403587005915
3ff2d9364a079d3ec8b3c687a48f8a9f95ade105b35a0d6594d61cb33341465f,uniform_inhibition,1,67,8,10.314906117349768
3ff2d9364a079d3ec8b3c687a48f8a9f95ade105b35a0d6594d61cb33341465f,uniform_inhibition,1,67,9,10.198072078095533
3ff2d9364a079d3ec8b3c687a48f8a9f95ade105b35a0d6594d61cb33341465f,uniform_inhibition,1,67,10,10.114044753421085
3ff2d9364a079d3ec8b3c687a48f8a9f95ade105b35a0d6594d61cb33341465f,uniform_inhibition,1,67,11,10.054077009183903
3ff2d9364a079d3ec8b3c687a48f8a9f95ade105b35a0d6594d61cb33341465f,uniform_inhibition,1,67,12,10.011722889273317
3ff2d9364a079d3ec8b3c687a48f8a9f95ade105b35a0d6594d61cb33341465f,uniform_inhibition,1,67,13,9.982236353913354
3ff2d9364a079d3ec8b3c687a48f8a9f95ade105b35a0d6594d61cb33341465f,uniform_inhibition,1,67,14,9.962125943616304
3ff2d9364a079d3ec8b3c687a48f8a9f95ade105b35a0d6594d61cb33341465f,uniform_inhibition,1,67,15,9.948825402093542
3ff2d9364a079d3ec8b3c687a48f8a9f95ade105b35a0d6594d61cb33341465f,uniform_inhibition,1,79,1,13.824802169936058
3ff2d9364a079d3ec8b3c687a48f8a9f95ade105b35a0d6594d61cb33341465f,uniform_inhibition,1,79,2,12.682455061701566
3ff2d9364a079d3ec8b3c687a48f8a9f95ade105b35a0d6594d61cb33341465f,uniform_inhibition,1,79,3,11.918289102038354
3ff2d9364a079d3ec8b3c687a48f8a9f95ade105b35a0d6594d61cb33341465f,uniform_inhibition,1,79,4,11.36736674548656
3ff2d9364a079d3ec8b3c687a48f8a9f95ade105b35a0d6594d61cb33341465f,uniform_inhibition,1,79,5,10.964728454486963
3ff2d9364a079d3ec8b3c687a48f8a9f95ade105b35a0d6594d61cb33341465f,uniform_inhibition,1,79,6,10.67036461232735
3ff2d9364a079d3ec8b3c687a48f8a9f95ade105b35a0d6594d61cb33341465f,uniform_inhibition,1,79,7,10.455723016196037
3ff2d9364a079d3ec8b3c687a48f8a9f95ade105b35a0d6594d61cb33341465f,uniform_inhibition,1,79,8,10.299793933490122
3ff2d9364a079d3ec8b3c687a48f8a9f95ade105b35a0d6594d61cb33341465f,uniform_inhibition,1,79,9,10.187051546557193
3ff2d9364a079d3ec8b3c687a48f8a9f95ade105b35a0d6594d61cb33341465f,uniform_inhibition,1,79,10,10.106028688267685
3ff2d9364a079d3ec8b3c687a48f8a9f95ade105b35a0d6594d61cb33341465f,uniform_inhibition,1,79,11,10.048265487378375
3ff2d9364a079d3ec8b3c687a48f8a9f95ade105b35a0d6594d61cb33341465f,uniform_inhibition,1,79,12,10.007527534682747
3ff2d9364a079d3ec8b3c687a48f8a9f95ade105b35a0d6594d61cb33341465f,uniform_inhibition,1,79,13,9.97922456847632
3ff2d9364a079d3ec8b3c687a48f8a9f95ade105b35a0d6594d61cb33341465f,uniform_inhibition,1,79,14,9.959979831111065
3ff2d9364a079d3ec8b3c687a48f8a9f95ade105b35a0d6594d61cb33341465f,uniform_inhibition,1,79,15,9.947311404510735
3ff2d9364a079d3ec8b3c687a48f8a9f95ade105b35a0d6594d61cb33341465f,uniform_inhibition,1,97,1,13.951569275947868
3ff2d9364a079d3ec8b3c687a48f8a9f95ade105b35a0d6594d61cb33341465f,uniform_inhibition,1,97,2,12.770941521537848
3ff2d9364a079d3ec8b3c687a48f8a9f95ade105b35a0d6594d61cb33341465f,uniform_inhibition,1,97,3,11.981138049961608
3ff2d9364a079d3ec8b3c687a48f8a9f95ade105b35a0d6594d61cb33341465f,uniform_inhibition,1,97,4,11.411718433788979
3ff2d9364a079d3ec8b3c687a48f8a9f95ade105b35a0d6594d61cb33341465f,uniform_inhibition,1,97,5,10.995561222200218
3ff2d9364a079d3ec8b3c687a48f8a9f95ade105b35a0d6594d61cb33341465f,uniform_inhibition,1,97,6,10.691321963222878
3ff2d9364a079d3ec8b3c687a48f8a9f95ade105b35a0d6594d61cb33341465f,uniform_inhibition,1,97,7,10.469492434536429
3ff2d9364a079d3ec8b3c687a48f8a9f95ade105b35a0d6594d61cb33341465f,uniform_inhibition,1,97,8,10.30835726173786
3ff2d9364a079d3ec8b3c687a48f8a9f95ade105b35a0d6594d61cb33341465f,uniform_inhibition,1,97,9,10.191867783527368
3ff2d9364a079d3ec8b3c687a48f8a9f95ade105b35a0d6594d61cb33341465f,uniform_inhibition,1,97,10,10.108169802088042
3ff2d9364a079d3ec8b3c687a48f8a9f95ade105b35a0d6594d61cb33341465f,uniform_inhibition,1,97,11,10.048517511999993
3ff2d9364a079d3ec8b3c687a48f8a9f95ade105b35a0d6594d61cb33341465f,uniform_inhibition,1,97,12,10.006465458999699
3ff2d9364a079d3ec8b3c687a48f8a9f95ade105b35a0d6594d61cb33341465f,uniform_inhibition,1,97,13,9.977267874993823
3ff2d9364a079d3ec8b3c687a48f8a9f95ade105b35a0d6594d61cb33341465f,uniform_inhibition,1,97,14,9.957433461597532
3ff2d9364a079d3ec8b3c687a48f8a9f95ade105b35a0d6594d61cb33341465f,uniform_inhibition,1,97,15,9.94439607806962
3ff2d9364a079d3ec8b3c687a48f8a9f95ade105b35a0d6594d61cb33341465f,uniform_inhibition,2,11,1,13.469734860183186
3ff2d9364a079d3ec8b3c687a48f8a9f95ade105b35a0d6594d61cb33341465f,uniform_inhibition,2,11,2,12.288406917487457
3ff2d9364a079d3ec8b3c687a48f8a9f95ade105b35a0d6594d61cb33341465f,uniform_inhibition,2,11,3,11.498175654843987
3ff2d9364a079d3ec8b3c687a48f8a9f95ade105b35a0d6594d61cb33341465f,uniform_inhibition,2,11,4,10.928483997013785
3ff2d9364a079d3ec8b3c687a48f8a9f95ade105b35a0d6594d61cb33341465f,uniform_inhibition,2,11,5,10.51210593488077
3ff2d9364a079d3ec8b3c687a48f8a9f95ade105b35a0d6594d61cb33341465f,uniform_inhibition,2,11,6,10.207645413688597
3ff2d9364a079d3ec8b3c687a48f8a9f95ade105b35a0d6594d61cb33341465f,uniform_inhibition,2,11,7,9.98557834136999
3ff2d9364a079d3ec8b3c687a48f8a9f95ade105b35a0d6594d61cb33341465f,uniform_inhibition,2,11,8,9.824191029353488
3ff2d9364a079d3ec8b3c687a48f8a9f95ade105b35a0d6594d61cb33341465f,uniform_inhibition,2,11,9,9.707442167325269
3ff2d9364a079d3ec8b3c687a48f8a9f95ade105b35a0d6594d61cb33341465f,uniform_inhibition,2,11,10,9.623486660998418
3ff2d9364a079d3ec8b3c687a48f8a9f95ade105b35a0d6594d61cb33341465f,uniform_inhibition,2,11,11,9.563587249616377
3ff2d9364a079d3ec8b3c687a48f8a9f95ade105b35a0d6594d61cb33341465f,uniform_inhibition,2,11,12,9.521305429661858
3ff2d9364a079d3ec8b3c687a48f8a9f95ade105b35a0d6594d61cb33341465f,uniform_inhibition,2,11,13,9.491900661595853
3ff2d9364a079d3ec8b3c687a48f8a9f95ade105b35a0d6594d61cb33341465f,uniform_inhibition,2,11,14,9.471885306270666
3ff2d9364a079d3ec8b3c687a48f8a9f95ade105b35a0d6594d61cb33341465f,uniform_inhibition,2,11,15,9.458695361680952
3ff2d9364a079d3ec8b3c687a48f8a9f95ade105b35a0d6594d61cb33341465f,uniform_inhibition,2,23,1,13.351949176891798
3ff2d9364a079d3ec8b3c687a48f8a9f95ade105b35a0d6594d61cb33341465f,uniform_inhibition,2,23,2,12.207816352041013
3ff2d9364a079d3ec8b3c687a48f8a9f95ade105b35a0d6594d61cb33341465f,uniform_inhibition,2,23,3,11.442439408562965
3ff2d9364a079d3ec8b3c687a48f8a9f95ade105b35a0d6594d61cb33341465f,uniform_inhibition,2,23,4,10.890633814253063
3ff2d9364a079d3ec8b3c687a48f8a9f95ade105b35a0d6594d61cb33341465f,uniform_inhibition,2,23,5,10.487280886203317
3ff2d9364a079d3ec8b3c687a48f8a9f95ade105b35a0d6594d61cb33341465f,uniform_inhibition,2,23,6,10.192286281820381
3ff2d9364a079d3ec8b3c687a48f8a9f95ade105b35a0d6594d61cb33341465f,uniform_inhibition,2,23,7,9.977059256237899
3ff2d9364a079d3ec8b3c687a48f8a9f95ade105b35a0d6594d61cb33341465f,uniform_inhibition,2,23,8,9.820575927470614
3ff2d9364a079d3ec8b3c687a48f8a9f95ade105b35a0d6594d61cb33341465f,uniform_inhibition,2,23,9,9.707306527728965
3ff2d9364a079d3ec8b3c687a48f8a9f95ade105b35a0d6594d61cb33341465f,uniform_inhibition,2,23,10,9.625784953518584
3ff2d9364a079d3ec8b3c687a48f8a9f95ade105b35a0d6594d61cb33341465f,uniform_inhibition,2,23,11,9.567554215915022
3ff2d9364a079d3ec8b3c687a48f8a9f95ade105b35a0d6594d61cb33341465f,uniform_inhibition,2,23,12,9.526382726690125
3ff2d9364a079d3ec8b3c687a48f8a9f95ade105b35a0d6594d61cb33341465f,uniform_inhibition,2,23,13,9.497682557307808
3ff2d9364a079d3ec8b3c687a48f8a9f95ade105b35a0d6594d61cb33341465f,uniform_inhibition,2,23,14,9.478078448534214
3ff2d9364a079d3ec8b3c687a48f8a9f95ade105b35a0d6594d61cb33341465f,uniform_inhibition,2,23,15,9.46508906837577
3ff2d9364a079d3ec8b3c687a48f8a9f95ade105b35a0d6594d61cb33341465f,uniform_inhibition,2,37,1,13.468811327948957
3ff2d9364a079d3ec8b3c687a48f8a9f95ade105b35a0d6594d61cb33341465f,uniform_inhibition,2,37,2,12.287619228497414
3ff2d9364a079d3ec8b3c687a48f8a9f95ade105b35a0d6594d61cb33341465f,uniform_inhibition,2,37,3,11.497482901836161
3ff2d9364a079d3ec8b3c687a48f8a9f95ade105b35a0d6594d61cb33341465f,uniform_inhibition,2,37,4,10.927863216304091
3ff2d9364a079d3ec8b3c687a48f8a9f95ade105b35a0d6594d61cb33341465f,uniform_inhibition,2,37,5,10.511541882318191
3ff2d9364a079d3ec8b3c687a48f8a9f95ade105b35a0d6594d61cb33341465f,uniform_inhibition,2,37,6,10.20712743082912
3ff2d9364a079d3ec8b3c687a48f8a9f95ade105b35a0d6594d61cb33341465f,uniform_inhibition,2,37,7,9.985098842540973
3ff2d9364a079d3ec8b3c687a48f8a9f95ade105b35a0d6594d61cb33341465f,uniform_inhibition,2,37,8,9.823744445984248
3ff2d9364a079d3ec8b3c687a48f8a9f95ade105b35a0d6594d61cb33341465f,uniform_inhibition,2,37,9,9.707024354384279
3ff2d9364a079d3ec8b3c687a48f8a9f95ade105b35a0d6594d61cb33341465f,uniform_inhibition,2,37,10,9.623094457225141
3ff2d9364a079d3ec8b3c687a48f8a9f95ade105b35a0d6594d61cb33341465f,uniform_inhibition,2,37,11,9.563218188540853
3ff2d9364a079d3ec8b3c687a48f8a9f95ade105b35a0d6594d61cb33341465f,uniform_inhibition,2,37,12,9.520957526988079
3ff2d9364a079d3ec8b3c687a48f8a9f95ade105b35a0d6594d61cb33341465f,uniform_inhibition,2,37,13,9.491572271899257
3ff2d9364a079d3ec8b3c687a48f8a9f95ade105b35a0d6594d61cb33341465f,uniform_inhibition,2,37,14,9.471575050234662
3ff2d9364a079d3ec8b3c687a48f8a9f95ade105b35a0d6594d61cb33341465f,uniform_inhibition,2,37,15,9.458402055383527
3ff2d9364a079d3ec8b3c687a48f8a9f95ade105b35a0d6594d61cb33341465f,uniform_inhibition,2,41,1,13.089072749427775
3ff2d9364a079d3ec8b3c687a48f8a9f95ade105b35a0d6594d61cb33341465f,uniform_inhibition,2,41,2,12.023976002317859
3ff2d9364a079d3ec8b3c687a48f8a9f95ade105b35a0d6594d61cb33341465f,uniform_inhibition,2,41,3,11.31154442187717
3ff2d9364a079d3ec8b3c687a48f8a9f95ade105b35a0d6594d61cb33341465f,uniform_inhibition,2,41,4,10.797921616829843
3ff2d9364a079d3ec8b3c687a48f8a9f95ade105b35a0d6594d61cb33341465f,uniform_inhibition,2,41,5,10.422472421599956
3ff2d9364a079d3ec8b3c687a48f8a9f95ade105b35a0d6594d61cb33341465f,uniform_inhibition,2,41,6,10.147871575699515
3ff2d9364a079d3ec8b3c687a48f8a9f95ade105b35a0d6594d61cb33341465f,uniform_inhibition,2,41,7,9.947506521428222
3ff2d9364a079d3ec8b3c687a48f8a9f95ade105b35a0d6594d61cb33341465f,uniform_inhibition,2,41,8,9.801809886778202
3ff2d9364a079d3ec8b3c687a48f8a9f95ade105b35a0d6594d61cb33341465f,uniform_inhibition,2,41,9,9.696328750580744
3ff2d9364a079d3ec8b3c687a48f8a9f95ade105b35a0d6594d61cb33341465f,uniform_inhibition,2,41,10,9.620392666666813
3ff2d9364a079d3ec8b3c687a48f8a9f95ade105b35a0d6594d61cb33341465f,uniform_inhibition,2,41,11,9.566131793436345
3ff2d9364a079d3ec8b3c687a48f8a9f95ade105b35a0d6594d61cb33341465f,uniform_inhibition,2,41,12,9.52774741991782
3ff2d9364a079d3ec8b3c687a48f8a9f95ade105b35a0d6594d61cb33341465f,uniform_inhibition,2,41,13,9.50097039587452
3ff2d9364a079d3ec8b3c687a48f8a9f95ade105b35a0d6594d61cb33341465f,uniform_inhibition,2,41,14,9.48266004808038
3ff2d9364a079d3ec8b3c687a48f8a9f95ade105b35a0d6594d61cb33341465f,uniform_inhibition,2,41,15,9.470507518543224
3ff2d9364a079d3ec8b3c687a48f8a9f95ade105b35a0d6594d61cb33341465f,uniform_inhibition,2,53,1,13.490956695137498
3ff2d9364a079d3ec8b3c687a48f8a9f95ade105b35a0d6594d61cb33341465f,uniform_inhibition,2,53,2,12.307019618118998
3ff2d9364a079d3ec8b3c687a48f8a9f95ade105b35a0d6594d61cb33341465f,uniform_inhibition,2,53,3,11.51503005908859
3ff2d9364a079d3ec8b3c687a48f8a9f95ade105b35a0d6594d61cb33341465f,uniform_inhibition,2,53,4,10.943994511785881
3ff2d9364a079d3ec8b3c687a48f8a9f95ade105b35a0d6594d61cb33341465f,uniform_inhibition,2,53,5,10.526525673156888
3ff2d9364a079d3ec8b3c687a48f8a9f95ade105b35a0d6594d61cb33341465f,uniform_inhibition,2,53,6,10.22114230635903
3ff2d9364a079d3ec8b3c687a48f8a9f95ade105b35a0d6594d61cb33341465f,uniform_inhibition,2,53,7,9.998268652217549
3ff2d9364a079d3ec8b3c687a48f8a9f95ade105b35a0d6594d61cb33341465f,uniform_inhibition,2,53,8,9.836158706295706
3ff2d9364a079d3ec8b3c687a48f8a9f95ade105b35a0d6594d61cb33341465f,uniform_inhibition,2,53,9,9.718750227061497
3ff2d9364a079d3ec8b3c687a48f8a9f95ade105b35a0d6594d61cb33341465f,uniform_inhibition,2,53,10,9.634184574850568
3ff2d9364a079d3ec8b3c687a48f8a9f95ade105b35a0d6594d61cb33341465f,uniform_inhibition,2,53,11,9.573715515027063
3ff2d9364a079d3ec8b3c687a48f8a9f95ade105b35a0d6594d61cb33341465f,uniform_inhibition,2,53,12,9.530898493368518
3ff2d9364a079d3ec8b3c687a48f8a9f95ade105b35a0d6594d61cb33341465f,uniform_inhibition,2,53,13,9.50098880056718
3ff2d9364a079d3ec8b3c687a48f8a9f95ade105b35a0d6594d61cb33341465f,uniform_inhibition,2,53,14,9.480495827541436
3ff2d9364a079d3ec8b3c687a48f8a9f95ade105b35a0d6594d61cb33341465f,uniform_inhibition,2,53,15,9.46685338274801
3ff2d9364a079d3ec8b3c687a48f8a9f95ade105b35a0d6594d61cb33341465f,uniform_inhibition,2,67,1,13.479190466766495
3ff2d9364a079d3ec8b3c687a48f8a9f95ade105b35a0d6594d61cb33341465f,uniform_inhibition,2,67,2,12.29686073846157
3ff2d9364a079d3ec8b3c687a48f8a9f95ade105b35a0d6594d61cb33341465f,uniform_inhibition,2,67,3,11.505979862050575
3ff2d9364a079d3ec8b3c687a48f8a9f95ade105b35a0d6594d61cb33341465f,uniform_inhibition,2,67,4,10.935787495092027
3ff2d9364a079d3ec8b3c687a48f8a9f95ade105b35a0d6594d61cb33341465f,uniform_inhibition,2,67,5,10.518990776910849
3ff2d9364a079d3ec8b3c687a48f8a9f95ade105b35a0d6594d61cb33341465f,uniform_inhibition,2,67,6,10.214162044364599
3ff2d9364a079d3ec8b3c687a48f8a9f95ade105b35a0d6594d61cb33341465f,uniform_inhibition,2,67,7,9.991759976298793
3ff2d9364a079d3ec8b3c687a48f8a9f95ade105b35a0d6594d61cb33341465f,uniform_inhibition,2,67,8,9.830061131800566
3ff2d9364a079d3ec8b3c687a48f8a9f95ade105b35a0d6594d61cb33341465f,uniform_inhibition,2,67,9,9.713018559912305
3ff2d9364a079d3ec8b3c687a48f8a9f95ade105b35a0d6594d61cb33341465f,uniform_inhibition,2,67,10,9.628784010117702
3ff2d9364a079d3ec8b3c687a48f8a9f95ade105b35a0d6594d61cb33341465f,uniform_inhibition,2,67,11,9.568618424850344
3ff2d9364a079d3ec8b3c687a48f8a9f95ade105b35a0d6594d61cb33341465f,uniform_inhibition,2,67,12,9.526082254093515
3ff2d9364a079d3ec8b3c687a48f8a9f95ade105b35a0d6594d61cb33341465f,uniform_inhibition,2,67,13,9.496434336694533
3ff2d9364a079d3ec8b3c687a48f8a9f95ade105b35a0d6594d61cb33341465f,uniform_inhibition,2,67,14,9.476186628100908
3ff2d9364a079d3ec8b3c687a48f8a9f95ade105b35a0d6594d61cb33341465f,uniform_inhibition,2,67,15,9.462774827217697
3ff2d9364a079d3ec8b3c687a48f8a9f95ade105b35a0d6594d61cb33341465f,uniform_inhibition,2,79,1,13.3421995880223
3ff2d9364a079d3ec8b3c687a48f8a9f95ade105b35a0d6594d61cb33341465f,uniform_inhibition,2,79,2,12.199233978170476
3ff2d9364a079d3ec8b3c687a48f8a9f95ade105b35a0d6594d61cb33341465f,uniform_inhibition,2,79,3,11.434676011337386
3ff2d9364a079d3ec8b3c687a48f8a9f95ade105b35a0d6594d61cb33341465f,uniform_inhibition,2,79,4,10.883507447305863
3ff2d9364a079d3ec8b3c687a48f8a9f95ade105b35a0d6594d61cb33341465f,uniform_inhibition,2,79,5,10.48067468531349
3ff2d9364a079d3ec8b3c687a48f8a9f95ade105b35a0d6594d61cb33341465f,uniform_inhibition,2,79,6,10.186119787103221
3ff2d9364a079d3ec8b3c687a48f8a9f95ade105b35a0d6594d61cb33341465f,uniform_inhibition,2,79,7,9.971275013826299
3ff2d9364a079d3ec8b3c687a48f8a9f95ade105b35a0d6594d61cb33341465f,uniform_inhibition,2,79,8,9.8151316670928
3ff2d9364a079d3ec8b3c687a48f8a9f95ade105b35a0d6594d61cb33341465f,uniform_inhibition,2,79,9,9.702170199444417
3ff2d9364a079d3ec8b3c687a48f8a9f95ade105b35a0d6594d61cb33341465f,uniform_inhibition,2,79,10,9.620931361643061
3ff2d9364a079d3ec8b3c687a48f8a9f95ade105b35a0d6594d61cb33341465f,uniform_inhibition,2,79,11,9.562962877912454
3ff2d9364a079d3ec8b3c687a48f8a9f95ade105b35a0d6594d61cb33341465f,uniform_inhibition,2,79,12,9.5220364701566
3ff2d9364a079d3ec8b3c687a48f8a9f95ade105b35a0d6594d61cb33341465f,uniform_inhibition,2,79,13,9.49356653973256
3ff2d9364a079d3ec8b3c687a48f8a9f95ade105b35a0d6594d61cb33341465f,uniform_inhibition,2,79,14,9.47417951518714
3ff2d9364a079d3ec8b3c687a48f8a9f95ade105b35a0d6594d61cb33341465f,uniform_inhibition,2,79,15,9.46139532490523
3ff2d9364a079d3ec8b3c687a48f8a9f95ade105b35a0d6594d61cb33341465f,uniform_inhibition,2,97,1,13.469391175308651
3ff2d9364a079d3ec8b3c687a48f8a9f95ade105b35a0d6594d61cb33341465f,uniform_inhibition,2,97,2,12.28798189029701
3ff2d9364a079d3ec8b3c687a48f8a9f95ade105b35a0d6594d61cb33341465f,uniform_inhibition,2,97,3,11.497676421354804
3ff2d9364a079d3ec8b3c687a48f8a9f95ade105b35a0d6594d61cb33341465f,uniform_inhibition,2,97,4,10.927931432200548
3ff2d9364a079d3ec8b3c687a48f8a9f95ade105b35a0d6594d61cb33341465f,uniform_inhibition,2,97,5,10.511519536832607
3ff2d9364a079d3ec8b3c687a48f8a9f95ade105b35a0d6594d61cb33341465f,uniform_inhibition,2,97,6,10.20704109070019
3ff2d9364a079d3ec8b3c687a48f8a9f95ade105b35a0d6594d61cb33341465f,uniform_inhibition,2,97,7,9.984968477335519
3ff2d9364a079d3ec8b3c687a48f8a9f95ade105b35a0d6594d61cb33341465f,uniform_inhibition,2,97,8,9.82358498990296
3ff2d9364a079d3ec8b3c687a48f8a9f95ade105b35a0d6594d61cb33341465f,uniform_inhibition,2,97,9,9.706846745512056
3ff2d9364a079d3ec8b3c687a48f8a9f95ade105b35a0d6594d61cb33341465f,uniform_inhibition,2,97,10,9.62290670693608
3ff2d9364a079d3ec8b3c687a48f8a9f95ade105b35a0d6594d61cb33341465f,uniform_inhibition,2,97,11,9.563026091827176
3ff2d9364a079d3ec8b3c687a48f8a9f95ade105b35a0d6594d61cb33341465f,uniform_inhibition,2,97,12,9.520765221804668
3ff2d9364a079d3ec8b3c687a48f8a9f95ade105b35a0d6594d61cb33341465f,uniform_inhibition,2,97,13,9.491382669870863
3ff2d9364a079d3ec8b3c687a48f8a9f95ade105b35a0d6594d61cb33341465f,uniform_inhibition,2,97,14,9.47139015280671
3ff2d9364a079d3ec8b3c687a48f8a9f95ade105b35a0d6594d61cb33341465f,uniform_inhibition,2,97,15,9.458223187686935
3ff2d9364a079d3ec8b3c687a48f8a9f95ade105b35a0d6594d61cb33341465f,uniform_inhibition,3,11,1,13.435234143844193
3ff2d9364a079d3ec8b3c687a48f8a9f95ade105b35a0d6594d61cb33341465f,uniform_inhibition,3,11,2,12.253719334451556
3ff2d9364a079d3ec8b3c687a48f8a9f95ade105b35a0d6594d61cb33341465f,uniform_inhibition,3,11,3,11.463319201228913
3ff2d9364a079d3ec8b3c687a48f8a9f95ade105b35a0d6594d61cb33341465f,uniform_inhibition,3,11,4,10.893477595534515
3ff2d9364a079d3ec8b3c687a48f8a9f95ade105b35a0d6594d61cb33341465f,uniform_inhibition,3,11,5,10.47696171409922
3ff2d9364a079d3ec8b3c687a48f8a9f95ade105b35a0d6594d61cb33341465f,uniform_inhibition,3,11,6,10.172372403297985
3ff2d9364a079d3ec8b3c687a48f8a9f95ade105b35a0d6594d61cb33341465f,uniform_inhibition,3,11,7,9.950183116633696
3ff2d9364a079d3ec8b3c687a48f8a9f95ade105b35a0d6594d61cb33341465f,uniform_inhibition,3,11,8,9.78867829215981
3ff2d9364a079d3ec8b3c687a48f8a9f95ade105b35a0d6594d61cb33341465f,uniform_inhibition,3,11,9,9.671816422984213
3ff2d9364a079d3ec8b3c687a48f8a9f95ade105b35a0d6594d61cb33341465f,uniform_inhibition,3,11,10,9.587752471879973
3ff2d9364a079d3ec8b3c687a48f8a9f95ade105b35a0d6594d61cb33341465f,uniform_inhibition,3,11,11,9.527749302447864
3ff2d9364a079d3ec8b3c687a48f8a9f95ade105b35a0d6594d61cb33341465f,uniform_inhibition,3,11,12,9.48536850961173
3ff2d9364a079d3ec8b3c687a48f8a9f95ade105b35a0d6594d61cb33341465f,uniform_inhibition,3,11,13,9.455869624106208
3ff2d9364a079d3ec8b3c687a48f8a9f95ade105b35a0d6594d61cb33341465f,uniform_inhibition,3,11,14,9.435764985199983
3ff2d9364a079d3ec8b3c687a48f8a9f95ade105b35a0d6594d61cb33341465f,uniform_inhibition,3,11,15,9.42249055324317
3ff2d9364a079d3ec8b3c687a48f8a9f95ade105b35a0d6594d61cb33341465f,uniform_inhibition,3,23,1,13.317221002035593
3ff2d9364a079d3ec8b3c687a48f8a9f95ade105b35a0d6594d61cb33341465f,uniform_inhibition,3,23,2,12.172925986515661
3ff2d9364a079d3ec8b3c687a48f8a9f95ade105b35a0d6594d61cb33341465f,uniform_inhibition,3,23,3,11.407399373246381
3ff2d9364a079d3ec8b3c687a48f8a9f95ade105b35a0d6594d61cb33341465f,uniform_inhibition,3,23,4,10.855459359725245
3ff2d9364a079d3ec8b3c687a48f8a9f95ade105b35a0d6594d61cb33341465f,uniform_inhibition,3,23,5,10.451981738472526
3ff2d9364a079d3ec8b3c687a48f8a9f95ade105b35a0d6594d61cb33341465f,uniform_inhibition,3,23,6,10.156869699511363
3ff2d9364a079d3ec8b3c687a48f8a9f95ade105b35a0d6594d61cb33341465f,uniform_inhibition,3,23,7,9.941530546929584
3ff2d9364a079d3ec8b3c687a48f8a9f95ade105b35a0d6594d61cb33341465f,uniform_inhibition,3,23,8,9.784938827143115
3ff2d9364a079d3ec8b3c687a48f8a9f95ade105b35a0d6594d61cb33341465f,uniform_inhibition,3,23,9,9.671564818005818
3ff2d9364a079d3ec8b3c687a48f8a9f95ade105b35a0d6594d61cb33341465f,uniform_inhibition,3,23,10,9.589942577621743
3ff2d9364a079d3ec8b3c687a48f8a9f95ade105b35a0d6594d61cb33341465f,uniform_inhibition,3,23,11,9.531615310886439
3ff2d9364a079d3ec8b3c687a48f8a9f95ade105b35a0d6594d61cb33341465f,uniform_inhibition,3,23,12,9.490351614239966
3ff2d9364a079d3ec8b3c687a48f8a9f95ade105b35a0d6594d61cb33341465f,uniform_inhibition,3,23,13,9.461563662374536
3ff2d9364a079d3ec8b3c687a48f8a9f95ade105b35a0d6594d61cb33341465f,uniform_inhibition,3,23,14,9.441876212482596
3ff2d9364a079d3ec8b3c687a48f8a9f95ade105b35a0d6594d61cb33341465f,uniform_inhibition,3,23,15,9.428807910103474
3ff2d9364a079d3ec8b3c687a48f8a9f95ade105b35a0d6594d61cb33341465f,uniform_inhibition,3,37,1,13.434321394151292
3ff2d9364a079d3ec8b3c687a48f8a9f95ade105b35a0d6594d61cb33341465f,uniform_inhibition,3,37,2,12.25294106402156
3ff2d9364a079d3ec8b3c687a48f8a9f95ade105b35a0d6594d61cb33341465f,uniform_inhibition,3,37,3,11.462634855561328
3ff2d9364a079d3ec8b3c687a48f8a9f95ade105b35a0d6594d61cb33341465f,uniform_inhibition,3,37,4,10.892864408740765
3ff2d9364a079d3ec8b3c687a48f8a9f95ade105b35a0d6594d61cb33341465f,uniform_inhibition,3,37,5,10.476404592250217
3ff2d9364a079d3ec8b3c687a48f8a9f95ade105b35a0d6594d61cb33341465f,uniform_inhibition,3,37,6,10.17186081068703
3ff2d9364a079d3ec8b3c687a48f8a9f95ade105b35a0d6594d61cb33341465f,uniform_inhibition,3,37,7,9.949709516269435
3ff2d9364a079d3ec8b3c687a48f8a9f95ade105b35a0d6594d61cb33341465f,uniform_inhibition,3,37,8,9.788237182088322
3ff2d9364a079d3ec8b3c687a48f8a9f95ade105b35a0d6594d61cb33341465f,uniform_inhibition,3,37,9,9.671403702057033
3ff2d9364a079d3ec8b3c687a48f8a9f95ade105b35a0d6594d61cb33341465f,uniform_inhibition,3,37,10,9.587365012797877
3ff2d9364a079d3ec8b3c687a48f8a9f95ade105b35a0d6594d61cb33341465f,uniform_inhibition,3,37,11,9.527384661201845
3ff2d9364a079d3ec8b3c687a48f8a9f95ade105b35a0d6594d61cb33341465f,uniform_inhibition,3,37,12,9.485024726327168
3ff2d9364a079d3ec8b3c687a48f8a9f95ade105b35a0d6594d61cb33341465f,uniform_inhibition,3,37,13,9.455545085778075
3ff2d9364a079d3ec8b3c687a48f8a9f95ade105b35a0d6594d61cb33341465f,uniform_inhibition,3,37,14,9.435458330661913
3ff2d9364a079d3ec8b3c687a48f8a9f95ade105b35a0d6594d61cb33341465f,uniform_inhibition,3,37,15,9.422200607101827
3ff2d9364a079d3ec8b3c687a48f8a9f95ade105b35a0d6594d61cb33341465f,uniform_inhibition,3,41,1,13.054087801316978
3ff2d9364a079d3ec8b3c687a48f8a9f95ade105b35a0d6594d61cb33341465f,uniform_inhibition,3,41,2,11.98885529930124
3ff2d9364a079d3ec8b3c687a48f8a9f95ade105b35a0d6594d61cb33341465f,uniform_inhibition,3,41,3,11.276295169724804
3ff2d9364a079d3ec8b3c687a48f8a9f95ade105b35a0d6594d61cb33341465f,uniform_inhibition,3,41,4,10.762555273087377
3ff2d9364a079d3ec8b3c687a48f8a9f95ade105b35a0d6594d61cb33341465f,uniform_inhibition,3,41,5,10.386996163829444
3ff2d9364a079d3ec8b3c687a48f8a9f95ade105b35a0d6594d61cb33341465f,uniform_inhibition,3,41,6,10.112290775376998
3ff2d9364a079d3ec8b3c687a48f8a9f95ade105b35a0d6594d61cb33341465f,uniform_inhibition,3,41,7,9.911825152063441
3ff2d9364a079d3ec8b3c687a48f8a9f95ade105b35a0d6594d61cb33341465f,uniform_inhibition,3,41,8,9.766030687076949
3ff2d9364a079d3ec8b3c687a48f8a9f95ade105b35a0d6594d61cb33341465f,uniform_inhibition,3,41,9,9.660454691872166
3ff2d9364a079d3ec8b3c687a48f8a9f95ade105b35a0d6594d61cb33341465f,uniform_inhibition,3,41,10,9.5844269874218
3ff2d9364a079d3ec8b3c687a48f8a9f95ade105b35a0d6594d61cb33341465f,uniform_inhibition,3,41,11,9.530078031187347
3ff2d9364a079d3ec8b3c687a48f8a9f95ade105b35a0d6594d61cb33341465f,uniform_inhibition,3,41,12,9.491609330313164
3ff2d9364a079d3ec8b3c687a48f8a9f95ade105b35a0d6594d61cb33341465f,uniform_inhibition,3,41,13,9.464751895376226
3ff2d9364a079d3ec8b3c687a48f8a9f95ade105b35a0d6594d61cb33341465f,uniform_inhibition,3,41,14,9.446365105324277
3ff2d9364a079d3ec8b3c687a48f8a9f95ade105b35a0d6594d61cb33341465f,uniform_inhibition,3,41,15,9.434140113432653
3ff2d9364a079d3ec8b3c687a48f8a9f95ade105b35a0d6594d61cb33341465f,uniform_inhibition,3,53,1,13.456246143373667
3ff2d9364a079d3ec8b3c687a48f8a9f95ade105b35a0d6594d61cb33341465f,uniform_inhibition,3,53,2,12.27214568266516
3ff2d9364a079d3ec8b3c687a48f8a9f95ade105b35a0d6594d61cb33341465f,uniform_inhibition,3,53,3,11.48000545228612
3ff2d9364a079d3ec8b3c687a48f8a9f95ade105b35a0d6594d61cb33341465f,uniform_inhibition,3,53,4,10.908834719526661
3ff2d9364a079d3ec8b3c687a48f8a9f95ade105b35a0d6594d61cb33341465f,uniform_inhibition,3,53,5,10.491240566119448
3ff2d9364a079d3ec8b3c687a48f8a9f95ade105b35a0d6594d61cb33341465f,uniform_inhibition,3,53,6,10.185739185647508
3ff2d9364a079d3ec8b3c687a48f8a9f95ade105b35a0d6594d61cb33341465f,uniform_inhibition,3,53,7,9.962752952008154
3ff2d9364a079d3ec8b3c687a48f8a9f95ade105b35a0d6594d61cb33341465f,uniform_inhibition,3,53,8,9.800534126540025
3ff2d9364a079d3ec8b3c687a48f8a9f95ade105b35a0d6594d61cb33341465f,uniform_inhibition,3,53,9,9.683020543965748
3ff2d9364a079d3ec8b3c687a48f8a9f95ade105b35a0d6594d61cb33341465f,uniform_inhibition,3,53,10,9.598353718042247
3ff2d9364a079d3ec8b3c687a48f8a9f95ade105b35a0d6594d61cb33341465f,uniform_inhibition,3,53,11,9.537787628235401
3ff2d9364a079d3ec8b3c687a48f8a9f95ade105b35a0d6594d61cb33341465f,uniform_inhibition,3,53,12,9.494877892793683
3ff2d9364a079d3ec8b3c687a48f8a9f95ade105b35a0d6594d61cb33341465f,uniform_inhibition,3,53,13,9.464879923067816
3ff2d9364a079d3ec8b3c687a48f8a9f95ade105b35a0d6594d61cb33341465f,uniform_inhibition,3,53,14,9.444303126681364
3ff2d9364a079d3ec8b3c687a48f8a9f95ade105b35a0d6594d61cb33341465f,uniform_inhibition,3,53,15,9.430581292143952
3ff2d9364a079d3ec8b3c687a48f8a9f95ade105b35a0d6594d61cb33341465f,uniform_inhibition,3,67,1,13.444587096966488
3ff2d9364a079d3ec8b3c687a48f8a9f95ade105b35a0d6594d61cb33341465f,uniform_inhibition,3,67,2,12.262082368491264
3ff2d9364a079d3ec8b3c687a48f8a9f95ade105b35a0d6594d61cb33341465f,uniform_inhibition,3,67,3,11.47104173736783
3ff2d9364a079d3ec8b3c687a48f8a9f95ade105b35a0d6594d61cb33341465f,uniform_inhibition,3,67,4,10.900706741024678
3ff2d9364a079d3ec8b3c687a48f8a9f95ade105b35a0d6594d61cb33341465f,uniform_inhibition,3,67,5,10.483778352783101
3ff2d9364a079d3ec8b3c687a48f8a9f95ade105b35a0d6594d61cb33341465f,uniform_inhibition,3,67,6,10.178826147157325
3ff2d9364a079d3ec8b3c687a48f8a9f95ade105b35a0d6594d61cb33341465f,uniform_inhibition,3,67,7,9.956306554956132
3ff2d9364a079d3ec8b3c687a48f8a9f95ade105b35a0d6594d61cb33341465f,uniform_inhibition,3,67,8,9.794494380084165
3ff2d9364a079d3ec8b3c687a48f8a9f95ade105b35a0d6594d61cb33341465f,uniform_inhibition,3,67,9,9.677342630632607
3ff2d9364a079d3ec8b3c687a48f8a9f95ade105b35a0d6594d61cb33341465f,uniform_inhibition,3,67,10,9.593003157759105
3ff2d9364a079d3ec8b3c687a48f8a9f95ade105b35a0d6594d61cb33341465f,uniform_inhibition,3,67,11,9.532737065585621
3ff2d9364a079d3ec8b3c687a48f8a9f95ade105b35a0d6594d61cb33341465f,uniform_inhibition,3,67,12,9.490104945807868
3ff2d9364a079d3ec8b3c687a48f8a9f95ade105b35a0d6594d61cb33341465f,uniform_inhibition,3,67,13,9.460365734401142
3ff2d9364a079d3ec8b3c687a48f8a9f95ade105b35a0d6594d61cb33341465f,uniform_inhibition,3,67,14,9.440031383255645
3ff2d9364a079d3ec8b3c687a48f8a9f95ade105b35a0d6594d61cb33341465f,uniform_inhibition,3,67,15,9.42653755890858
3ff2d9364a079d3ec8b3c687a48f8a9f95ade105b35a0d6594d61cb33341465f,uniform_inhibition,3,79,1,13.307578444499123
3ff2d9364a079d3ec8b3c687a48f8a9f95ade105b35a0d6594d61cb33341465f,uniform_inhibition,3,79,2,12.164438996212628
3ff2d9364a079d3ec8b3c687a48f8a9f95ade105b35a0d6594d61cb33341465f,uniform_inhibition,3,79,3,11.399722498996056
3ff2d9364a079d3ec8b3c687a48f8a9f95ade105b35a0d6594d61cb33341465f,uniform_inhibition,3,79,4,10.848412279793603
3ff2d9364a079d3ec8b3c687a48f8a9f95ade105b35a0d6594d61cb33341465f,uniform_inhibition,3,79,5,10.445448689264243
3ff2d9364a079d3ec8b3c687a48f8a9f95ade105b35a0d6594d61cb33341465f,uniform_inhibition,3,79,6,10.15077100971543
3ff2d9364a079d3ec8b3c687a48f8a9f95ade105b35a0d6594d61cb33341465f,uniform_inhibition,3,79,7,9.935809396811797
3ff2d9364a079d3ec8b3c687a48f8a9f95ade105b35a0d6594d61cb33341465f,uniform_inhibition,3,79,8,9.779553433411248
3ff2d9364a079d3ec8b3c687a48f8a9f95ade105b35a0d6594d61cb33341465f,uniform_inhibition,3,79,9,9.666483462210204
3ff2d9364a079d3ec8b3c687a48f8a9f95ade105b35a0d6594d61cb33341465f,uniform_inhibition,3,79,10,9.585140362609003
3ff2d9364a079d3ec8b3c687a48f8a9f95ade105b35a0d6594d61cb33341465f,uniform_inhibition,3,79,11,9.527072020344528
3ff2d9364a079d3ec8b3c687a48f8a9f95ade105b35a0d6594d61cb33341465f,uniform_inhibition,3,79,12,9.486050290616783
3ff2d9364a079d3ec8b3c687a48f8a9f95ade105b35a0d6594d61cb33341465f,uniform_inhibition,3,79,13,9.457489657704418
3ff2d9364a079d3ec8b3c687a48f8a9f95ade105b35a0d6594d61cb33341465f,uniform_inhibition,3,79,14,9.438016552692163
3ff2d9364a079d3ec8b3c687a48f8a9f95ade105b35a0d6594d61cb33341465f,uniform_inhibition,3,79,15,9.42515086794478
3ff2d9364a079d3ec8b3c687a48f8a9f95ade105b35a0d6594d61cb33341465f,uniform_inhibition,3,97,1,13.434909253007577
3ff2d9364a079d3ec8b3c687a48f8a9f95ade105b35a0d6594d61cb33341465f,uniform_inhibition,3,97,2,12.25331066228206
3ff2d9364a079d3ec8b3c687a48f8a9f95ade105b35a0d6594d61cb33341465f,uniform_inhibition,3,97,3,11.462834496729576
3ff2d9364a079d3ec8b3c687a48f8a9f95ade105b35a0d6594d61cb33341465f,uniform_inhibition,3,97,4,10.892938098916197
3ff2d9364a079d3ec8b3c687a48f8a9f95ade105b35a0d6594d61cb33341465f,uniform_inhibition,3,97,5,10.476387178441586
3ff2d9364a079d3ec8b3c687a48f8a9f95ade105b35a0d6594d61cb33341465f,uniform_inhibition,3,97,6,10.171778938812313
3ff2d9364a079d3ec8b3c687a48f8a9f95ade105b35a0d6594d61cb33341465f,uniform_inhibition,3,97,7,9.949583236376183
3ff2d9364a079d3ec8b3c687a48f8a9f95ade105b35a0d6594d61cb33341465f,uniform_inhibition,3,97,8,9.78808141826102
3ff2d9364a079d3ec8b3c687a48f8a9f95ade105b35a0d6594d61cb33341465f,uniform_inhibition,3,97,9,9.671229461316454
3ff2d9364a079d3ec8b3c687a48f8a9f95ade105b35a0d6594d61cb33341465f,uniform_inhibition,3,97,10,9.58718034012789
3ff2d9364a079d3ec8b3c687a48f8a9f95ade105b35a0d6594d61cb33341465f,uniform_inhibition,3,97,11,9.527195378302022
3ff2d9364a079d3ec8b3c687a48f8a9f95ade105b35a0d6594d61cb33341465f,uniform_inhibition,3,97,12,9.484834995685244
3ff2d9364a079d3ec8b3c687a48f8a9f95ade105b35a0d6594d61cb33341465f,uniform_inhibition,3,97,13,9.455357837765783
3ff2d9364a079d3ec8b3c687a48f8a9f95ade105b35a0d6594d61cb33341465f,uniform_inhibition,3,97,14,9.435275584908275
3ff2d9364a079d3ec8b3c687a48f8a9f95ade105b35a0d6594d61cb33341465f,uniform_inhibition,3,97,15,9.422023713245379
